2025-07-31 20:36:00,542 - INFO - Logging initialized. Log file: logs/navigation_detailed_20250731_203600.log
2025-07-31 20:36:00,548 - INFO - BFS Algorithm Starting: (0, 0) -> (11, 11)
2025-07-31 20:36:00,548 - INFO - === Phase 1: BFS Exploration ===
2025-07-31 20:36:00,548 - DEBUG - 
=== STEP 0 DATA STRUCTURES ===
Current Cell: (0, 0)
explored_cells: [(0, 0)]
accessible_from:
parent_path: {}
exploration_queue: [(0, 0)]

2025-07-31 20:36:00,548 - DEBUG - 
=== VISUAL BOARD - STEP 0 - BFS-EXPLORATION ===
   0  1  2  3  4  5  6  7  8  9 10 11
11 .  .  .  .  .  .  .  .  .  .  .  .   11
10 .  .  .  .  .  .  .  .  .  .  .  .   10
 9 .  .  .  .  .  .  .  .  .  .  .  .    9
 8 .  .  .  .  .  .  .  .  .  .  .  .    8
 7 .  .  .  .  .  .  .  .  .  .  .  .    7
 6 .  .  .  .  .  .  .  .  .  .  .  .    6
 5 .  .  .  .  .  .  .  .  .  .  .  .    5
 4 .  .  .  .  .  .  .  .  .  .  .  .    4
 3 .  .  .  .  .  .  .  .  .  .  .  .    3
 2 .  .  .  .  .  .  .  .  .  .  .  .    2
 1 .  .  .  .  .  .  .  .  .  .  .  .    1
 0 R  .  .  .  .  .  .  .  .  .  .  .    0
   0  1  2  3  4  5  6  7  8  9 10 11
Legend: R=Robot, V=Visited, P=Path, .=Unvisited

2025-07-31 20:36:00,548 - INFO - BFS Exploration Step 1: Exploring (0, 0)
2025-07-31 20:36:00,548 - DEBUG - Sensor readings: {'front': 1315.0000000088712, 'right': 2000.0, 'back': 340.0000000022936, 'left': 340.0000000011969}
2025-07-31 20:36:00,548 - DEBUG - Added neighbor right: (1, 0)
2025-07-31 20:36:00,548 - DEBUG - Added neighbor up: (0, 1)
2025-07-31 20:36:00,548 - DEBUG - Added 2 new neighbors. Queue size: 2
2025-07-31 20:36:00,548 - DEBUG - 
=== STEP 1 DATA STRUCTURES ===
Current Cell: (0, 0)
explored_cells: [(0, 0), (0, 1), (1, 0)]
accessible_from:
  (0, 0) -> [(0, 1), (1, 0)]
  (0, 1) -> [(0, 0)]
  (1, 0) -> [(0, 0)]
parent_path: {}
exploration_queue: [(1, 0), (0, 1)]

2025-07-31 20:36:00,548 - DEBUG - 
=== VISUAL BOARD - STEP 1 - BFS-EXPLORATION ===
   0  1  2  3  4  5  6  7  8  9 10 11
11 .  .  .  .  .  .  .  .  .  .  .  .   11
10 .  .  .  .  .  .  .  .  .  .  .  .   10
 9 .  .  .  .  .  .  .  .  .  .  .  .    9
 8 .  .  .  .  .  .  .  .  .  .  .  .    8
 7 .  .  .  .  .  .  .  .  .  .  .  .    7
 6 .  .  .  .  .  .  .  .  .  .  .  .    6
 5 .  .  .  .  .  .  .  .  .  .  .  .    5
 4 .  .  .  .  .  .  .  .  .  .  .  .    4
 3 .  .  .  .  .  .  .  .  .  .  .  .    3
 2 .  .  .  .  .  .  .  .  .  .  .  .    2
 1 V  .  .  .  .  .  .  .  .  .  .  .    1
 0 R  V  .  .  .  .  .  .  .  .  .  .    0
   0  1  2  3  4  5  6  7  8  9 10 11
Legend: R=Robot, V=Visited, P=Path, .=Unvisited

2025-07-31 20:36:00,549 - INFO - BFS Exploration Step 2: Exploring (1, 0)
2025-07-31 20:36:00,549 - DEBUG - Moving right from (0, 0) to (1, 0)
2025-07-31 20:36:01,637 - DEBUG - Sensor readings: {'front': 1315.0000000088758, 'right': 2000.0, 'back': 340.00000000228926, 'left': 1290.262216809735}
2025-07-31 20:36:01,637 - DEBUG - Added neighbor right: (2, 0)
2025-07-31 20:36:01,637 - DEBUG - Added neighbor up: (1, 1)
2025-07-31 20:36:01,637 - DEBUG - Added 2 new neighbors. Queue size: 3
2025-07-31 20:36:01,637 - DEBUG - 
=== STEP 2 DATA STRUCTURES ===
Current Cell: (1, 0)
explored_cells: [(0, 0), (0, 1), (1, 0), (1, 1), (2, 0)]
accessible_from:
  (0, 0) -> [(0, 1), (1, 0)]
  (0, 1) -> [(0, 0)]
  (1, 0) -> [(0, 0), (1, 1), (2, 0)]
  (1, 1) -> [(1, 0)]
  (2, 0) -> [(1, 0)]
parent_path: {}
exploration_queue: [(0, 1), (2, 0), (1, 1)]

2025-07-31 20:36:01,637 - DEBUG - 
=== VISUAL BOARD - STEP 2 - BFS-EXPLORATION ===
   0  1  2  3  4  5  6  7  8  9 10 11
11 .  .  .  .  .  .  .  .  .  .  .  .   11
10 .  .  .  .  .  .  .  .  .  .  .  .   10
 9 .  .  .  .  .  .  .  .  .  .  .  .    9
 8 .  .  .  .  .  .  .  .  .  .  .  .    8
 7 .  .  .  .  .  .  .  .  .  .  .  .    7
 6 .  .  .  .  .  .  .  .  .  .  .  .    6
 5 .  .  .  .  .  .  .  .  .  .  .  .    5
 4 .  .  .  .  .  .  .  .  .  .  .  .    4
 3 .  .  .  .  .  .  .  .  .  .  .  .    3
 2 .  .  .  .  .  .  .  .  .  .  .  .    2
 1 V  V  .  .  .  .  .  .  .  .  .  .    1
 0 V  R  V  .  .  .  .  .  .  .  .  .    0
   0  1  2  3  4  5  6  7  8  9 10 11
Legend: R=Robot, V=Visited, P=Path, .=Unvisited

2025-07-31 20:36:01,637 - INFO - BFS Exploration Step 3: Exploring (0, 1)
2025-07-31 20:36:01,637 - DEBUG - Moving left from (1, 0) to (0, 0)
2025-07-31 20:36:01,726 - DEBUG - Moving up from (0, 0) to (0, 1)
2025-07-31 20:36:01,789 - DEBUG - Sensor readings: {'front': 353.775570982458, 'right': 2000.0, 'back': 1301.4585021166122, 'left': 370.9976785655422}
2025-07-31 20:36:01,789 - DEBUG - Wall detected up to (0, 2)
2025-07-31 20:36:01,789 - DEBUG - Added 0 new neighbors. Queue size: 2
2025-07-31 20:36:01,789 - DEBUG - 
=== STEP 3 DATA STRUCTURES ===
Current Cell: (0, 1)
explored_cells: [(0, 0), (0, 1), (1, 0), (1, 1), (2, 0)]
accessible_from:
  (0, 0) -> [(0, 1), (1, 0)]
  (0, 1) -> [(0, 0), (1, 1)]
  (1, 0) -> [(0, 0), (1, 1), (2, 0)]
  (1, 1) -> [(0, 1), (1, 0)]
  (2, 0) -> [(1, 0)]
parent_path: {}
exploration_queue: [(2, 0), (1, 1)]

2025-07-31 20:36:01,789 - DEBUG - 
=== VISUAL BOARD - STEP 3 - BFS-EXPLORATION ===
   0  1  2  3  4  5  6  7  8  9 10 11
11 .  .  .  .  .  .  .  .  .  .  .  .   11
10 .  .  .  .  .  .  .  .  .  .  .  .   10
 9 .  .  .  .  .  .  .  .  .  .  .  .    9
 8 .  .  .  .  .  .  .  .  .  .  .  .    8
 7 .  .  .  .  .  .  .  .  .  .  .  .    7
 6 .  .  .  .  .  .  .  .  .  .  .  .    6
 5 .  .  .  .  .  .  .  .  .  .  .  .    5
 4 .  .  .  .  .  .  .  .  .  .  .  .    4
 3 .  .  .  .  .  .  .  .  .  .  .  .    3
 2 .  .  .  .  .  .  .  .  .  .  .  .    2
 1 R  V  .  .  .  .  .  .  .  .  .  .    1
 0 V  V  V  .  .  .  .  .  .  .  .  .    0
   0  1  2  3  4  5  6  7  8  9 10 11
Legend: R=Robot, V=Visited, P=Path, .=Unvisited

2025-07-31 20:36:01,789 - INFO - BFS Exploration Step 4: Exploring (2, 0)
2025-07-31 20:36:01,789 - DEBUG - Moving right from (0, 1) to (1, 1)
2025-07-31 20:36:01,893 - DEBUG - Moving down from (1, 1) to (1, 0)
2025-07-31 20:36:01,959 - DEBUG - Moving right from (1, 0) to (2, 0)
2025-07-31 20:36:02,066 - DEBUG - Sensor readings: {'front': 292.8112625013335, 'right': 2000.0, 'back': 362.1946336193002, 'left': 2000.0}
2025-07-31 20:36:02,066 - DEBUG - Added neighbor right: (3, 0)
2025-07-31 20:36:02,066 - DEBUG - Wall detected up to (2, 1)
2025-07-31 20:36:02,066 - DEBUG - Added 1 new neighbors. Queue size: 2
2025-07-31 20:36:02,066 - DEBUG - 
=== STEP 4 DATA STRUCTURES ===
Current Cell: (2, 0)
explored_cells: [(0, 0), (0, 1), (1, 0), (1, 1), (2, 0), (3, 0)]
accessible_from:
  (0, 0) -> [(0, 1), (1, 0)]
  (0, 1) -> [(0, 0), (1, 1)]
  (1, 0) -> [(0, 0), (1, 1), (2, 0)]
  (1, 1) -> [(0, 1), (1, 0)]
  (2, 0) -> [(1, 0), (3, 0)]
  (3, 0) -> [(2, 0)]
parent_path: {}
exploration_queue: [(1, 1), (3, 0)]

2025-07-31 20:36:02,066 - DEBUG - 
=== VISUAL BOARD - STEP 4 - BFS-EXPLORATION ===
   0  1  2  3  4  5  6  7  8  9 10 11
11 .  .  .  .  .  .  .  .  .  .  .  .   11
10 .  .  .  .  .  .  .  .  .  .  .  .   10
 9 .  .  .  .  .  .  .  .  .  .  .  .    9
 8 .  .  .  .  .  .  .  .  .  .  .  .    8
 7 .  .  .  .  .  .  .  .  .  .  .  .    7
 6 .  .  .  .  .  .  .  .  .  .  .  .    6
 5 .  .  .  .  .  .  .  .  .  .  .  .    5
 4 .  .  .  .  .  .  .  .  .  .  .  .    4
 3 .  .  .  .  .  .  .  .  .  .  .  .    3
 2 .  .  .  .  .  .  .  .  .  .  .  .    2
 1 V  V  .  .  .  .  .  .  .  .  .  .    1
 0 V  V  R  V  .  .  .  .  .  .  .  .    0
   0  1  2  3  4  5  6  7  8  9 10 11
Legend: R=Robot, V=Visited, P=Path, .=Unvisited

2025-07-31 20:36:02,066 - INFO - BFS Exploration Step 5: Exploring (1, 1)
2025-07-31 20:36:02,066 - DEBUG - Moving left from (2, 0) to (1, 0)
2025-07-31 20:36:02,166 - DEBUG - Moving up from (1, 0) to (1, 1)
2025-07-31 20:36:02,235 - DEBUG - Sensor readings: {'front': 356.3050252409339, 'right': 1284.6997521703856, 'back': 1299.4895667790024, 'left': 1371.5116982502266}
2025-07-31 20:36:02,235 - DEBUG - Added neighbor right: (2, 1)
2025-07-31 20:36:02,235 - DEBUG - Wall detected up to (1, 2)
2025-07-31 20:36:02,235 - DEBUG - Added 1 new neighbors. Queue size: 2
2025-07-31 20:36:02,235 - DEBUG - 
=== STEP 5 DATA STRUCTURES ===
Current Cell: (1, 1)
explored_cells: [(0, 0), (0, 1), (1, 0), (1, 1), (2, 0), (2, 1), (3, 0)]
accessible_from:
  (0, 0) -> [(0, 1), (1, 0)]
  (0, 1) -> [(0, 0), (1, 1)]
  (1, 0) -> [(0, 0), (1, 1), (2, 0)]
  (1, 1) -> [(0, 1), (1, 0), (2, 1)]
  (2, 0) -> [(1, 0), (3, 0)]
  (2, 1) -> [(1, 1)]
  (3, 0) -> [(2, 0)]
parent_path: {}
exploration_queue: [(3, 0), (2, 1)]

2025-07-31 20:36:02,235 - DEBUG - 
=== VISUAL BOARD - STEP 5 - BFS-EXPLORATION ===
   0  1  2  3  4  5  6  7  8  9 10 11
11 .  .  .  .  .  .  .  .  .  .  .  .   11
10 .  .  .  .  .  .  .  .  .  .  .  .   10
 9 .  .  .  .  .  .  .  .  .  .  .  .    9
 8 .  .  .  .  .  .  .  .  .  .  .  .    8
 7 .  .  .  .  .  .  .  .  .  .  .  .    7
 6 .  .  .  .  .  .  .  .  .  .  .  .    6
 5 .  .  .  .  .  .  .  .  .  .  .  .    5
 4 .  .  .  .  .  .  .  .  .  .  .  .    4
 3 .  .  .  .  .  .  .  .  .  .  .  .    3
 2 .  .  .  .  .  .  .  .  .  .  .  .    2
 1 V  R  V  .  .  .  .  .  .  .  .  .    1
 0 V  V  V  V  .  .  .  .  .  .  .  .    0
   0  1  2  3  4  5  6  7  8  9 10 11
Legend: R=Robot, V=Visited, P=Path, .=Unvisited

2025-07-31 20:36:02,235 - INFO - BFS Exploration Step 6: Exploring (3, 0)
2025-07-31 20:36:02,235 - DEBUG - Moving down from (1, 1) to (1, 0)
2025-07-31 20:36:02,298 - DEBUG - Moving right from (1, 0) to (2, 0)
2025-07-31 20:36:02,398 - DEBUG - Moving right from (2, 0) to (3, 0)
2025-07-31 20:36:02,505 - DEBUG - Sensor readings: {'front': 292.79175478115235, 'right': 2000.0, 'back': 362.3337526953727, 'left': 2000.0}
2025-07-31 20:36:02,505 - DEBUG - Added neighbor right: (4, 0)
2025-07-31 20:36:02,505 - DEBUG - Wall detected up to (3, 1)
2025-07-31 20:36:02,505 - DEBUG - Added 1 new neighbors. Queue size: 2
2025-07-31 20:36:02,505 - DEBUG - 
=== STEP 6 DATA STRUCTURES ===
Current Cell: (3, 0)
explored_cells: [(0, 0), (0, 1), (1, 0), (1, 1), (2, 0), (2, 1), (3, 0), (4, 0)]
accessible_from:
  (0, 0) -> [(0, 1), (1, 0)]
  (0, 1) -> [(0, 0), (1, 1)]
  (1, 0) -> [(0, 0), (1, 1), (2, 0)]
  (1, 1) -> [(0, 1), (1, 0), (2, 1)]
  (2, 0) -> [(1, 0), (3, 0)]
  (2, 1) -> [(1, 1)]
  (3, 0) -> [(2, 0), (4, 0)]
  (4, 0) -> [(3, 0)]
parent_path: {}
exploration_queue: [(2, 1), (4, 0)]

2025-07-31 20:36:02,505 - DEBUG - 
=== VISUAL BOARD - STEP 6 - BFS-EXPLORATION ===
   0  1  2  3  4  5  6  7  8  9 10 11
11 .  .  .  .  .  .  .  .  .  .  .  .   11
10 .  .  .  .  .  .  .  .  .  .  .  .   10
 9 .  .  .  .  .  .  .  .  .  .  .  .    9
 8 .  .  .  .  .  .  .  .  .  .  .  .    8
 7 .  .  .  .  .  .  .  .  .  .  .  .    7
 6 .  .  .  .  .  .  .  .  .  .  .  .    6
 5 .  .  .  .  .  .  .  .  .  .  .  .    5
 4 .  .  .  .  .  .  .  .  .  .  .  .    4
 3 .  .  .  .  .  .  .  .  .  .  .  .    3
 2 .  .  .  .  .  .  .  .  .  .  .  .    2
 1 V  V  V  .  .  .  .  .  .  .  .  .    1
 0 V  V  V  R  V  .  .  .  .  .  .  .    0
   0  1  2  3  4  5  6  7  8  9 10 11
Legend: R=Robot, V=Visited, P=Path, .=Unvisited

2025-07-31 20:36:02,505 - INFO - BFS Exploration Step 7: Exploring (2, 1)
2025-07-31 20:36:02,506 - DEBUG - Moving left from (3, 0) to (2, 0)
2025-07-31 20:36:02,598 - DEBUG - Moving left from (2, 0) to (1, 0)
2025-07-31 20:36:02,696 - DEBUG - Moving up from (1, 0) to (1, 1)
2025-07-31 20:36:02,761 - DEBUG - Moving right from (1, 1) to (2, 1)
2025-07-31 20:36:02,861 - DEBUG - Sensor readings: {'front': 1337.6991011577632, 'right': 359.73039363878803, 'back': 292.75001580941813, 'left': 2000.0}
2025-07-31 20:36:02,861 - DEBUG - Wall detected right to (3, 1)
2025-07-31 20:36:02,861 - DEBUG - Added neighbor up: (2, 2)
2025-07-31 20:36:02,861 - DEBUG - Wall detected down to (2, 0)
2025-07-31 20:36:02,861 - DEBUG - Added 1 new neighbors. Queue size: 2
2025-07-31 20:36:02,861 - DEBUG - 
=== STEP 7 DATA STRUCTURES ===
Current Cell: (2, 1)
explored_cells: [(0, 0), (0, 1), (1, 0), (1, 1), (2, 0), (2, 1), (2, 2), (3, 0), (4, 0)]
accessible_from:
  (0, 0) -> [(0, 1), (1, 0)]
  (0, 1) -> [(0, 0), (1, 1)]
  (1, 0) -> [(0, 0), (1, 1), (2, 0)]
  (1, 1) -> [(0, 1), (1, 0), (2, 1)]
  (2, 0) -> [(1, 0), (3, 0)]
  (2, 1) -> [(1, 1), (2, 2)]
  (2, 2) -> [(2, 1)]
  (3, 0) -> [(2, 0), (4, 0)]
  (4, 0) -> [(3, 0)]
parent_path: {}
exploration_queue: [(4, 0), (2, 2)]

2025-07-31 20:36:02,862 - DEBUG - 
=== VISUAL BOARD - STEP 7 - BFS-EXPLORATION ===
   0  1  2  3  4  5  6  7  8  9 10 11
11 .  .  .  .  .  .  .  .  .  .  .  .   11
10 .  .  .  .  .  .  .  .  .  .  .  .   10
 9 .  .  .  .  .  .  .  .  .  .  .  .    9
 8 .  .  .  .  .  .  .  .  .  .  .  .    8
 7 .  .  .  .  .  .  .  .  .  .  .  .    7
 6 .  .  .  .  .  .  .  .  .  .  .  .    6
 5 .  .  .  .  .  .  .  .  .  .  .  .    5
 4 .  .  .  .  .  .  .  .  .  .  .  .    4
 3 .  .  .  .  .  .  .  .  .  .  .  .    3
 2 .  .  V  .  .  .  .  .  .  .  .  .    2
 1 V  V  R  .  .  .  .  .  .  .  .  .    1
 0 V  V  V  V  V  .  .  .  .  .  .  .    0
   0  1  2  3  4  5  6  7  8  9 10 11
Legend: R=Robot, V=Visited, P=Path, .=Unvisited

2025-07-31 20:36:02,862 - INFO - BFS Exploration Step 8: Exploring (4, 0)
2025-07-31 20:36:02,862 - DEBUG - Moving left from (2, 1) to (1, 1)
2025-07-31 20:36:02,954 - DEBUG - Moving down from (1, 1) to (1, 0)
2025-07-31 20:36:03,023 - DEBUG - Moving right from (1, 0) to (2, 0)
2025-07-31 20:36:03,122 - DEBUG - Moving right from (2, 0) to (3, 0)
2025-07-31 20:36:03,222 - DEBUG - Moving right from (3, 0) to (4, 0)
2025-07-31 20:36:03,321 - DEBUG - Sensor readings: {'front': 307.6817385591519, 'right': 2000.0, 'back': 348.0688704327099, 'left': 2000.0}
2025-07-31 20:36:03,321 - DEBUG - Added neighbor right: (5, 0)
2025-07-31 20:36:03,321 - DEBUG - Wall detected up to (4, 1)
2025-07-31 20:36:03,321 - DEBUG - Added 1 new neighbors. Queue size: 2
2025-07-31 20:36:03,321 - DEBUG - 
=== STEP 8 DATA STRUCTURES ===
Current Cell: (4, 0)
explored_cells: [(0, 0), (0, 1), (1, 0), (1, 1), (2, 0), (2, 1), (2, 2), (3, 0), (4, 0), (5, 0)]
accessible_from:
  (0, 0) -> [(0, 1), (1, 0)]
  (0, 1) -> [(0, 0), (1, 1)]
  (1, 0) -> [(0, 0), (1, 1), (2, 0)]
  (1, 1) -> [(0, 1), (1, 0), (2, 1)]
  (2, 0) -> [(1, 0), (3, 0)]
  (2, 1) -> [(1, 1), (2, 2)]
  (2, 2) -> [(2, 1)]
  (3, 0) -> [(2, 0), (4, 0)]
  (4, 0) -> [(3, 0), (5, 0)]
  (5, 0) -> [(4, 0)]
parent_path: {}
exploration_queue: [(2, 2), (5, 0)]

2025-07-31 20:36:03,321 - DEBUG - 
=== VISUAL BOARD - STEP 8 - BFS-EXPLORATION ===
   0  1  2  3  4  5  6  7  8  9 10 11
11 .  .  .  .  .  .  .  .  .  .  .  .   11
10 .  .  .  .  .  .  .  .  .  .  .  .   10
 9 .  .  .  .  .  .  .  .  .  .  .  .    9
 8 .  .  .  .  .  .  .  .  .  .  .  .    8
 7 .  .  .  .  .  .  .  .  .  .  .  .    7
 6 .  .  .  .  .  .  .  .  .  .  .  .    6
 5 .  .  .  .  .  .  .  .  .  .  .  .    5
 4 .  .  .  .  .  .  .  .  .  .  .  .    4
 3 .  .  .  .  .  .  .  .  .  .  .  .    3
 2 .  .  V  .  .  .  .  .  .  .  .  .    2
 1 V  V  V  .  .  .  .  .  .  .  .  .    1
 0 V  V  V  V  R  V  .  .  .  .  .  .    0
   0  1  2  3  4  5  6  7  8  9 10 11
Legend: R=Robot, V=Visited, P=Path, .=Unvisited

2025-07-31 20:36:03,321 - INFO - BFS Exploration Step 9: Exploring (2, 2)
2025-07-31 20:36:03,321 - DEBUG - Moving left from (4, 0) to (3, 0)
2025-07-31 20:36:03,423 - DEBUG - Moving left from (3, 0) to (2, 0)
2025-07-31 20:36:03,521 - DEBUG - Moving left from (2, 0) to (1, 0)
2025-07-31 20:36:03,623 - DEBUG - Moving up from (1, 0) to (1, 1)
2025-07-31 20:36:03,682 - DEBUG - Moving right from (1, 1) to (2, 1)
2025-07-31 20:36:03,799 - DEBUG - Moving up from (2, 1) to (2, 2)
2025-07-31 20:36:03,862 - DEBUG - Sensor readings: {'front': 363.46813899084884, 'right': 2000.0, 'back': 1267.770548796011, 'left': 1297.7983032646862}
2025-07-31 20:36:03,863 - DEBUG - Added neighbor right: (3, 2)
2025-07-31 20:36:03,863 - DEBUG - Wall detected up to (2, 3)
2025-07-31 20:36:03,863 - DEBUG - Added neighbor left: (1, 2)
2025-07-31 20:36:03,863 - DEBUG - Added 2 new neighbors. Queue size: 3
2025-07-31 20:36:03,863 - DEBUG - 
=== STEP 9 DATA STRUCTURES ===
Current Cell: (2, 2)
explored_cells: [(0, 0), (0, 1), (1, 0), (1, 1), (1, 2), (2, 0), (2, 1), (2, 2), (3, 0), (3, 2), (4, 0), (5, 0)]
accessible_from:
  (0, 0) -> [(0, 1), (1, 0)]
  (0, 1) -> [(0, 0), (1, 1)]
  (1, 0) -> [(0, 0), (1, 1), (2, 0)]
  (1, 1) -> [(0, 1), (1, 0), (2, 1)]
  (1, 2) -> [(2, 2)]
  (2, 0) -> [(1, 0), (3, 0)]
  (2, 1) -> [(1, 1), (2, 2)]
  (2, 2) -> [(1, 2), (2, 1), (3, 2)]
  (3, 0) -> [(2, 0), (4, 0)]
  (3, 2) -> [(2, 2)]
  (4, 0) -> [(3, 0), (5, 0)]
  (5, 0) -> [(4, 0)]
parent_path: {}
exploration_queue: [(5, 0), (3, 2), (1, 2)]

2025-07-31 20:36:03,863 - DEBUG - 
=== VISUAL BOARD - STEP 9 - BFS-EXPLORATION ===
   0  1  2  3  4  5  6  7  8  9 10 11
11 .  .  .  .  .  .  .  .  .  .  .  .   11
10 .  .  .  .  .  .  .  .  .  .  .  .   10
 9 .  .  .  .  .  .  .  .  .  .  .  .    9
 8 .  .  .  .  .  .  .  .  .  .  .  .    8
 7 .  .  .  .  .  .  .  .  .  .  .  .    7
 6 .  .  .  .  .  .  .  .  .  .  .  .    6
 5 .  .  .  .  .  .  .  .  .  .  .  .    5
 4 .  .  .  .  .  .  .  .  .  .  .  .    4
 3 .  .  .  .  .  .  .  .  .  .  .  .    3
 2 .  V  R  V  .  .  .  .  .  .  .  .    2
 1 V  V  V  .  .  .  .  .  .  .  .  .    1
 0 V  V  V  V  V  V  .  .  .  .  .  .    0
   0  1  2  3  4  5  6  7  8  9 10 11
Legend: R=Robot, V=Visited, P=Path, .=Unvisited

2025-07-31 20:36:03,863 - INFO - BFS Exploration Step 10: Exploring (5, 0)
2025-07-31 20:36:03,863 - DEBUG - Moving down from (2, 2) to (2, 1)
2025-07-31 20:36:03,928 - DEBUG - Moving left from (2, 1) to (1, 1)
2025-07-31 20:36:04,033 - DEBUG - Moving down from (1, 1) to (1, 0)
2025-07-31 20:36:04,106 - DEBUG - Moving right from (1, 0) to (2, 0)
2025-07-31 20:36:04,198 - DEBUG - Moving right from (2, 0) to (3, 0)
2025-07-31 20:36:04,301 - DEBUG - Moving right from (3, 0) to (4, 0)
2025-07-31 20:36:04,401 - DEBUG - Moving right from (4, 0) to (5, 0)
2025-07-31 20:36:04,503 - DEBUG - Sensor readings: {'front': 2000.0, 'right': 2000.0, 'back': 362.3697095954161, 'left': 2000.0}
2025-07-31 20:36:04,503 - DEBUG - Added neighbor right: (6, 0)
2025-07-31 20:36:04,503 - DEBUG - Added neighbor up: (5, 1)
2025-07-31 20:36:04,503 - DEBUG - Added 2 new neighbors. Queue size: 4
2025-07-31 20:36:04,503 - DEBUG - 
=== STEP 10 DATA STRUCTURES ===
Current Cell: (5, 0)
explored_cells: [(0, 0), (0, 1), (1, 0), (1, 1), (1, 2), (2, 0), (2, 1), (2, 2), (3, 0), (3, 2), (4, 0), (5, 0), (5, 1), (6, 0)]
accessible_from:
  (0, 0) -> [(0, 1), (1, 0)]
  (0, 1) -> [(0, 0), (1, 1)]
  (1, 0) -> [(0, 0), (1, 1), (2, 0)]
  (1, 1) -> [(0, 1), (1, 0), (2, 1)]
  (1, 2) -> [(2, 2)]
  (2, 0) -> [(1, 0), (3, 0)]
  (2, 1) -> [(1, 1), (2, 2)]
  (2, 2) -> [(1, 2), (2, 1), (3, 2)]
  (3, 0) -> [(2, 0), (4, 0)]
  (3, 2) -> [(2, 2)]
  (4, 0) -> [(3, 0), (5, 0)]
  (5, 0) -> [(4, 0), (5, 1), (6, 0)]
  (5, 1) -> [(5, 0)]
  (6, 0) -> [(5, 0)]
parent_path: {}
exploration_queue: [(3, 2), (1, 2), (6, 0), (5, 1)]

2025-07-31 20:36:04,503 - DEBUG - 
=== VISUAL BOARD - STEP 10 - BFS-EXPLORATION ===
   0  1  2  3  4  5  6  7  8  9 10 11
11 .  .  .  .  .  .  .  .  .  .  .  .   11
10 .  .  .  .  .  .  .  .  .  .  .  .   10
 9 .  .  .  .  .  .  .  .  .  .  .  .    9
 8 .  .  .  .  .  .  .  .  .  .  .  .    8
 7 .  .  .  .  .  .  .  .  .  .  .  .    7
 6 .  .  .  .  .  .  .  .  .  .  .  .    6
 5 .  .  .  .  .  .  .  .  .  .  .  .    5
 4 .  .  .  .  .  .  .  .  .  .  .  .    4
 3 .  .  .  .  .  .  .  .  .  .  .  .    3
 2 .  V  V  V  .  .  .  .  .  .  .  .    2
 1 V  V  V  .  .  V  .  .  .  .  .  .    1
 0 V  V  V  V  V  R  V  .  .  .  .  .    0
   0  1  2  3  4  5  6  7  8  9 10 11
Legend: R=Robot, V=Visited, P=Path, .=Unvisited

2025-07-31 20:36:04,503 - INFO - BFS Exploration Step 11: Exploring (3, 2)
2025-07-31 20:36:04,503 - DEBUG - Moving left from (5, 0) to (4, 0)
2025-07-31 20:36:04,607 - DEBUG - Moving left from (4, 0) to (3, 0)
2025-07-31 20:36:04,701 - DEBUG - Moving left from (3, 0) to (2, 0)
2025-07-31 20:36:04,800 - DEBUG - Moving left from (2, 0) to (1, 0)
2025-07-31 20:36:04,908 - DEBUG - Moving up from (1, 0) to (1, 1)
2025-07-31 20:36:04,972 - DEBUG - Moving right from (1, 1) to (2, 1)
2025-07-31 20:36:05,071 - DEBUG - Moving up from (2, 1) to (2, 2)
2025-07-31 20:36:05,141 - DEBUG - Moving right from (2, 2) to (3, 2)
2025-07-31 20:36:05,247 - DEBUG - Sensor readings: {'front': 324.781029440969, 'right': 1364.927267055276, 'back': 1306.1958454881083, 'left': 2000.0}
2025-07-31 20:36:05,247 - DEBUG - Added neighbor right: (4, 2)
2025-07-31 20:36:05,247 - DEBUG - Wall detected up to (3, 3)
2025-07-31 20:36:05,247 - DEBUG - Added neighbor down: (3, 1)
2025-07-31 20:36:05,247 - DEBUG - Added 2 new neighbors. Queue size: 5
2025-07-31 20:36:05,247 - DEBUG - 
=== STEP 11 DATA STRUCTURES ===
Current Cell: (3, 2)
explored_cells: [(0, 0), (0, 1), (1, 0), (1, 1), (1, 2), (2, 0), (2, 1), (2, 2), (3, 0), (3, 1), (3, 2), (4, 0), (4, 2), (5, 0), (5, 1), (6, 0)]
accessible_from:
  (0, 0) -> [(0, 1), (1, 0)]
  (0, 1) -> [(0, 0), (1, 1)]
  (1, 0) -> [(0, 0), (1, 1), (2, 0)]
  (1, 1) -> [(0, 1), (1, 0), (2, 1)]
  (1, 2) -> [(2, 2)]
  (2, 0) -> [(1, 0), (3, 0)]
  (2, 1) -> [(1, 1), (2, 2)]
  (2, 2) -> [(1, 2), (2, 1), (3, 2)]
  (3, 0) -> [(2, 0), (4, 0)]
  (3, 1) -> [(3, 2)]
  (3, 2) -> [(2, 2), (3, 1), (4, 2)]
  (4, 0) -> [(3, 0), (5, 0)]
  (4, 2) -> [(3, 2)]
  (5, 0) -> [(4, 0), (5, 1), (6, 0)]
  (5, 1) -> [(5, 0)]
  (6, 0) -> [(5, 0)]
parent_path: {}
exploration_queue: [(1, 2), (6, 0), (5, 1), (4, 2), (3, 1)]

2025-07-31 20:36:05,247 - DEBUG - 
=== VISUAL BOARD - STEP 11 - BFS-EXPLORATION ===
   0  1  2  3  4  5  6  7  8  9 10 11
11 .  .  .  .  .  .  .  .  .  .  .  .   11
10 .  .  .  .  .  .  .  .  .  .  .  .   10
 9 .  .  .  .  .  .  .  .  .  .  .  .    9
 8 .  .  .  .  .  .  .  .  .  .  .  .    8
 7 .  .  .  .  .  .  .  .  .  .  .  .    7
 6 .  .  .  .  .  .  .  .  .  .  .  .    6
 5 .  .  .  .  .  .  .  .  .  .  .  .    5
 4 .  .  .  .  .  .  .  .  .  .  .  .    4
 3 .  .  .  .  .  .  .  .  .  .  .  .    3
 2 .  V  V  R  V  .  .  .  .  .  .  .    2
 1 V  V  V  V  .  V  .  .  .  .  .  .    1
 0 V  V  V  V  V  V  V  .  .  .  .  .    0
   0  1  2  3  4  5  6  7  8  9 10 11
Legend: R=Robot, V=Visited, P=Path, .=Unvisited

2025-07-31 20:36:05,248 - INFO - BFS Exploration Step 12: Exploring (1, 2)
2025-07-31 20:36:05,248 - DEBUG - Moving left from (3, 2) to (2, 2)
2025-07-31 20:36:05,349 - DEBUG - Moving left from (2, 2) to (1, 2)
2025-07-31 20:36:05,450 - DEBUG - Sensor readings: {'front': 1328.3094179533803, 'right': 2000.0, 'back': 302.3463117971108, 'left': 363.12974522446245}
2025-07-31 20:36:05,450 - DEBUG - Added neighbor up: (1, 3)
2025-07-31 20:36:05,450 - DEBUG - Wall detected left to (0, 2)
2025-07-31 20:36:05,451 - DEBUG - Wall detected down to (1, 1)
2025-07-31 20:36:05,451 - DEBUG - Added 1 new neighbors. Queue size: 5
2025-07-31 20:36:05,451 - DEBUG - 
=== STEP 12 DATA STRUCTURES ===
Current Cell: (1, 2)
explored_cells: [(0, 0), (0, 1), (1, 0), (1, 1), (1, 2), (1, 3), (2, 0), (2, 1), (2, 2), (3, 0), (3, 1), (3, 2), (4, 0), (4, 2), (5, 0), (5, 1), (6, 0)]
accessible_from:
  (0, 0) -> [(0, 1), (1, 0)]
  (0, 1) -> [(0, 0), (1, 1)]
  (1, 0) -> [(0, 0), (1, 1), (2, 0)]
  (1, 1) -> [(0, 1), (1, 0), (2, 1)]
  (1, 2) -> [(1, 3), (2, 2)]
  (1, 3) -> [(1, 2)]
  (2, 0) -> [(1, 0), (3, 0)]
  (2, 1) -> [(1, 1), (2, 2)]
  (2, 2) -> [(1, 2), (2, 1), (3, 2)]
  (3, 0) -> [(2, 0), (4, 0)]
  (3, 1) -> [(3, 2)]
  (3, 2) -> [(2, 2), (3, 1), (4, 2)]
  (4, 0) -> [(3, 0), (5, 0)]
  (4, 2) -> [(3, 2)]
  (5, 0) -> [(4, 0), (5, 1), (6, 0)]
  (5, 1) -> [(5, 0)]
  (6, 0) -> [(5, 0)]
parent_path: {}
exploration_queue: [(6, 0), (5, 1), (4, 2), (3, 1), (1, 3)]

2025-07-31 20:36:05,451 - DEBUG - 
=== VISUAL BOARD - STEP 12 - BFS-EXPLORATION ===
   0  1  2  3  4  5  6  7  8  9 10 11
11 .  .  .  .  .  .  .  .  .  .  .  .   11
10 .  .  .  .  .  .  .  .  .  .  .  .   10
 9 .  .  .  .  .  .  .  .  .  .  .  .    9
 8 .  .  .  .  .  .  .  .  .  .  .  .    8
 7 .  .  .  .  .  .  .  .  .  .  .  .    7
 6 .  .  .  .  .  .  .  .  .  .  .  .    6
 5 .  .  .  .  .  .  .  .  .  .  .  .    5
 4 .  .  .  .  .  .  .  .  .  .  .  .    4
 3 .  V  .  .  .  .  .  .  .  .  .  .    3
 2 .  R  V  V  V  .  .  .  .  .  .  .    2
 1 V  V  V  V  .  V  .  .  .  .  .  .    1
 0 V  V  V  V  V  V  V  .  .  .  .  .    0
   0  1  2  3  4  5  6  7  8  9 10 11
Legend: R=Robot, V=Visited, P=Path, .=Unvisited

2025-07-31 20:36:05,451 - INFO - BFS Exploration Step 13: Exploring (6, 0)
2025-07-31 20:36:05,451 - DEBUG - Moving right from (1, 2) to (2, 2)
2025-07-31 20:36:05,557 - DEBUG - Moving down from (2, 2) to (2, 1)
2025-07-31 20:36:05,620 - DEBUG - Moving left from (2, 1) to (1, 1)
2025-07-31 20:36:05,721 - DEBUG - Moving down from (1, 1) to (1, 0)
2025-07-31 20:36:05,792 - DEBUG - Moving right from (1, 0) to (2, 0)
2025-07-31 20:36:05,893 - DEBUG - Moving right from (2, 0) to (3, 0)
2025-07-31 20:36:05,993 - DEBUG - Moving right from (3, 0) to (4, 0)
2025-07-31 20:36:06,100 - DEBUG - Moving right from (4, 0) to (5, 0)
2025-07-31 20:36:06,196 - DEBUG - Moving right from (5, 0) to (6, 0)
2025-07-31 20:36:06,297 - DEBUG - Sensor readings: {'front': 1299.837581942755, 'right': 1940.3760808672243, 'back': 362.290067701303, 'left': 2000.0}
2025-07-31 20:36:06,297 - DEBUG - Added neighbor right: (7, 0)
2025-07-31 20:36:06,297 - DEBUG - Added neighbor up: (6, 1)
2025-07-31 20:36:06,298 - DEBUG - Added 2 new neighbors. Queue size: 6
2025-07-31 20:36:06,298 - DEBUG - 
=== STEP 13 DATA STRUCTURES ===
Current Cell: (6, 0)
explored_cells: [(0, 0), (0, 1), (1, 0), (1, 1), (1, 2), (1, 3), (2, 0), (2, 1), (2, 2), (3, 0), (3, 1), (3, 2), (4, 0), (4, 2), (5, 0), (5, 1), (6, 0), (6, 1), (7, 0)]
accessible_from:
  (0, 0) -> [(0, 1), (1, 0)]
  (0, 1) -> [(0, 0), (1, 1)]
  (1, 0) -> [(0, 0), (1, 1), (2, 0)]
  (1, 1) -> [(0, 1), (1, 0), (2, 1)]
  (1, 2) -> [(1, 3), (2, 2)]
  (1, 3) -> [(1, 2)]
  (2, 0) -> [(1, 0), (3, 0)]
  (2, 1) -> [(1, 1), (2, 2)]
  (2, 2) -> [(1, 2), (2, 1), (3, 2)]
  (3, 0) -> [(2, 0), (4, 0)]
  (3, 1) -> [(3, 2)]
  (3, 2) -> [(2, 2), (3, 1), (4, 2)]
  (4, 0) -> [(3, 0), (5, 0)]
  (4, 2) -> [(3, 2)]
  (5, 0) -> [(4, 0), (5, 1), (6, 0)]
  (5, 1) -> [(5, 0)]
  (6, 0) -> [(5, 0), (6, 1), (7, 0)]
  (6, 1) -> [(6, 0)]
  (7, 0) -> [(6, 0)]
parent_path: {}
exploration_queue: [(5, 1), (4, 2), (3, 1), (1, 3), (7, 0), (6, 1)]

2025-07-31 20:36:06,298 - DEBUG - 
=== VISUAL BOARD - STEP 13 - BFS-EXPLORATION ===
   0  1  2  3  4  5  6  7  8  9 10 11
11 .  .  .  .  .  .  .  .  .  .  .  .   11
10 .  .  .  .  .  .  .  .  .  .  .  .   10
 9 .  .  .  .  .  .  .  .  .  .  .  .    9
 8 .  .  .  .  .  .  .  .  .  .  .  .    8
 7 .  .  .  .  .  .  .  .  .  .  .  .    7
 6 .  .  .  .  .  .  .  .  .  .  .  .    6
 5 .  .  .  .  .  .  .  .  .  .  .  .    5
 4 .  .  .  .  .  .  .  .  .  .  .  .    4
 3 .  V  .  .  .  .  .  .  .  .  .  .    3
 2 .  V  V  V  V  .  .  .  .  .  .  .    2
 1 V  V  V  V  .  V  V  .  .  .  .  .    1
 0 V  V  V  V  V  V  R  V  .  .  .  .    0
   0  1  2  3  4  5  6  7  8  9 10 11
Legend: R=Robot, V=Visited, P=Path, .=Unvisited

2025-07-31 20:36:06,298 - INFO - BFS Exploration Step 14: Exploring (5, 1)
2025-07-31 20:36:06,298 - DEBUG - Moving left from (6, 0) to (5, 0)
2025-07-31 20:36:06,401 - DEBUG - Moving up from (5, 0) to (5, 1)
2025-07-31 20:36:06,465 - DEBUG - Sensor readings: {'front': 1364.548586142676, 'right': 2000.0, 'back': 1298.0967095619415, 'left': 2000.0}
2025-07-31 20:36:06,465 - DEBUG - Added neighbor up: (5, 2)
2025-07-31 20:36:06,465 - DEBUG - Added neighbor left: (4, 1)
2025-07-31 20:36:06,465 - DEBUG - Added 2 new neighbors. Queue size: 7
2025-07-31 20:36:06,465 - DEBUG - 
=== STEP 14 DATA STRUCTURES ===
Current Cell: (5, 1)
explored_cells: [(0, 0), (0, 1), (1, 0), (1, 1), (1, 2), (1, 3), (2, 0), (2, 1), (2, 2), (3, 0), (3, 1), (3, 2), (4, 0), (4, 1), (4, 2), (5, 0), (5, 1), (5, 2), (6, 0), (6, 1), (7, 0)]
accessible_from:
  (0, 0) -> [(0, 1), (1, 0)]
  (0, 1) -> [(0, 0), (1, 1)]
  (1, 0) -> [(0, 0), (1, 1), (2, 0)]
  (1, 1) -> [(0, 1), (1, 0), (2, 1)]
  (1, 2) -> [(1, 3), (2, 2)]
  (1, 3) -> [(1, 2)]
  (2, 0) -> [(1, 0), (3, 0)]
  (2, 1) -> [(1, 1), (2, 2)]
  (2, 2) -> [(1, 2), (2, 1), (3, 2)]
  (3, 0) -> [(2, 0), (4, 0)]
  (3, 1) -> [(3, 2)]
  (3, 2) -> [(2, 2), (3, 1), (4, 2)]
  (4, 0) -> [(3, 0), (5, 0)]
  (4, 1) -> [(5, 1)]
  (4, 2) -> [(3, 2)]
  (5, 0) -> [(4, 0), (5, 1), (6, 0)]
  (5, 1) -> [(4, 1), (5, 0), (5, 2), (6, 1)]
  (5, 2) -> [(5, 1)]
  (6, 0) -> [(5, 0), (6, 1), (7, 0)]
  (6, 1) -> [(5, 1), (6, 0)]
  (7, 0) -> [(6, 0)]
parent_path: {}
exploration_queue: [(4, 2), (3, 1), (1, 3), (7, 0), (6, 1), (5, 2), (4, 1)]

2025-07-31 20:36:06,465 - DEBUG - 
=== VISUAL BOARD - STEP 14 - BFS-EXPLORATION ===
   0  1  2  3  4  5  6  7  8  9 10 11
11 .  .  .  .  .  .  .  .  .  .  .  .   11
10 .  .  .  .  .  .  .  .  .  .  .  .   10
 9 .  .  .  .  .  .  .  .  .  .  .  .    9
 8 .  .  .  .  .  .  .  .  .  .  .  .    8
 7 .  .  .  .  .  .  .  .  .  .  .  .    7
 6 .  .  .  .  .  .  .  .  .  .  .  .    6
 5 .  .  .  .  .  .  .  .  .  .  .  .    5
 4 .  .  .  .  .  .  .  .  .  .  .  .    4
 3 .  V  .  .  .  .  .  .  .  .  .  .    3
 2 .  V  V  V  V  V  .  .  .  .  .  .    2
 1 V  V  V  V  V  R  V  .  .  .  .  .    1
 0 V  V  V  V  V  V  V  V  .  .  .  .    0
   0  1  2  3  4  5  6  7  8  9 10 11
Legend: R=Robot, V=Visited, P=Path, .=Unvisited

2025-07-31 20:36:06,465 - INFO - BFS Exploration Step 15: Exploring (4, 2)
2025-07-31 20:36:06,466 - DEBUG - Moving down from (5, 1) to (5, 0)
2025-07-31 20:36:06,536 - DEBUG - Moving left from (5, 0) to (4, 0)
2025-07-31 20:36:06,640 - DEBUG - Moving left from (4, 0) to (3, 0)
2025-07-31 20:36:06,743 - DEBUG - Moving left from (3, 0) to (2, 0)
2025-07-31 20:36:06,841 - DEBUG - Moving left from (2, 0) to (1, 0)
2025-07-31 20:36:06,943 - DEBUG - Moving up from (1, 0) to (1, 1)
2025-07-31 20:36:07,010 - DEBUG - Moving right from (1, 1) to (2, 1)
2025-07-31 20:36:07,108 - DEBUG - Moving up from (2, 1) to (2, 2)
2025-07-31 20:36:07,175 - DEBUG - Moving right from (2, 2) to (3, 2)
2025-07-31 20:36:07,280 - DEBUG - Moving right from (3, 2) to (4, 2)
2025-07-31 20:36:07,387 - DEBUG - Sensor readings: {'front': 293.30563483081966, 'right': 360.5979071507821, 'back': 1340.071693751148, 'left': 2000.0}
2025-07-31 20:36:07,388 - DEBUG - Wall detected right to (5, 2)
2025-07-31 20:36:07,388 - DEBUG - Wall detected up to (4, 3)
2025-07-31 20:36:07,388 - DEBUG - Added 0 new neighbors. Queue size: 6
2025-07-31 20:36:07,388 - DEBUG - 
=== STEP 15 DATA STRUCTURES ===
Current Cell: (4, 2)
explored_cells: [(0, 0), (0, 1), (1, 0), (1, 1), (1, 2), (1, 3), (2, 0), (2, 1), (2, 2), (3, 0), (3, 1), (3, 2), (4, 0), (4, 1), (4, 2), (5, 0), (5, 1), (5, 2), (6, 0), (6, 1), (7, 0)]
accessible_from:
  (0, 0) -> [(0, 1), (1, 0)]
  (0, 1) -> [(0, 0), (1, 1)]
  (1, 0) -> [(0, 0), (1, 1), (2, 0)]
  (1, 1) -> [(0, 1), (1, 0), (2, 1)]
  (1, 2) -> [(1, 3), (2, 2)]
  (1, 3) -> [(1, 2)]
  (2, 0) -> [(1, 0), (3, 0)]
  (2, 1) -> [(1, 1), (2, 2)]
  (2, 2) -> [(1, 2), (2, 1), (3, 2)]
  (3, 0) -> [(2, 0), (4, 0)]
  (3, 1) -> [(3, 2)]
  (3, 2) -> [(2, 2), (3, 1), (4, 2)]
  (4, 0) -> [(3, 0), (5, 0)]
  (4, 1) -> [(4, 2), (5, 1)]
  (4, 2) -> [(3, 2), (4, 1)]
  (5, 0) -> [(4, 0), (5, 1), (6, 0)]
  (5, 1) -> [(4, 1), (5, 0), (5, 2), (6, 1)]
  (5, 2) -> [(5, 1)]
  (6, 0) -> [(5, 0), (6, 1), (7, 0)]
  (6, 1) -> [(5, 1), (6, 0)]
  (7, 0) -> [(6, 0)]
parent_path: {}
exploration_queue: [(3, 1), (1, 3), (7, 0), (6, 1), (5, 2), (4, 1)]

2025-07-31 20:36:07,388 - DEBUG - 
=== VISUAL BOARD - STEP 15 - BFS-EXPLORATION ===
   0  1  2  3  4  5  6  7  8  9 10 11
11 .  .  .  .  .  .  .  .  .  .  .  .   11
10 .  .  .  .  .  .  .  .  .  .  .  .   10
 9 .  .  .  .  .  .  .  .  .  .  .  .    9
 8 .  .  .  .  .  .  .  .  .  .  .  .    8
 7 .  .  .  .  .  .  .  .  .  .  .  .    7
 6 .  .  .  .  .  .  .  .  .  .  .  .    6
 5 .  .  .  .  .  .  .  .  .  .  .  .    5
 4 .  .  .  .  .  .  .  .  .  .  .  .    4
 3 .  V  .  .  .  .  .  .  .  .  .  .    3
 2 .  V  V  V  R  V  .  .  .  .  .  .    2
 1 V  V  V  V  V  V  V  .  .  .  .  .    1
 0 V  V  V  V  V  V  V  V  .  .  .  .    0
   0  1  2  3  4  5  6  7  8  9 10 11
Legend: R=Robot, V=Visited, P=Path, .=Unvisited

2025-07-31 20:36:07,388 - INFO - BFS Exploration Step 16: Exploring (3, 1)
2025-07-31 20:36:07,388 - DEBUG - Moving left from (4, 2) to (3, 2)
2025-07-31 20:36:07,485 - DEBUG - Moving down from (3, 2) to (3, 1)
2025-07-31 20:36:07,555 - DEBUG - Sensor readings: {'front': 1287.9295717917048, 'right': 2000.0, 'back': 347.0986554827242, 'left': 355.4275232663648}
2025-07-31 20:36:07,555 - DEBUG - Wall detected left to (2, 1)
2025-07-31 20:36:07,555 - DEBUG - Wall detected down to (3, 0)
2025-07-31 20:36:07,555 - DEBUG - Added 0 new neighbors. Queue size: 5
2025-07-31 20:36:07,555 - DEBUG - 
=== STEP 16 DATA STRUCTURES ===
Current Cell: (3, 1)
explored_cells: [(0, 0), (0, 1), (1, 0), (1, 1), (1, 2), (1, 3), (2, 0), (2, 1), (2, 2), (3, 0), (3, 1), (3, 2), (4, 0), (4, 1), (4, 2), (5, 0), (5, 1), (5, 2), (6, 0), (6, 1), (7, 0)]
accessible_from:
  (0, 0) -> [(0, 1), (1, 0)]
  (0, 1) -> [(0, 0), (1, 1)]
  (1, 0) -> [(0, 0), (1, 1), (2, 0)]
  (1, 1) -> [(0, 1), (1, 0), (2, 1)]
  (1, 2) -> [(1, 3), (2, 2)]
  (1, 3) -> [(1, 2)]
  (2, 0) -> [(1, 0), (3, 0)]
  (2, 1) -> [(1, 1), (2, 2)]
  (2, 2) -> [(1, 2), (2, 1), (3, 2)]
  (3, 0) -> [(2, 0), (4, 0)]
  (3, 1) -> [(3, 2), (4, 1)]
  (3, 2) -> [(2, 2), (3, 1), (4, 2)]
  (4, 0) -> [(3, 0), (5, 0)]
  (4, 1) -> [(3, 1), (4, 2), (5, 1)]
  (4, 2) -> [(3, 2), (4, 1)]
  (5, 0) -> [(4, 0), (5, 1), (6, 0)]
  (5, 1) -> [(4, 1), (5, 0), (5, 2), (6, 1)]
  (5, 2) -> [(5, 1)]
  (6, 0) -> [(5, 0), (6, 1), (7, 0)]
  (6, 1) -> [(5, 1), (6, 0)]
  (7, 0) -> [(6, 0)]
parent_path: {}
exploration_queue: [(1, 3), (7, 0), (6, 1), (5, 2), (4, 1)]

2025-07-31 20:36:07,555 - DEBUG - 
=== VISUAL BOARD - STEP 16 - BFS-EXPLORATION ===
   0  1  2  3  4  5  6  7  8  9 10 11
11 .  .  .  .  .  .  .  .  .  .  .  .   11
10 .  .  .  .  .  .  .  .  .  .  .  .   10
 9 .  .  .  .  .  .  .  .  .  .  .  .    9
 8 .  .  .  .  .  .  .  .  .  .  .  .    8
 7 .  .  .  .  .  .  .  .  .  .  .  .    7
 6 .  .  .  .  .  .  .  .  .  .  .  .    6
 5 .  .  .  .  .  .  .  .  .  .  .  .    5
 4 .  .  .  .  .  .  .  .  .  .  .  .    4
 3 .  V  .  .  .  .  .  .  .  .  .  .    3
 2 .  V  V  V  V  V  .  .  .  .  .  .    2
 1 V  V  V  R  V  V  V  .  .  .  .  .    1
 0 V  V  V  V  V  V  V  V  .  .  .  .    0
   0  1  2  3  4  5  6  7  8  9 10 11
Legend: R=Robot, V=Visited, P=Path, .=Unvisited

2025-07-31 20:36:07,555 - INFO - BFS Exploration Step 17: Exploring (1, 3)
2025-07-31 20:36:07,555 - DEBUG - Moving up from (3, 1) to (3, 2)
2025-07-31 20:36:07,629 - DEBUG - Moving left from (3, 2) to (2, 2)
2025-07-31 20:36:07,723 - DEBUG - Moving left from (2, 2) to (1, 2)
2025-07-31 20:36:07,825 - DEBUG - Moving up from (1, 2) to (1, 3)
2025-07-31 20:36:07,897 - DEBUG - Sensor readings: {'front': 362.1020936125161, 'right': 2000.0, 'back': 1274.7053349899904, 'left': 295.06479152425675}
2025-07-31 20:36:07,898 - DEBUG - Added neighbor right: (2, 3)
2025-07-31 20:36:07,898 - DEBUG - Wall detected up to (1, 4)
2025-07-31 20:36:07,898 - DEBUG - Wall detected left to (0, 3)
2025-07-31 20:36:07,898 - DEBUG - Added 1 new neighbors. Queue size: 5
2025-07-31 20:36:07,898 - DEBUG - 
=== STEP 17 DATA STRUCTURES ===
Current Cell: (1, 3)
explored_cells: [(0, 0), (0, 1), (1, 0), (1, 1), (1, 2), (1, 3), (2, 0), (2, 1), (2, 2), (2, 3), (3, 0), (3, 1), (3, 2), (4, 0), (4, 1), (4, 2), (5, 0), (5, 1), (5, 2), (6, 0), (6, 1), (7, 0)]
accessible_from:
  (0, 0) -> [(0, 1), (1, 0)]
  (0, 1) -> [(0, 0), (1, 1)]
  (1, 0) -> [(0, 0), (1, 1), (2, 0)]
  (1, 1) -> [(0, 1), (1, 0), (2, 1)]
  (1, 2) -> [(1, 3), (2, 2)]
  (1, 3) -> [(1, 2), (2, 3)]
  (2, 0) -> [(1, 0), (3, 0)]
  (2, 1) -> [(1, 1), (2, 2)]
  (2, 2) -> [(1, 2), (2, 1), (3, 2)]
  (2, 3) -> [(1, 3)]
  (3, 0) -> [(2, 0), (4, 0)]
  (3, 1) -> [(3, 2), (4, 1)]
  (3, 2) -> [(2, 2), (3, 1), (4, 2)]
  (4, 0) -> [(3, 0), (5, 0)]
  (4, 1) -> [(3, 1), (4, 2), (5, 1)]
  (4, 2) -> [(3, 2), (4, 1)]
  (5, 0) -> [(4, 0), (5, 1), (6, 0)]
  (5, 1) -> [(4, 1), (5, 0), (5, 2), (6, 1)]
  (5, 2) -> [(5, 1)]
  (6, 0) -> [(5, 0), (6, 1), (7, 0)]
  (6, 1) -> [(5, 1), (6, 0)]
  (7, 0) -> [(6, 0)]
parent_path: {}
exploration_queue: [(7, 0), (6, 1), (5, 2), (4, 1), (2, 3)]

2025-07-31 20:36:07,898 - DEBUG - 
=== VISUAL BOARD - STEP 17 - BFS-EXPLORATION ===
   0  1  2  3  4  5  6  7  8  9 10 11
11 .  .  .  .  .  .  .  .  .  .  .  .   11
10 .  .  .  .  .  .  .  .  .  .  .  .   10
 9 .  .  .  .  .  .  .  .  .  .  .  .    9
 8 .  .  .  .  .  .  .  .  .  .  .  .    8
 7 .  .  .  .  .  .  .  .  .  .  .  .    7
 6 .  .  .  .  .  .  .  .  .  .  .  .    6
 5 .  .  .  .  .  .  .  .  .  .  .  .    5
 4 .  .  .  .  .  .  .  .  .  .  .  .    4
 3 .  R  V  .  .  .  .  .  .  .  .  .    3
 2 .  V  V  V  V  V  .  .  .  .  .  .    2
 1 V  V  V  V  V  V  V  .  .  .  .  .    1
 0 V  V  V  V  V  V  V  V  .  .  .  .    0
   0  1  2  3  4  5  6  7  8  9 10 11
Legend: R=Robot, V=Visited, P=Path, .=Unvisited

2025-07-31 20:36:07,898 - INFO - BFS Exploration Step 18: Exploring (7, 0)
2025-07-31 20:36:07,898 - DEBUG - Moving down from (1, 3) to (1, 2)
2025-07-31 20:36:07,963 - DEBUG - Moving right from (1, 2) to (2, 2)
2025-07-31 20:36:08,059 - DEBUG - Moving right from (2, 2) to (3, 2)
2025-07-31 20:36:08,159 - DEBUG - Moving down from (3, 2) to (3, 1)
2025-07-31 20:36:08,228 - DEBUG - Moving right from (3, 1) to (4, 1)
2025-07-31 20:36:08,319 - DEBUG - Moving right from (4, 1) to (5, 1)
2025-07-31 20:36:08,423 - DEBUG - Moving right from (5, 1) to (6, 1)
2025-07-31 20:36:08,523 - DEBUG - Moving down from (6, 1) to (6, 0)
2025-07-31 20:36:08,589 - DEBUG - Moving right from (6, 0) to (7, 0)
2025-07-31 20:36:08,684 - DEBUG - Sensor readings: {'front': 1295.651117924209, 'right': 2000.0, 'back': 364.72405809296936, 'left': 2000.0}
2025-07-31 20:36:08,684 - DEBUG - Added neighbor right: (8, 0)
2025-07-31 20:36:08,684 - DEBUG - Added neighbor up: (7, 1)
2025-07-31 20:36:08,684 - DEBUG - Added 2 new neighbors. Queue size: 6
2025-07-31 20:36:08,684 - DEBUG - 
=== STEP 18 DATA STRUCTURES ===
Current Cell: (7, 0)
explored_cells: [(0, 0), (0, 1), (1, 0), (1, 1), (1, 2), (1, 3), (2, 0), (2, 1), (2, 2), (2, 3), (3, 0), (3, 1), (3, 2), (4, 0), (4, 1), (4, 2), (5, 0), (5, 1), (5, 2), (6, 0), (6, 1), (7, 0), (7, 1), (8, 0)]
accessible_from:
  (0, 0) -> [(0, 1), (1, 0)]
  (0, 1) -> [(0, 0), (1, 1)]
  (1, 0) -> [(0, 0), (1, 1), (2, 0)]
  (1, 1) -> [(0, 1), (1, 0), (2, 1)]
  (1, 2) -> [(1, 3), (2, 2)]
  (1, 3) -> [(1, 2), (2, 3)]
  (2, 0) -> [(1, 0), (3, 0)]
  (2, 1) -> [(1, 1), (2, 2)]
  (2, 2) -> [(1, 2), (2, 1), (3, 2)]
  (2, 3) -> [(1, 3)]
  (3, 0) -> [(2, 0), (4, 0)]
  (3, 1) -> [(3, 2), (4, 1)]
  (3, 2) -> [(2, 2), (3, 1), (4, 2)]
  (4, 0) -> [(3, 0), (5, 0)]
  (4, 1) -> [(3, 1), (4, 2), (5, 1)]
  (4, 2) -> [(3, 2), (4, 1)]
  (5, 0) -> [(4, 0), (5, 1), (6, 0)]
  (5, 1) -> [(4, 1), (5, 0), (5, 2), (6, 1)]
  (5, 2) -> [(5, 1)]
  (6, 0) -> [(5, 0), (6, 1), (7, 0)]
  (6, 1) -> [(5, 1), (6, 0)]
  (7, 0) -> [(6, 0), (7, 1), (8, 0)]
  (7, 1) -> [(7, 0)]
  (8, 0) -> [(7, 0)]
parent_path: {}
exploration_queue: [(6, 1), (5, 2), (4, 1), (2, 3), (8, 0), (7, 1)]

2025-07-31 20:36:08,684 - DEBUG - 
=== VISUAL BOARD - STEP 18 - BFS-EXPLORATION ===
   0  1  2  3  4  5  6  7  8  9 10 11
11 .  .  .  .  .  .  .  .  .  .  .  .   11
10 .  .  .  .  .  .  .  .  .  .  .  .   10
 9 .  .  .  .  .  .  .  .  .  .  .  .    9
 8 .  .  .  .  .  .  .  .  .  .  .  .    8
 7 .  .  .  .  .  .  .  .  .  .  .  .    7
 6 .  .  .  .  .  .  .  .  .  .  .  .    6
 5 .  .  .  .  .  .  .  .  .  .  .  .    5
 4 .  .  .  .  .  .  .  .  .  .  .  .    4
 3 .  V  V  .  .  .  .  .  .  .  .  .    3
 2 .  V  V  V  V  V  .  .  .  .  .  .    2
 1 V  V  V  V  V  V  V  V  .  .  .  .    1
 0 V  V  V  V  V  V  V  R  V  .  .  .    0
   0  1  2  3  4  5  6  7  8  9 10 11
Legend: R=Robot, V=Visited, P=Path, .=Unvisited

2025-07-31 20:36:08,684 - INFO - BFS Exploration Step 19: Exploring (6, 1)
2025-07-31 20:36:08,684 - DEBUG - Moving left from (7, 0) to (6, 0)
2025-07-31 20:36:08,792 - DEBUG - Moving up from (6, 0) to (6, 1)
2025-07-31 20:36:08,859 - DEBUG - Sensor readings: {'front': 363.4424851841204, 'right': 2000.0, 'back': 1295.13344985753, 'left': 2000.0}
2025-07-31 20:36:08,859 - DEBUG - Wall detected up to (6, 2)
2025-07-31 20:36:08,859 - DEBUG - Added 0 new neighbors. Queue size: 5
2025-07-31 20:36:08,859 - DEBUG - 
=== STEP 19 DATA STRUCTURES ===
Current Cell: (6, 1)
explored_cells: [(0, 0), (0, 1), (1, 0), (1, 1), (1, 2), (1, 3), (2, 0), (2, 1), (2, 2), (2, 3), (3, 0), (3, 1), (3, 2), (4, 0), (4, 1), (4, 2), (5, 0), (5, 1), (5, 2), (6, 0), (6, 1), (7, 0), (7, 1), (8, 0)]
accessible_from:
  (0, 0) -> [(0, 1), (1, 0)]
  (0, 1) -> [(0, 0), (1, 1)]
  (1, 0) -> [(0, 0), (1, 1), (2, 0)]
  (1, 1) -> [(0, 1), (1, 0), (2, 1)]
  (1, 2) -> [(1, 3), (2, 2)]
  (1, 3) -> [(1, 2), (2, 3)]
  (2, 0) -> [(1, 0), (3, 0)]
  (2, 1) -> [(1, 1), (2, 2)]
  (2, 2) -> [(1, 2), (2, 1), (3, 2)]
  (2, 3) -> [(1, 3)]
  (3, 0) -> [(2, 0), (4, 0)]
  (3, 1) -> [(3, 2), (4, 1)]
  (3, 2) -> [(2, 2), (3, 1), (4, 2)]
  (4, 0) -> [(3, 0), (5, 0)]
  (4, 1) -> [(3, 1), (4, 2), (5, 1)]
  (4, 2) -> [(3, 2), (4, 1)]
  (5, 0) -> [(4, 0), (5, 1), (6, 0)]
  (5, 1) -> [(4, 1), (5, 0), (5, 2), (6, 1)]
  (5, 2) -> [(5, 1)]
  (6, 0) -> [(5, 0), (6, 1), (7, 0)]
  (6, 1) -> [(5, 1), (6, 0), (7, 1)]
  (7, 0) -> [(6, 0), (7, 1), (8, 0)]
  (7, 1) -> [(6, 1), (7, 0)]
  (8, 0) -> [(7, 0)]
parent_path: {}
exploration_queue: [(5, 2), (4, 1), (2, 3), (8, 0), (7, 1)]

2025-07-31 20:36:08,860 - DEBUG - 
=== VISUAL BOARD - STEP 19 - BFS-EXPLORATION ===
   0  1  2  3  4  5  6  7  8  9 10 11
11 .  .  .  .  .  .  .  .  .  .  .  .   11
10 .  .  .  .  .  .  .  .  .  .  .  .   10
 9 .  .  .  .  .  .  .  .  .  .  .  .    9
 8 .  .  .  .  .  .  .  .  .  .  .  .    8
 7 .  .  .  .  .  .  .  .  .  .  .  .    7
 6 .  .  .  .  .  .  .  .  .  .  .  .    6
 5 .  .  .  .  .  .  .  .  .  .  .  .    5
 4 .  .  .  .  .  .  .  .  .  .  .  .    4
 3 .  V  V  .  .  .  .  .  .  .  .  .    3
 2 .  V  V  V  V  V  .  .  .  .  .  .    2
 1 V  V  V  V  V  V  R  V  .  .  .  .    1
 0 V  V  V  V  V  V  V  V  V  .  .  .    0
   0  1  2  3  4  5  6  7  8  9 10 11
Legend: R=Robot, V=Visited, P=Path, .=Unvisited

2025-07-31 20:36:08,860 - INFO - BFS Exploration Step 20: Exploring (5, 2)
2025-07-31 20:36:08,860 - DEBUG - Moving left from (6, 1) to (5, 1)
2025-07-31 20:36:08,965 - DEBUG - Moving up from (5, 1) to (5, 2)
2025-07-31 20:36:09,034 - DEBUG - Sensor readings: {'front': 365.6455391845121, 'right': 2000.0, 'back': 2000.0, 'left': 306.75104678088024}
2025-07-31 20:36:09,034 - DEBUG - Added neighbor right: (6, 2)
2025-07-31 20:36:09,034 - DEBUG - Wall detected up to (5, 3)
2025-07-31 20:36:09,034 - DEBUG - Wall detected left to (4, 2)
2025-07-31 20:36:09,034 - DEBUG - Added 1 new neighbors. Queue size: 5
2025-07-31 20:36:09,034 - DEBUG - 
=== STEP 20 DATA STRUCTURES ===
Current Cell: (5, 2)
explored_cells: [(0, 0), (0, 1), (1, 0), (1, 1), (1, 2), (1, 3), (2, 0), (2, 1), (2, 2), (2, 3), (3, 0), (3, 1), (3, 2), (4, 0), (4, 1), (4, 2), (5, 0), (5, 1), (5, 2), (6, 0), (6, 1), (6, 2), (7, 0), (7, 1), (8, 0)]
accessible_from:
  (0, 0) -> [(0, 1), (1, 0)]
  (0, 1) -> [(0, 0), (1, 1)]
  (1, 0) -> [(0, 0), (1, 1), (2, 0)]
  (1, 1) -> [(0, 1), (1, 0), (2, 1)]
  (1, 2) -> [(1, 3), (2, 2)]
  (1, 3) -> [(1, 2), (2, 3)]
  (2, 0) -> [(1, 0), (3, 0)]
  (2, 1) -> [(1, 1), (2, 2)]
  (2, 2) -> [(1, 2), (2, 1), (3, 2)]
  (2, 3) -> [(1, 3)]
  (3, 0) -> [(2, 0), (4, 0)]
  (3, 1) -> [(3, 2), (4, 1)]
  (3, 2) -> [(2, 2), (3, 1), (4, 2)]
  (4, 0) -> [(3, 0), (5, 0)]
  (4, 1) -> [(3, 1), (4, 2), (5, 1)]
  (4, 2) -> [(3, 2), (4, 1)]
  (5, 0) -> [(4, 0), (5, 1), (6, 0)]
  (5, 1) -> [(4, 1), (5, 0), (5, 2), (6, 1)]
  (5, 2) -> [(5, 1), (6, 2)]
  (6, 0) -> [(5, 0), (6, 1), (7, 0)]
  (6, 1) -> [(5, 1), (6, 0), (7, 1)]
  (6, 2) -> [(5, 2)]
  (7, 0) -> [(6, 0), (7, 1), (8, 0)]
  (7, 1) -> [(6, 1), (7, 0)]
  (8, 0) -> [(7, 0)]
parent_path: {}
exploration_queue: [(4, 1), (2, 3), (8, 0), (7, 1), (6, 2)]

2025-07-31 20:36:09,034 - DEBUG - 
=== VISUAL BOARD - STEP 20 - BFS-EXPLORATION ===
   0  1  2  3  4  5  6  7  8  9 10 11
11 .  .  .  .  .  .  .  .  .  .  .  .   11
10 .  .  .  .  .  .  .  .  .  .  .  .   10
 9 .  .  .  .  .  .  .  .  .  .  .  .    9
 8 .  .  .  .  .  .  .  .  .  .  .  .    8
 7 .  .  .  .  .  .  .  .  .  .  .  .    7
 6 .  .  .  .  .  .  .  .  .  .  .  .    6
 5 .  .  .  .  .  .  .  .  .  .  .  .    5
 4 .  .  .  .  .  .  .  .  .  .  .  .    4
 3 .  V  V  .  .  .  .  .  .  .  .  .    3
 2 .  V  V  V  V  R  V  .  .  .  .  .    2
 1 V  V  V  V  V  V  V  V  .  .  .  .    1
 0 V  V  V  V  V  V  V  V  V  .  .  .    0
   0  1  2  3  4  5  6  7  8  9 10 11
Legend: R=Robot, V=Visited, P=Path, .=Unvisited

2025-07-31 20:36:09,034 - INFO - BFS Exploration Step 21: Exploring (4, 1)
2025-07-31 20:36:09,034 - DEBUG - Moving down from (5, 2) to (5, 1)
2025-07-31 20:36:09,108 - DEBUG - Moving left from (5, 1) to (4, 1)
2025-07-31 20:36:09,207 - DEBUG - Sensor readings: {'front': 1342.4385376258504, 'right': 2000.0, 'back': 293.26839988574653, 'left': 1363.8201253134619}
2025-07-31 20:36:09,207 - DEBUG - Wall detected down to (4, 0)
2025-07-31 20:36:09,207 - DEBUG - Added 0 new neighbors. Queue size: 4
2025-07-31 20:36:09,207 - DEBUG - 
=== STEP 21 DATA STRUCTURES ===
Current Cell: (4, 1)
explored_cells: [(0, 0), (0, 1), (1, 0), (1, 1), (1, 2), (1, 3), (2, 0), (2, 1), (2, 2), (2, 3), (3, 0), (3, 1), (3, 2), (4, 0), (4, 1), (4, 2), (5, 0), (5, 1), (5, 2), (6, 0), (6, 1), (6, 2), (7, 0), (7, 1), (8, 0)]
accessible_from:
  (0, 0) -> [(0, 1), (1, 0)]
  (0, 1) -> [(0, 0), (1, 1)]
  (1, 0) -> [(0, 0), (1, 1), (2, 0)]
  (1, 1) -> [(0, 1), (1, 0), (2, 1)]
  (1, 2) -> [(1, 3), (2, 2)]
  (1, 3) -> [(1, 2), (2, 3)]
  (2, 0) -> [(1, 0), (3, 0)]
  (2, 1) -> [(1, 1), (2, 2)]
  (2, 2) -> [(1, 2), (2, 1), (3, 2)]
  (2, 3) -> [(1, 3)]
  (3, 0) -> [(2, 0), (4, 0)]
  (3, 1) -> [(3, 2), (4, 1)]
  (3, 2) -> [(2, 2), (3, 1), (4, 2)]
  (4, 0) -> [(3, 0), (5, 0)]
  (4, 1) -> [(3, 1), (4, 2), (5, 1)]
  (4, 2) -> [(3, 2), (4, 1)]
  (5, 0) -> [(4, 0), (5, 1), (6, 0)]
  (5, 1) -> [(4, 1), (5, 0), (5, 2), (6, 1)]
  (5, 2) -> [(5, 1), (6, 2)]
  (6, 0) -> [(5, 0), (6, 1), (7, 0)]
  (6, 1) -> [(5, 1), (6, 0), (7, 1)]
  (6, 2) -> [(5, 2)]
  (7, 0) -> [(6, 0), (7, 1), (8, 0)]
  (7, 1) -> [(6, 1), (7, 0)]
  (8, 0) -> [(7, 0)]
parent_path: {}
exploration_queue: [(2, 3), (8, 0), (7, 1), (6, 2)]

2025-07-31 20:36:09,207 - DEBUG - 
=== VISUAL BOARD - STEP 21 - BFS-EXPLORATION ===
   0  1  2  3  4  5  6  7  8  9 10 11
11 .  .  .  .  .  .  .  .  .  .  .  .   11
10 .  .  .  .  .  .  .  .  .  .  .  .   10
 9 .  .  .  .  .  .  .  .  .  .  .  .    9
 8 .  .  .  .  .  .  .  .  .  .  .  .    8
 7 .  .  .  .  .  .  .  .  .  .  .  .    7
 6 .  .  .  .  .  .  .  .  .  .  .  .    6
 5 .  .  .  .  .  .  .  .  .  .  .  .    5
 4 .  .  .  .  .  .  .  .  .  .  .  .    4
 3 .  V  V  .  .  .  .  .  .  .  .  .    3
 2 .  V  V  V  V  V  V  .  .  .  .  .    2
 1 V  V  V  V  R  V  V  V  .  .  .  .    1
 0 V  V  V  V  V  V  V  V  V  .  .  .    0
   0  1  2  3  4  5  6  7  8  9 10 11
Legend: R=Robot, V=Visited, P=Path, .=Unvisited

2025-07-31 20:36:09,207 - INFO - BFS Exploration Step 22: Exploring (2, 3)
2025-07-31 20:36:09,207 - DEBUG - Moving left from (4, 1) to (3, 1)
2025-07-31 20:36:09,310 - DEBUG - Moving up from (3, 1) to (3, 2)
2025-07-31 20:36:09,379 - DEBUG - Moving left from (3, 2) to (2, 2)
2025-07-31 20:36:09,479 - DEBUG - Moving left from (2, 2) to (1, 2)
2025-07-31 20:36:09,584 - DEBUG - Moving up from (1, 2) to (1, 3)
2025-07-31 20:36:09,647 - DEBUG - Moving right from (1, 3) to (2, 3)
2025-07-31 20:36:09,750 - DEBUG - Sensor readings: {'front': 1339.6056591120039, 'right': 2000.0, 'back': 292.4897609089753, 'left': 1272.7130824047092}
2025-07-31 20:36:09,750 - DEBUG - Added neighbor right: (3, 3)
2025-07-31 20:36:09,750 - DEBUG - Added neighbor up: (2, 4)
2025-07-31 20:36:09,750 - DEBUG - Wall detected down to (2, 2)
2025-07-31 20:36:09,750 - DEBUG - Added 2 new neighbors. Queue size: 5
2025-07-31 20:36:09,750 - DEBUG - 
=== STEP 22 DATA STRUCTURES ===
Current Cell: (2, 3)
explored_cells: [(0, 0), (0, 1), (1, 0), (1, 1), (1, 2), (1, 3), (2, 0), (2, 1), (2, 2), (2, 3), (2, 4), (3, 0), (3, 1), (3, 2), (3, 3), (4, 0), (4, 1), (4, 2), (5, 0), (5, 1), (5, 2), (6, 0), (6, 1), (6, 2), (7, 0), (7, 1), (8, 0)]
accessible_from:
  (0, 0) -> [(0, 1), (1, 0)]
  (0, 1) -> [(0, 0), (1, 1)]
  (1, 0) -> [(0, 0), (1, 1), (2, 0)]
  (1, 1) -> [(0, 1), (1, 0), (2, 1)]
  (1, 2) -> [(1, 3), (2, 2)]
  (1, 3) -> [(1, 2), (2, 3)]
  (2, 0) -> [(1, 0), (3, 0)]
  (2, 1) -> [(1, 1), (2, 2)]
  (2, 2) -> [(1, 2), (2, 1), (3, 2)]
  (2, 3) -> [(1, 3), (2, 4), (3, 3)]
  (2, 4) -> [(2, 3)]
  (3, 0) -> [(2, 0), (4, 0)]
  (3, 1) -> [(3, 2), (4, 1)]
  (3, 2) -> [(2, 2), (3, 1), (4, 2)]
  (3, 3) -> [(2, 3)]
  (4, 0) -> [(3, 0), (5, 0)]
  (4, 1) -> [(3, 1), (4, 2), (5, 1)]
  (4, 2) -> [(3, 2), (4, 1)]
  (5, 0) -> [(4, 0), (5, 1), (6, 0)]
  (5, 1) -> [(4, 1), (5, 0), (5, 2), (6, 1)]
  (5, 2) -> [(5, 1), (6, 2)]
  (6, 0) -> [(5, 0), (6, 1), (7, 0)]
  (6, 1) -> [(5, 1), (6, 0), (7, 1)]
  (6, 2) -> [(5, 2)]
  (7, 0) -> [(6, 0), (7, 1), (8, 0)]
  (7, 1) -> [(6, 1), (7, 0)]
  (8, 0) -> [(7, 0)]
parent_path: {}
exploration_queue: [(8, 0), (7, 1), (6, 2), (3, 3), (2, 4)]

2025-07-31 20:36:09,750 - DEBUG - 
=== VISUAL BOARD - STEP 22 - BFS-EXPLORATION ===
   0  1  2  3  4  5  6  7  8  9 10 11
11 .  .  .  .  .  .  .  .  .  .  .  .   11
10 .  .  .  .  .  .  .  .  .  .  .  .   10
 9 .  .  .  .  .  .  .  .  .  .  .  .    9
 8 .  .  .  .  .  .  .  .  .  .  .  .    8
 7 .  .  .  .  .  .  .  .  .  .  .  .    7
 6 .  .  .  .  .  .  .  .  .  .  .  .    6
 5 .  .  .  .  .  .  .  .  .  .  .  .    5
 4 .  .  V  .  .  .  .  .  .  .  .  .    4
 3 .  V  R  V  .  .  .  .  .  .  .  .    3
 2 .  V  V  V  V  V  V  .  .  .  .  .    2
 1 V  V  V  V  V  V  V  V  .  .  .  .    1
 0 V  V  V  V  V  V  V  V  V  .  .  .    0
   0  1  2  3  4  5  6  7  8  9 10 11
Legend: R=Robot, V=Visited, P=Path, .=Unvisited

2025-07-31 20:36:09,750 - INFO - BFS Exploration Step 23: Exploring (8, 0)
2025-07-31 20:36:09,750 - DEBUG - Moving left from (2, 3) to (1, 3)
2025-07-31 20:36:09,841 - DEBUG - Moving down from (1, 3) to (1, 2)
2025-07-31 20:36:09,911 - DEBUG - Moving right from (1, 2) to (2, 2)
2025-07-31 20:36:10,011 - DEBUG - Moving right from (2, 2) to (3, 2)
2025-07-31 20:36:10,109 - DEBUG - Moving down from (3, 2) to (3, 1)
2025-07-31 20:36:10,175 - DEBUG - Moving right from (3, 1) to (4, 1)
2025-07-31 20:36:10,275 - DEBUG - Moving right from (4, 1) to (5, 1)
2025-07-31 20:36:10,385 - DEBUG - Moving right from (5, 1) to (6, 1)
2025-07-31 20:36:10,491 - DEBUG - Moving right from (6, 1) to (7, 1)
2025-07-31 20:36:10,597 - DEBUG - Moving down from (7, 1) to (7, 0)
2025-07-31 20:36:10,665 - DEBUG - Moving right from (7, 0) to (8, 0)
2025-07-31 20:36:10,760 - DEBUG - Sensor readings: {'front': 1309.0907479647294, 'right': 2000.0, 'back': 348.1198975256659, 'left': 2000.0}
2025-07-31 20:36:10,760 - DEBUG - Added neighbor right: (9, 0)
2025-07-31 20:36:10,760 - DEBUG - Added neighbor up: (8, 1)
2025-07-31 20:36:10,760 - DEBUG - Added 2 new neighbors. Queue size: 6
2025-07-31 20:36:10,760 - DEBUG - 
=== STEP 23 DATA STRUCTURES ===
Current Cell: (8, 0)
explored_cells: [(0, 0), (0, 1), (1, 0), (1, 1), (1, 2), (1, 3), (2, 0), (2, 1), (2, 2), (2, 3), (2, 4), (3, 0), (3, 1), (3, 2), (3, 3), (4, 0), (4, 1), (4, 2), (5, 0), (5, 1), (5, 2), (6, 0), (6, 1), (6, 2), (7, 0), (7, 1), (8, 0), (8, 1), (9, 0)]
accessible_from:
  (0, 0) -> [(0, 1), (1, 0)]
  (0, 1) -> [(0, 0), (1, 1)]
  (1, 0) -> [(0, 0), (1, 1), (2, 0)]
  (1, 1) -> [(0, 1), (1, 0), (2, 1)]
  (1, 2) -> [(1, 3), (2, 2)]
  (1, 3) -> [(1, 2), (2, 3)]
  (2, 0) -> [(1, 0), (3, 0)]
  (2, 1) -> [(1, 1), (2, 2)]
  (2, 2) -> [(1, 2), (2, 1), (3, 2)]
  (2, 3) -> [(1, 3), (2, 4), (3, 3)]
  (2, 4) -> [(2, 3)]
  (3, 0) -> [(2, 0), (4, 0)]
  (3, 1) -> [(3, 2), (4, 1)]
  (3, 2) -> [(2, 2), (3, 1), (4, 2)]
  (3, 3) -> [(2, 3)]
  (4, 0) -> [(3, 0), (5, 0)]
  (4, 1) -> [(3, 1), (4, 2), (5, 1)]
  (4, 2) -> [(3, 2), (4, 1)]
  (5, 0) -> [(4, 0), (5, 1), (6, 0)]
  (5, 1) -> [(4, 1), (5, 0), (5, 2), (6, 1)]
  (5, 2) -> [(5, 1), (6, 2)]
  (6, 0) -> [(5, 0), (6, 1), (7, 0)]
  (6, 1) -> [(5, 1), (6, 0), (7, 1)]
  (6, 2) -> [(5, 2)]
  (7, 0) -> [(6, 0), (7, 1), (8, 0)]
  (7, 1) -> [(6, 1), (7, 0)]
  (8, 0) -> [(7, 0), (8, 1), (9, 0)]
  (8, 1) -> [(8, 0)]
  (9, 0) -> [(8, 0)]
parent_path: {}
exploration_queue: [(7, 1), (6, 2), (3, 3), (2, 4), (9, 0), (8, 1)]

2025-07-31 20:36:10,760 - DEBUG - 
=== VISUAL BOARD - STEP 23 - BFS-EXPLORATION ===
   0  1  2  3  4  5  6  7  8  9 10 11
11 .  .  .  .  .  .  .  .  .  .  .  .   11
10 .  .  .  .  .  .  .  .  .  .  .  .   10
 9 .  .  .  .  .  .  .  .  .  .  .  .    9
 8 .  .  .  .  .  .  .  .  .  .  .  .    8
 7 .  .  .  .  .  .  .  .  .  .  .  .    7
 6 .  .  .  .  .  .  .  .  .  .  .  .    6
 5 .  .  .  .  .  .  .  .  .  .  .  .    5
 4 .  .  V  .  .  .  .  .  .  .  .  .    4
 3 .  V  V  V  .  .  .  .  .  .  .  .    3
 2 .  V  V  V  V  V  V  .  .  .  .  .    2
 1 V  V  V  V  V  V  V  V  V  .  .  .    1
 0 V  V  V  V  V  V  V  V  R  V  .  .    0
   0  1  2  3  4  5  6  7  8  9 10 11
Legend: R=Robot, V=Visited, P=Path, .=Unvisited

2025-07-31 20:36:10,760 - INFO - BFS Exploration Step 24: Exploring (7, 1)
2025-07-31 20:36:10,760 - DEBUG - Moving left from (8, 0) to (7, 0)
2025-07-31 20:36:10,856 - DEBUG - Moving up from (7, 0) to (7, 1)
2025-07-31 20:36:10,929 - DEBUG - Sensor readings: {'front': 364.69209111128947, 'right': 1328.4852367019841, 'back': 1293.8591644878295, 'left': 2000.0}
2025-07-31 20:36:10,929 - DEBUG - Wall detected up to (7, 2)
2025-07-31 20:36:10,929 - DEBUG - Added 0 new neighbors. Queue size: 5
2025-07-31 20:36:10,929 - DEBUG - 
=== STEP 24 DATA STRUCTURES ===
Current Cell: (7, 1)
explored_cells: [(0, 0), (0, 1), (1, 0), (1, 1), (1, 2), (1, 3), (2, 0), (2, 1), (2, 2), (2, 3), (2, 4), (3, 0), (3, 1), (3, 2), (3, 3), (4, 0), (4, 1), (4, 2), (5, 0), (5, 1), (5, 2), (6, 0), (6, 1), (6, 2), (7, 0), (7, 1), (8, 0), (8, 1), (9, 0)]
accessible_from:
  (0, 0) -> [(0, 1), (1, 0)]
  (0, 1) -> [(0, 0), (1, 1)]
  (1, 0) -> [(0, 0), (1, 1), (2, 0)]
  (1, 1) -> [(0, 1), (1, 0), (2, 1)]
  (1, 2) -> [(1, 3), (2, 2)]
  (1, 3) -> [(1, 2), (2, 3)]
  (2, 0) -> [(1, 0), (3, 0)]
  (2, 1) -> [(1, 1), (2, 2)]
  (2, 2) -> [(1, 2), (2, 1), (3, 2)]
  (2, 3) -> [(1, 3), (2, 4), (3, 3)]
  (2, 4) -> [(2, 3)]
  (3, 0) -> [(2, 0), (4, 0)]
  (3, 1) -> [(3, 2), (4, 1)]
  (3, 2) -> [(2, 2), (3, 1), (4, 2)]
  (3, 3) -> [(2, 3)]
  (4, 0) -> [(3, 0), (5, 0)]
  (4, 1) -> [(3, 1), (4, 2), (5, 1)]
  (4, 2) -> [(3, 2), (4, 1)]
  (5, 0) -> [(4, 0), (5, 1), (6, 0)]
  (5, 1) -> [(4, 1), (5, 0), (5, 2), (6, 1)]
  (5, 2) -> [(5, 1), (6, 2)]
  (6, 0) -> [(5, 0), (6, 1), (7, 0)]
  (6, 1) -> [(5, 1), (6, 0), (7, 1)]
  (6, 2) -> [(5, 2)]
  (7, 0) -> [(6, 0), (7, 1), (8, 0)]
  (7, 1) -> [(6, 1), (7, 0), (8, 1)]
  (8, 0) -> [(7, 0), (8, 1), (9, 0)]
  (8, 1) -> [(7, 1), (8, 0)]
  (9, 0) -> [(8, 0)]
parent_path: {}
exploration_queue: [(6, 2), (3, 3), (2, 4), (9, 0), (8, 1)]

2025-07-31 20:36:10,929 - DEBUG - 
=== VISUAL BOARD - STEP 24 - BFS-EXPLORATION ===
   0  1  2  3  4  5  6  7  8  9 10 11
11 .  .  .  .  .  .  .  .  .  .  .  .   11
10 .  .  .  .  .  .  .  .  .  .  .  .   10
 9 .  .  .  .  .  .  .  .  .  .  .  .    9
 8 .  .  .  .  .  .  .  .  .  .  .  .    8
 7 .  .  .  .  .  .  .  .  .  .  .  .    7
 6 .  .  .  .  .  .  .  .  .  .  .  .    6
 5 .  .  .  .  .  .  .  .  .  .  .  .    5
 4 .  .  V  .  .  .  .  .  .  .  .  .    4
 3 .  V  V  V  .  .  .  .  .  .  .  .    3
 2 .  V  V  V  V  V  V  .  .  .  .  .    2
 1 V  V  V  V  V  V  V  R  V  .  .  .    1
 0 V  V  V  V  V  V  V  V  V  V  .  .    0
   0  1  2  3  4  5  6  7  8  9 10 11
Legend: R=Robot, V=Visited, P=Path, .=Unvisited

2025-07-31 20:36:10,929 - INFO - BFS Exploration Step 25: Exploring (6, 2)
2025-07-31 20:36:10,929 - DEBUG - Moving left from (7, 1) to (6, 1)
2025-07-31 20:36:11,030 - DEBUG - Moving left from (6, 1) to (5, 1)
2025-07-31 20:36:11,130 - DEBUG - Moving up from (5, 1) to (5, 2)
2025-07-31 20:36:11,200 - DEBUG - Moving right from (5, 2) to (6, 2)
2025-07-31 20:36:11,295 - DEBUG - Sensor readings: {'front': 301.6000485985759, 'right': 1366.2414508739173, 'back': 330.47896740243016, 'left': 1270.21551803237}
2025-07-31 20:36:11,295 - DEBUG - Added neighbor right: (7, 2)
2025-07-31 20:36:11,295 - DEBUG - Wall detected up to (6, 3)
2025-07-31 20:36:11,295 - DEBUG - Wall detected down to (6, 1)
2025-07-31 20:36:11,295 - DEBUG - Added 1 new neighbors. Queue size: 5
2025-07-31 20:36:11,295 - DEBUG - 
=== STEP 25 DATA STRUCTURES ===
Current Cell: (6, 2)
explored_cells: [(0, 0), (0, 1), (1, 0), (1, 1), (1, 2), (1, 3), (2, 0), (2, 1), (2, 2), (2, 3), (2, 4), (3, 0), (3, 1), (3, 2), (3, 3), (4, 0), (4, 1), (4, 2), (5, 0), (5, 1), (5, 2), (6, 0), (6, 1), (6, 2), (7, 0), (7, 1), (7, 2), (8, 0), (8, 1), (9, 0)]
accessible_from:
  (0, 0) -> [(0, 1), (1, 0)]
  (0, 1) -> [(0, 0), (1, 1)]
  (1, 0) -> [(0, 0), (1, 1), (2, 0)]
  (1, 1) -> [(0, 1), (1, 0), (2, 1)]
  (1, 2) -> [(1, 3), (2, 2)]
  (1, 3) -> [(1, 2), (2, 3)]
  (2, 0) -> [(1, 0), (3, 0)]
  (2, 1) -> [(1, 1), (2, 2)]
  (2, 2) -> [(1, 2), (2, 1), (3, 2)]
  (2, 3) -> [(1, 3), (2, 4), (3, 3)]
  (2, 4) -> [(2, 3)]
  (3, 0) -> [(2, 0), (4, 0)]
  (3, 1) -> [(3, 2), (4, 1)]
  (3, 2) -> [(2, 2), (3, 1), (4, 2)]
  (3, 3) -> [(2, 3)]
  (4, 0) -> [(3, 0), (5, 0)]
  (4, 1) -> [(3, 1), (4, 2), (5, 1)]
  (4, 2) -> [(3, 2), (4, 1)]
  (5, 0) -> [(4, 0), (5, 1), (6, 0)]
  (5, 1) -> [(4, 1), (5, 0), (5, 2), (6, 1)]
  (5, 2) -> [(5, 1), (6, 2)]
  (6, 0) -> [(5, 0), (6, 1), (7, 0)]
  (6, 1) -> [(5, 1), (6, 0), (7, 1)]
  (6, 2) -> [(5, 2), (7, 2)]
  (7, 0) -> [(6, 0), (7, 1), (8, 0)]
  (7, 1) -> [(6, 1), (7, 0), (8, 1)]
  (7, 2) -> [(6, 2)]
  (8, 0) -> [(7, 0), (8, 1), (9, 0)]
  (8, 1) -> [(7, 1), (8, 0)]
  (9, 0) -> [(8, 0)]
parent_path: {}
exploration_queue: [(3, 3), (2, 4), (9, 0), (8, 1), (7, 2)]

2025-07-31 20:36:11,295 - DEBUG - 
=== VISUAL BOARD - STEP 25 - BFS-EXPLORATION ===
   0  1  2  3  4  5  6  7  8  9 10 11
11 .  .  .  .  .  .  .  .  .  .  .  .   11
10 .  .  .  .  .  .  .  .  .  .  .  .   10
 9 .  .  .  .  .  .  .  .  .  .  .  .    9
 8 .  .  .  .  .  .  .  .  .  .  .  .    8
 7 .  .  .  .  .  .  .  .  .  .  .  .    7
 6 .  .  .  .  .  .  .  .  .  .  .  .    6
 5 .  .  .  .  .  .  .  .  .  .  .  .    5
 4 .  .  V  .  .  .  .  .  .  .  .  .    4
 3 .  V  V  V  .  .  .  .  .  .  .  .    3
 2 .  V  V  V  V  V  R  V  .  .  .  .    2
 1 V  V  V  V  V  V  V  V  V  .  .  .    1
 0 V  V  V  V  V  V  V  V  V  V  .  .    0
   0  1  2  3  4  5  6  7  8  9 10 11
Legend: R=Robot, V=Visited, P=Path, .=Unvisited

2025-07-31 20:36:11,295 - INFO - BFS Exploration Step 26: Exploring (3, 3)
2025-07-31 20:36:11,295 - DEBUG - Moving left from (6, 2) to (5, 2)
2025-07-31 20:36:11,394 - DEBUG - Moving down from (5, 2) to (5, 1)
2025-07-31 20:36:11,464 - DEBUG - Moving left from (5, 1) to (4, 1)
2025-07-31 20:36:11,569 - DEBUG - Moving left from (4, 1) to (3, 1)
2025-07-31 20:36:11,685 - DEBUG - Moving up from (3, 1) to (3, 2)
2025-07-31 20:36:11,752 - DEBUG - Moving left from (3, 2) to (2, 2)
2025-07-31 20:36:11,857 - DEBUG - Moving left from (2, 2) to (1, 2)
2025-07-31 20:36:11,958 - DEBUG - Moving up from (1, 2) to (1, 3)
2025-07-31 20:36:12,023 - DEBUG - Moving right from (1, 3) to (2, 3)
2025-07-31 20:36:12,128 - DEBUG - Moving right from (2, 3) to (3, 3)
2025-07-31 20:36:12,231 - DEBUG - Sensor readings: {'front': 1295.6390415302053, 'right': 2000.0, 'back': 338.1953483860443, 'left': 2000.0}
2025-07-31 20:36:12,231 - DEBUG - Added neighbor right: (4, 3)
2025-07-31 20:36:12,231 - DEBUG - Added neighbor up: (3, 4)
2025-07-31 20:36:12,231 - DEBUG - Wall detected down to (3, 2)
2025-07-31 20:36:12,231 - DEBUG - Added 2 new neighbors. Queue size: 6
2025-07-31 20:36:12,231 - DEBUG - 
=== STEP 26 DATA STRUCTURES ===
Current Cell: (3, 3)
explored_cells: [(0, 0), (0, 1), (1, 0), (1, 1), (1, 2), (1, 3), (2, 0), (2, 1), (2, 2), (2, 3), (2, 4), (3, 0), (3, 1), (3, 2), (3, 3), (3, 4), (4, 0), (4, 1), (4, 2), (4, 3), (5, 0), (5, 1), (5, 2), (6, 0), (6, 1), (6, 2), (7, 0), (7, 1), (7, 2), (8, 0), (8, 1), (9, 0)]
accessible_from:
  (0, 0) -> [(0, 1), (1, 0)]
  (0, 1) -> [(0, 0), (1, 1)]
  (1, 0) -> [(0, 0), (1, 1), (2, 0)]
  (1, 1) -> [(0, 1), (1, 0), (2, 1)]
  (1, 2) -> [(1, 3), (2, 2)]
  (1, 3) -> [(1, 2), (2, 3)]
  (2, 0) -> [(1, 0), (3, 0)]
  (2, 1) -> [(1, 1), (2, 2)]
  (2, 2) -> [(1, 2), (2, 1), (3, 2)]
  (2, 3) -> [(1, 3), (2, 4), (3, 3)]
  (2, 4) -> [(2, 3)]
  (3, 0) -> [(2, 0), (4, 0)]
  (3, 1) -> [(3, 2), (4, 1)]
  (3, 2) -> [(2, 2), (3, 1), (4, 2)]
  (3, 3) -> [(2, 3), (3, 4), (4, 3)]
  (3, 4) -> [(3, 3)]
  (4, 0) -> [(3, 0), (5, 0)]
  (4, 1) -> [(3, 1), (4, 2), (5, 1)]
  (4, 2) -> [(3, 2), (4, 1)]
  (4, 3) -> [(3, 3)]
  (5, 0) -> [(4, 0), (5, 1), (6, 0)]
  (5, 1) -> [(4, 1), (5, 0), (5, 2), (6, 1)]
  (5, 2) -> [(5, 1), (6, 2)]
  (6, 0) -> [(5, 0), (6, 1), (7, 0)]
  (6, 1) -> [(5, 1), (6, 0), (7, 1)]
  (6, 2) -> [(5, 2), (7, 2)]
  (7, 0) -> [(6, 0), (7, 1), (8, 0)]
  (7, 1) -> [(6, 1), (7, 0), (8, 1)]
  (7, 2) -> [(6, 2)]
  (8, 0) -> [(7, 0), (8, 1), (9, 0)]
  (8, 1) -> [(7, 1), (8, 0)]
  (9, 0) -> [(8, 0)]
parent_path: {}
exploration_queue: [(2, 4), (9, 0), (8, 1), (7, 2), (4, 3), (3, 4)]

2025-07-31 20:36:12,231 - DEBUG - 
=== VISUAL BOARD - STEP 26 - BFS-EXPLORATION ===
   0  1  2  3  4  5  6  7  8  9 10 11
11 .  .  .  .  .  .  .  .  .  .  .  .   11
10 .  .  .  .  .  .  .  .  .  .  .  .   10
 9 .  .  .  .  .  .  .  .  .  .  .  .    9
 8 .  .  .  .  .  .  .  .  .  .  .  .    8
 7 .  .  .  .  .  .  .  .  .  .  .  .    7
 6 .  .  .  .  .  .  .  .  .  .  .  .    6
 5 .  .  .  .  .  .  .  .  .  .  .  .    5
 4 .  .  V  V  .  .  .  .  .  .  .  .    4
 3 .  V  V  R  V  .  .  .  .  .  .  .    3
 2 .  V  V  V  V  V  V  V  .  .  .  .    2
 1 V  V  V  V  V  V  V  V  V  .  .  .    1
 0 V  V  V  V  V  V  V  V  V  V  .  .    0
   0  1  2  3  4  5  6  7  8  9 10 11
Legend: R=Robot, V=Visited, P=Path, .=Unvisited

2025-07-31 20:36:12,231 - INFO - BFS Exploration Step 27: Exploring (2, 4)
2025-07-31 20:36:12,232 - DEBUG - Moving left from (3, 3) to (2, 3)
2025-07-31 20:36:12,332 - DEBUG - Moving up from (2, 3) to (2, 4)
2025-07-31 20:36:12,401 - DEBUG - Sensor readings: {'front': 362.07198895159803, 'right': 2000.0, 'back': 1270.2341053699804, 'left': 1300.9796741118269}
2025-07-31 20:36:12,401 - DEBUG - Wall detected up to (2, 5)
2025-07-31 20:36:12,401 - DEBUG - Added neighbor left: (1, 4)
2025-07-31 20:36:12,402 - DEBUG - Added 1 new neighbors. Queue size: 6
2025-07-31 20:36:12,402 - DEBUG - 
=== STEP 27 DATA STRUCTURES ===
Current Cell: (2, 4)
explored_cells: [(0, 0), (0, 1), (1, 0), (1, 1), (1, 2), (1, 3), (1, 4), (2, 0), (2, 1), (2, 2), (2, 3), (2, 4), (3, 0), (3, 1), (3, 2), (3, 3), (3, 4), (4, 0), (4, 1), (4, 2), (4, 3), (5, 0), (5, 1), (5, 2), (6, 0), (6, 1), (6, 2), (7, 0), (7, 1), (7, 2), (8, 0), (8, 1), (9, 0)]
accessible_from:
  (0, 0) -> [(0, 1), (1, 0)]
  (0, 1) -> [(0, 0), (1, 1)]
  (1, 0) -> [(0, 0), (1, 1), (2, 0)]
  (1, 1) -> [(0, 1), (1, 0), (2, 1)]
  (1, 2) -> [(1, 3), (2, 2)]
  (1, 3) -> [(1, 2), (2, 3)]
  (1, 4) -> [(2, 4)]
  (2, 0) -> [(1, 0), (3, 0)]
  (2, 1) -> [(1, 1), (2, 2)]
  (2, 2) -> [(1, 2), (2, 1), (3, 2)]
  (2, 3) -> [(1, 3), (2, 4), (3, 3)]
  (2, 4) -> [(1, 4), (2, 3), (3, 4)]
  (3, 0) -> [(2, 0), (4, 0)]
  (3, 1) -> [(3, 2), (4, 1)]
  (3, 2) -> [(2, 2), (3, 1), (4, 2)]
  (3, 3) -> [(2, 3), (3, 4), (4, 3)]
  (3, 4) -> [(2, 4), (3, 3)]
  (4, 0) -> [(3, 0), (5, 0)]
  (4, 1) -> [(3, 1), (4, 2), (5, 1)]
  (4, 2) -> [(3, 2), (4, 1)]
  (4, 3) -> [(3, 3)]
  (5, 0) -> [(4, 0), (5, 1), (6, 0)]
  (5, 1) -> [(4, 1), (5, 0), (5, 2), (6, 1)]
  (5, 2) -> [(5, 1), (6, 2)]
  (6, 0) -> [(5, 0), (6, 1), (7, 0)]
  (6, 1) -> [(5, 1), (6, 0), (7, 1)]
  (6, 2) -> [(5, 2), (7, 2)]
  (7, 0) -> [(6, 0), (7, 1), (8, 0)]
  (7, 1) -> [(6, 1), (7, 0), (8, 1)]
  (7, 2) -> [(6, 2)]
  (8, 0) -> [(7, 0), (8, 1), (9, 0)]
  (8, 1) -> [(7, 1), (8, 0)]
  (9, 0) -> [(8, 0)]
parent_path: {}
exploration_queue: [(9, 0), (8, 1), (7, 2), (4, 3), (3, 4), (1, 4)]

2025-07-31 20:36:12,402 - DEBUG - 
=== VISUAL BOARD - STEP 27 - BFS-EXPLORATION ===
   0  1  2  3  4  5  6  7  8  9 10 11
11 .  .  .  .  .  .  .  .  .  .  .  .   11
10 .  .  .  .  .  .  .  .  .  .  .  .   10
 9 .  .  .  .  .  .  .  .  .  .  .  .    9
 8 .  .  .  .  .  .  .  .  .  .  .  .    8
 7 .  .  .  .  .  .  .  .  .  .  .  .    7
 6 .  .  .  .  .  .  .  .  .  .  .  .    6
 5 .  .  .  .  .  .  .  .  .  .  .  .    5
 4 .  V  R  V  .  .  .  .  .  .  .  .    4
 3 .  V  V  V  V  .  .  .  .  .  .  .    3
 2 .  V  V  V  V  V  V  V  .  .  .  .    2
 1 V  V  V  V  V  V  V  V  V  .  .  .    1
 0 V  V  V  V  V  V  V  V  V  V  .  .    0
   0  1  2  3  4  5  6  7  8  9 10 11
Legend: R=Robot, V=Visited, P=Path, .=Unvisited

2025-07-31 20:36:12,402 - INFO - BFS Exploration Step 28: Exploring (9, 0)
2025-07-31 20:36:12,402 - DEBUG - Moving down from (2, 4) to (2, 3)
2025-07-31 20:36:12,465 - DEBUG - Moving left from (2, 3) to (1, 3)
2025-07-31 20:36:12,564 - DEBUG - Moving down from (1, 3) to (1, 2)
2025-07-31 20:36:12,636 - DEBUG - Moving right from (1, 2) to (2, 2)
2025-07-31 20:36:12,736 - DEBUG - Moving right from (2, 2) to (3, 2)
2025-07-31 20:36:12,840 - DEBUG - Moving down from (3, 2) to (3, 1)
2025-07-31 20:36:12,903 - DEBUG - Moving right from (3, 1) to (4, 1)
2025-07-31 20:36:13,004 - DEBUG - Moving right from (4, 1) to (5, 1)
2025-07-31 20:36:13,102 - DEBUG - Moving right from (5, 1) to (6, 1)
2025-07-31 20:36:13,204 - DEBUG - Moving right from (6, 1) to (7, 1)
2025-07-31 20:36:13,311 - DEBUG - Moving down from (7, 1) to (7, 0)
2025-07-31 20:36:13,373 - DEBUG - Moving right from (7, 0) to (8, 0)
2025-07-31 20:36:13,475 - DEBUG - Moving right from (8, 0) to (9, 0)
2025-07-31 20:36:13,586 - DEBUG - Sensor readings: {'front': 1299.3770631630416, 'right': 2000.0, 'back': 364.83278028366516, 'left': 1484.1096117106836}
2025-07-31 20:36:13,586 - DEBUG - Added neighbor right: (10, 0)
2025-07-31 20:36:13,586 - DEBUG - Added neighbor up: (9, 1)
2025-07-31 20:36:13,586 - DEBUG - Added 2 new neighbors. Queue size: 7
2025-07-31 20:36:13,586 - DEBUG - 
=== STEP 28 DATA STRUCTURES ===
Current Cell: (9, 0)
explored_cells: [(0, 0), (0, 1), (1, 0), (1, 1), (1, 2), (1, 3), (1, 4), (2, 0), (2, 1), (2, 2), (2, 3), (2, 4), (3, 0), (3, 1), (3, 2), (3, 3), (3, 4), (4, 0), (4, 1), (4, 2), (4, 3), (5, 0), (5, 1), (5, 2), (6, 0), (6, 1), (6, 2), (7, 0), (7, 1), (7, 2), (8, 0), (8, 1), (9, 0), (9, 1), (10, 0)]
accessible_from:
  (0, 0) -> [(0, 1), (1, 0)]
  (0, 1) -> [(0, 0), (1, 1)]
  (1, 0) -> [(0, 0), (1, 1), (2, 0)]
  (1, 1) -> [(0, 1), (1, 0), (2, 1)]
  (1, 2) -> [(1, 3), (2, 2)]
  (1, 3) -> [(1, 2), (2, 3)]
  (1, 4) -> [(2, 4)]
  (2, 0) -> [(1, 0), (3, 0)]
  (2, 1) -> [(1, 1), (2, 2)]
  (2, 2) -> [(1, 2), (2, 1), (3, 2)]
  (2, 3) -> [(1, 3), (2, 4), (3, 3)]
  (2, 4) -> [(1, 4), (2, 3), (3, 4)]
  (3, 0) -> [(2, 0), (4, 0)]
  (3, 1) -> [(3, 2), (4, 1)]
  (3, 2) -> [(2, 2), (3, 1), (4, 2)]
  (3, 3) -> [(2, 3), (3, 4), (4, 3)]
  (3, 4) -> [(2, 4), (3, 3)]
  (4, 0) -> [(3, 0), (5, 0)]
  (4, 1) -> [(3, 1), (4, 2), (5, 1)]
  (4, 2) -> [(3, 2), (4, 1)]
  (4, 3) -> [(3, 3)]
  (5, 0) -> [(4, 0), (5, 1), (6, 0)]
  (5, 1) -> [(4, 1), (5, 0), (5, 2), (6, 1)]
  (5, 2) -> [(5, 1), (6, 2)]
  (6, 0) -> [(5, 0), (6, 1), (7, 0)]
  (6, 1) -> [(5, 1), (6, 0), (7, 1)]
  (6, 2) -> [(5, 2), (7, 2)]
  (7, 0) -> [(6, 0), (7, 1), (8, 0)]
  (7, 1) -> [(6, 1), (7, 0), (8, 1)]
  (7, 2) -> [(6, 2)]
  (8, 0) -> [(7, 0), (8, 1), (9, 0)]
  (8, 1) -> [(7, 1), (8, 0)]
  (9, 0) -> [(8, 0), (9, 1), (10, 0)]
  (9, 1) -> [(9, 0)]
  (10, 0) -> [(9, 0)]
parent_path: {}
exploration_queue: [(8, 1), (7, 2), (4, 3), (3, 4), (1, 4), (10, 0), (9, 1)]

2025-07-31 20:36:13,586 - DEBUG - 
=== VISUAL BOARD - STEP 28 - BFS-EXPLORATION ===
   0  1  2  3  4  5  6  7  8  9 10 11
11 .  .  .  .  .  .  .  .  .  .  .  .   11
10 .  .  .  .  .  .  .  .  .  .  .  .   10
 9 .  .  .  .  .  .  .  .  .  .  .  .    9
 8 .  .  .  .  .  .  .  .  .  .  .  .    8
 7 .  .  .  .  .  .  .  .  .  .  .  .    7
 6 .  .  .  .  .  .  .  .  .  .  .  .    6
 5 .  .  .  .  .  .  .  .  .  .  .  .    5
 4 .  V  V  V  .  .  .  .  .  .  .  .    4
 3 .  V  V  V  V  .  .  .  .  .  .  .    3
 2 .  V  V  V  V  V  V  V  .  .  .  .    2
 1 V  V  V  V  V  V  V  V  V  V  .  .    1
 0 V  V  V  V  V  V  V  V  V  R  V  .    0
   0  1  2  3  4  5  6  7  8  9 10 11
Legend: R=Robot, V=Visited, P=Path, .=Unvisited

2025-07-31 20:36:13,586 - INFO - BFS Exploration Step 29: Exploring (8, 1)
2025-07-31 20:36:13,586 - DEBUG - Moving left from (9, 0) to (8, 0)
2025-07-31 20:36:13,687 - DEBUG - Moving up from (8, 0) to (8, 1)
2025-07-31 20:36:13,752 - DEBUG - Sensor readings: {'front': 359.26638140076807, 'right': 342.18223091978695, 'back': 1300.646382983487, 'left': 2000.0}
2025-07-31 20:36:13,752 - DEBUG - Wall detected right to (9, 1)
2025-07-31 20:36:13,752 - DEBUG - Wall detected up to (8, 2)
2025-07-31 20:36:13,752 - DEBUG - Added 0 new neighbors. Queue size: 6
2025-07-31 20:36:13,752 - DEBUG - 
=== STEP 29 DATA STRUCTURES ===
Current Cell: (8, 1)
explored_cells: [(0, 0), (0, 1), (1, 0), (1, 1), (1, 2), (1, 3), (1, 4), (2, 0), (2, 1), (2, 2), (2, 3), (2, 4), (3, 0), (3, 1), (3, 2), (3, 3), (3, 4), (4, 0), (4, 1), (4, 2), (4, 3), (5, 0), (5, 1), (5, 2), (6, 0), (6, 1), (6, 2), (7, 0), (7, 1), (7, 2), (8, 0), (8, 1), (9, 0), (9, 1), (10, 0)]
accessible_from:
  (0, 0) -> [(0, 1), (1, 0)]
  (0, 1) -> [(0, 0), (1, 1)]
  (1, 0) -> [(0, 0), (1, 1), (2, 0)]
  (1, 1) -> [(0, 1), (1, 0), (2, 1)]
  (1, 2) -> [(1, 3), (2, 2)]
  (1, 3) -> [(1, 2), (2, 3)]
  (1, 4) -> [(2, 4)]
  (2, 0) -> [(1, 0), (3, 0)]
  (2, 1) -> [(1, 1), (2, 2)]
  (2, 2) -> [(1, 2), (2, 1), (3, 2)]
  (2, 3) -> [(1, 3), (2, 4), (3, 3)]
  (2, 4) -> [(1, 4), (2, 3), (3, 4)]
  (3, 0) -> [(2, 0), (4, 0)]
  (3, 1) -> [(3, 2), (4, 1)]
  (3, 2) -> [(2, 2), (3, 1), (4, 2)]
  (3, 3) -> [(2, 3), (3, 4), (4, 3)]
  (3, 4) -> [(2, 4), (3, 3)]
  (4, 0) -> [(3, 0), (5, 0)]
  (4, 1) -> [(3, 1), (4, 2), (5, 1)]
  (4, 2) -> [(3, 2), (4, 1)]
  (4, 3) -> [(3, 3)]
  (5, 0) -> [(4, 0), (5, 1), (6, 0)]
  (5, 1) -> [(4, 1), (5, 0), (5, 2), (6, 1)]
  (5, 2) -> [(5, 1), (6, 2)]
  (6, 0) -> [(5, 0), (6, 1), (7, 0)]
  (6, 1) -> [(5, 1), (6, 0), (7, 1)]
  (6, 2) -> [(5, 2), (7, 2)]
  (7, 0) -> [(6, 0), (7, 1), (8, 0)]
  (7, 1) -> [(6, 1), (7, 0), (8, 1)]
  (7, 2) -> [(6, 2)]
  (8, 0) -> [(7, 0), (8, 1), (9, 0)]
  (8, 1) -> [(7, 1), (8, 0)]
  (9, 0) -> [(8, 0), (9, 1), (10, 0)]
  (9, 1) -> [(9, 0)]
  (10, 0) -> [(9, 0)]
parent_path: {}
exploration_queue: [(7, 2), (4, 3), (3, 4), (1, 4), (10, 0), (9, 1)]

2025-07-31 20:36:13,752 - DEBUG - 
=== VISUAL BOARD - STEP 29 - BFS-EXPLORATION ===
   0  1  2  3  4  5  6  7  8  9 10 11
11 .  .  .  .  .  .  .  .  .  .  .  .   11
10 .  .  .  .  .  .  .  .  .  .  .  .   10
 9 .  .  .  .  .  .  .  .  .  .  .  .    9
 8 .  .  .  .  .  .  .  .  .  .  .  .    8
 7 .  .  .  .  .  .  .  .  .  .  .  .    7
 6 .  .  .  .  .  .  .  .  .  .  .  .    6
 5 .  .  .  .  .  .  .  .  .  .  .  .    5
 4 .  V  V  V  .  .  .  .  .  .  .  .    4
 3 .  V  V  V  V  .  .  .  .  .  .  .    3
 2 .  V  V  V  V  V  V  V  .  .  .  .    2
 1 V  V  V  V  V  V  V  V  R  V  .  .    1
 0 V  V  V  V  V  V  V  V  V  V  V  .    0
   0  1  2  3  4  5  6  7  8  9 10 11
Legend: R=Robot, V=Visited, P=Path, .=Unvisited

2025-07-31 20:36:13,752 - INFO - BFS Exploration Step 30: Exploring (7, 2)
2025-07-31 20:36:13,752 - DEBUG - Moving left from (8, 1) to (7, 1)
2025-07-31 20:36:13,858 - DEBUG - Moving left from (7, 1) to (6, 1)
2025-07-31 20:36:13,968 - DEBUG - Moving left from (6, 1) to (5, 1)
2025-07-31 20:36:14,076 - DEBUG - Moving up from (5, 1) to (5, 2)
2025-07-31 20:36:14,141 - DEBUG - Moving right from (5, 2) to (6, 2)
2025-07-31 20:36:14,245 - DEBUG - Moving right from (6, 2) to (7, 2)
2025-07-31 20:36:14,342 - DEBUG - Sensor readings: {'front': 293.53303427948015, 'right': 360.18826761856695, 'back': 337.93471511904136, 'left': 2000.0}
2025-07-31 20:36:14,342 - DEBUG - Wall detected right to (8, 2)
2025-07-31 20:36:14,342 - DEBUG - Wall detected up to (7, 3)
2025-07-31 20:36:14,342 - DEBUG - Wall detected down to (7, 1)
2025-07-31 20:36:14,342 - DEBUG - Added 0 new neighbors. Queue size: 5
2025-07-31 20:36:14,342 - DEBUG - 
=== STEP 30 DATA STRUCTURES ===
Current Cell: (7, 2)
explored_cells: [(0, 0), (0, 1), (1, 0), (1, 1), (1, 2), (1, 3), (1, 4), (2, 0), (2, 1), (2, 2), (2, 3), (2, 4), (3, 0), (3, 1), (3, 2), (3, 3), (3, 4), (4, 0), (4, 1), (4, 2), (4, 3), (5, 0), (5, 1), (5, 2), (6, 0), (6, 1), (6, 2), (7, 0), (7, 1), (7, 2), (8, 0), (8, 1), (9, 0), (9, 1), (10, 0)]
accessible_from:
  (0, 0) -> [(0, 1), (1, 0)]
  (0, 1) -> [(0, 0), (1, 1)]
  (1, 0) -> [(0, 0), (1, 1), (2, 0)]
  (1, 1) -> [(0, 1), (1, 0), (2, 1)]
  (1, 2) -> [(1, 3), (2, 2)]
  (1, 3) -> [(1, 2), (2, 3)]
  (1, 4) -> [(2, 4)]
  (2, 0) -> [(1, 0), (3, 0)]
  (2, 1) -> [(1, 1), (2, 2)]
  (2, 2) -> [(1, 2), (2, 1), (3, 2)]
  (2, 3) -> [(1, 3), (2, 4), (3, 3)]
  (2, 4) -> [(1, 4), (2, 3), (3, 4)]
  (3, 0) -> [(2, 0), (4, 0)]
  (3, 1) -> [(3, 2), (4, 1)]
  (3, 2) -> [(2, 2), (3, 1), (4, 2)]
  (3, 3) -> [(2, 3), (3, 4), (4, 3)]
  (3, 4) -> [(2, 4), (3, 3)]
  (4, 0) -> [(3, 0), (5, 0)]
  (4, 1) -> [(3, 1), (4, 2), (5, 1)]
  (4, 2) -> [(3, 2), (4, 1)]
  (4, 3) -> [(3, 3)]
  (5, 0) -> [(4, 0), (5, 1), (6, 0)]
  (5, 1) -> [(4, 1), (5, 0), (5, 2), (6, 1)]
  (5, 2) -> [(5, 1), (6, 2)]
  (6, 0) -> [(5, 0), (6, 1), (7, 0)]
  (6, 1) -> [(5, 1), (6, 0), (7, 1)]
  (6, 2) -> [(5, 2), (7, 2)]
  (7, 0) -> [(6, 0), (7, 1), (8, 0)]
  (7, 1) -> [(6, 1), (7, 0), (8, 1)]
  (7, 2) -> [(6, 2)]
  (8, 0) -> [(7, 0), (8, 1), (9, 0)]
  (8, 1) -> [(7, 1), (8, 0)]
  (9, 0) -> [(8, 0), (9, 1), (10, 0)]
  (9, 1) -> [(9, 0)]
  (10, 0) -> [(9, 0)]
parent_path: {}
exploration_queue: [(4, 3), (3, 4), (1, 4), (10, 0), (9, 1)]

2025-07-31 20:36:14,342 - DEBUG - 
=== VISUAL BOARD - STEP 30 - BFS-EXPLORATION ===
   0  1  2  3  4  5  6  7  8  9 10 11
11 .  .  .  .  .  .  .  .  .  .  .  .   11
10 .  .  .  .  .  .  .  .  .  .  .  .   10
 9 .  .  .  .  .  .  .  .  .  .  .  .    9
 8 .  .  .  .  .  .  .  .  .  .  .  .    8
 7 .  .  .  .  .  .  .  .  .  .  .  .    7
 6 .  .  .  .  .  .  .  .  .  .  .  .    6
 5 .  .  .  .  .  .  .  .  .  .  .  .    5
 4 .  V  V  V  .  .  .  .  .  .  .  .    4
 3 .  V  V  V  V  .  .  .  .  .  .  .    3
 2 .  V  V  V  V  V  V  R  .  .  .  .    2
 1 V  V  V  V  V  V  V  V  V  V  .  .    1
 0 V  V  V  V  V  V  V  V  V  V  V  .    0
   0  1  2  3  4  5  6  7  8  9 10 11
Legend: R=Robot, V=Visited, P=Path, .=Unvisited

2025-07-31 20:36:14,342 - INFO - BFS Exploration Step 31: Exploring (4, 3)
2025-07-31 20:36:14,342 - DEBUG - Moving left from (7, 2) to (6, 2)
2025-07-31 20:36:14,433 - DEBUG - Moving left from (6, 2) to (5, 2)
2025-07-31 20:36:14,540 - DEBUG - Moving down from (5, 2) to (5, 1)
2025-07-31 20:36:14,603 - DEBUG - Moving left from (5, 1) to (4, 1)
2025-07-31 20:36:14,707 - DEBUG - Moving left from (4, 1) to (3, 1)
2025-07-31 20:36:14,818 - DEBUG - Moving up from (3, 1) to (3, 2)
2025-07-31 20:36:14,878 - DEBUG - Moving left from (3, 2) to (2, 2)
2025-07-31 20:36:14,975 - DEBUG - Moving left from (2, 2) to (1, 2)
2025-07-31 20:36:15,077 - DEBUG - Moving up from (1, 2) to (1, 3)
2025-07-31 20:36:15,153 - DEBUG - Moving right from (1, 3) to (2, 3)
2025-07-31 20:36:15,248 - DEBUG - Moving right from (2, 3) to (3, 3)
2025-07-31 20:36:15,350 - DEBUG - Moving right from (3, 3) to (4, 3)
2025-07-31 20:36:15,463 - DEBUG - Sensor readings: {'front': 1336.5636068387753, 'right': 2000.0, 'back': 297.1708996978606, 'left': 1944.9267054883774}
2025-07-31 20:36:15,464 - DEBUG - Added neighbor right: (5, 3)
2025-07-31 20:36:15,464 - DEBUG - Added neighbor up: (4, 4)
2025-07-31 20:36:15,464 - DEBUG - Wall detected down to (4, 2)
2025-07-31 20:36:15,464 - DEBUG - Added 2 new neighbors. Queue size: 6
2025-07-31 20:36:15,464 - DEBUG - 
=== STEP 31 DATA STRUCTURES ===
Current Cell: (4, 3)
explored_cells: [(0, 0), (0, 1), (1, 0), (1, 1), (1, 2), (1, 3), (1, 4), (2, 0), (2, 1), (2, 2), (2, 3), (2, 4), (3, 0), (3, 1), (3, 2), (3, 3), (3, 4), (4, 0), (4, 1), (4, 2), (4, 3), (4, 4), (5, 0), (5, 1), (5, 2), (5, 3), (6, 0), (6, 1), (6, 2), (7, 0), (7, 1), (7, 2), (8, 0), (8, 1), (9, 0), (9, 1), (10, 0)]
accessible_from:
  (0, 0) -> [(0, 1), (1, 0)]
  (0, 1) -> [(0, 0), (1, 1)]
  (1, 0) -> [(0, 0), (1, 1), (2, 0)]
  (1, 1) -> [(0, 1), (1, 0), (2, 1)]
  (1, 2) -> [(1, 3), (2, 2)]
  (1, 3) -> [(1, 2), (2, 3)]
  (1, 4) -> [(2, 4)]
  (2, 0) -> [(1, 0), (3, 0)]
  (2, 1) -> [(1, 1), (2, 2)]
  (2, 2) -> [(1, 2), (2, 1), (3, 2)]
  (2, 3) -> [(1, 3), (2, 4), (3, 3)]
  (2, 4) -> [(1, 4), (2, 3), (3, 4)]
  (3, 0) -> [(2, 0), (4, 0)]
  (3, 1) -> [(3, 2), (4, 1)]
  (3, 2) -> [(2, 2), (3, 1), (4, 2)]
  (3, 3) -> [(2, 3), (3, 4), (4, 3)]
  (3, 4) -> [(2, 4), (3, 3)]
  (4, 0) -> [(3, 0), (5, 0)]
  (4, 1) -> [(3, 1), (4, 2), (5, 1)]
  (4, 2) -> [(3, 2), (4, 1)]
  (4, 3) -> [(3, 3), (4, 4), (5, 3)]
  (4, 4) -> [(4, 3)]
  (5, 0) -> [(4, 0), (5, 1), (6, 0)]
  (5, 1) -> [(4, 1), (5, 0), (5, 2), (6, 1)]
  (5, 2) -> [(5, 1), (6, 2)]
  (5, 3) -> [(4, 3)]
  (6, 0) -> [(5, 0), (6, 1), (7, 0)]
  (6, 1) -> [(5, 1), (6, 0), (7, 1)]
  (6, 2) -> [(5, 2), (7, 2)]
  (7, 0) -> [(6, 0), (7, 1), (8, 0)]
  (7, 1) -> [(6, 1), (7, 0), (8, 1)]
  (7, 2) -> [(6, 2)]
  (8, 0) -> [(7, 0), (8, 1), (9, 0)]
  (8, 1) -> [(7, 1), (8, 0)]
  (9, 0) -> [(8, 0), (9, 1), (10, 0)]
  (9, 1) -> [(9, 0)]
  (10, 0) -> [(9, 0)]
parent_path: {}
exploration_queue: [(3, 4), (1, 4), (10, 0), (9, 1), (5, 3), (4, 4)]

2025-07-31 20:36:15,464 - DEBUG - 
=== VISUAL BOARD - STEP 31 - BFS-EXPLORATION ===
   0  1  2  3  4  5  6  7  8  9 10 11
11 .  .  .  .  .  .  .  .  .  .  .  .   11
10 .  .  .  .  .  .  .  .  .  .  .  .   10
 9 .  .  .  .  .  .  .  .  .  .  .  .    9
 8 .  .  .  .  .  .  .  .  .  .  .  .    8
 7 .  .  .  .  .  .  .  .  .  .  .  .    7
 6 .  .  .  .  .  .  .  .  .  .  .  .    6
 5 .  .  .  .  .  .  .  .  .  .  .  .    5
 4 .  V  V  V  V  .  .  .  .  .  .  .    4
 3 .  V  V  V  R  V  .  .  .  .  .  .    3
 2 .  V  V  V  V  V  V  V  .  .  .  .    2
 1 V  V  V  V  V  V  V  V  V  V  .  .    1
 0 V  V  V  V  V  V  V  V  V  V  V  .    0
   0  1  2  3  4  5  6  7  8  9 10 11
Legend: R=Robot, V=Visited, P=Path, .=Unvisited

2025-07-31 20:36:15,464 - INFO - BFS Exploration Step 32: Exploring (3, 4)
2025-07-31 20:36:15,464 - DEBUG - Moving left from (4, 3) to (3, 3)
2025-07-31 20:36:15,562 - DEBUG - Moving up from (3, 3) to (3, 4)
2025-07-31 20:36:15,625 - DEBUG - Sensor readings: {'front': 364.54771903221615, 'right': 2000.0, 'back': 1266.2080209137357, 'left': 2000.0}
2025-07-31 20:36:15,625 - DEBUG - Wall detected up to (3, 5)
2025-07-31 20:36:15,625 - DEBUG - Added 0 new neighbors. Queue size: 5
2025-07-31 20:36:15,625 - DEBUG - 
=== STEP 32 DATA STRUCTURES ===
Current Cell: (3, 4)
explored_cells: [(0, 0), (0, 1), (1, 0), (1, 1), (1, 2), (1, 3), (1, 4), (2, 0), (2, 1), (2, 2), (2, 3), (2, 4), (3, 0), (3, 1), (3, 2), (3, 3), (3, 4), (4, 0), (4, 1), (4, 2), (4, 3), (4, 4), (5, 0), (5, 1), (5, 2), (5, 3), (6, 0), (6, 1), (6, 2), (7, 0), (7, 1), (7, 2), (8, 0), (8, 1), (9, 0), (9, 1), (10, 0)]
accessible_from:
  (0, 0) -> [(0, 1), (1, 0)]
  (0, 1) -> [(0, 0), (1, 1)]
  (1, 0) -> [(0, 0), (1, 1), (2, 0)]
  (1, 1) -> [(0, 1), (1, 0), (2, 1)]
  (1, 2) -> [(1, 3), (2, 2)]
  (1, 3) -> [(1, 2), (2, 3)]
  (1, 4) -> [(2, 4)]
  (2, 0) -> [(1, 0), (3, 0)]
  (2, 1) -> [(1, 1), (2, 2)]
  (2, 2) -> [(1, 2), (2, 1), (3, 2)]
  (2, 3) -> [(1, 3), (2, 4), (3, 3)]
  (2, 4) -> [(1, 4), (2, 3), (3, 4)]
  (3, 0) -> [(2, 0), (4, 0)]
  (3, 1) -> [(3, 2), (4, 1)]
  (3, 2) -> [(2, 2), (3, 1), (4, 2)]
  (3, 3) -> [(2, 3), (3, 4), (4, 3)]
  (3, 4) -> [(2, 4), (3, 3), (4, 4)]
  (4, 0) -> [(3, 0), (5, 0)]
  (4, 1) -> [(3, 1), (4, 2), (5, 1)]
  (4, 2) -> [(3, 2), (4, 1)]
  (4, 3) -> [(3, 3), (4, 4), (5, 3)]
  (4, 4) -> [(3, 4), (4, 3)]
  (5, 0) -> [(4, 0), (5, 1), (6, 0)]
  (5, 1) -> [(4, 1), (5, 0), (5, 2), (6, 1)]
  (5, 2) -> [(5, 1), (6, 2)]
  (5, 3) -> [(4, 3)]
  (6, 0) -> [(5, 0), (6, 1), (7, 0)]
  (6, 1) -> [(5, 1), (6, 0), (7, 1)]
  (6, 2) -> [(5, 2), (7, 2)]
  (7, 0) -> [(6, 0), (7, 1), (8, 0)]
  (7, 1) -> [(6, 1), (7, 0), (8, 1)]
  (7, 2) -> [(6, 2)]
  (8, 0) -> [(7, 0), (8, 1), (9, 0)]
  (8, 1) -> [(7, 1), (8, 0)]
  (9, 0) -> [(8, 0), (9, 1), (10, 0)]
  (9, 1) -> [(9, 0)]
  (10, 0) -> [(9, 0)]
parent_path: {}
exploration_queue: [(1, 4), (10, 0), (9, 1), (5, 3), (4, 4)]

2025-07-31 20:36:15,625 - DEBUG - 
=== VISUAL BOARD - STEP 32 - BFS-EXPLORATION ===
   0  1  2  3  4  5  6  7  8  9 10 11
11 .  .  .  .  .  .  .  .  .  .  .  .   11
10 .  .  .  .  .  .  .  .  .  .  .  .   10
 9 .  .  .  .  .  .  .  .  .  .  .  .    9
 8 .  .  .  .  .  .  .  .  .  .  .  .    8
 7 .  .  .  .  .  .  .  .  .  .  .  .    7
 6 .  .  .  .  .  .  .  .  .  .  .  .    6
 5 .  .  .  .  .  .  .  .  .  .  .  .    5
 4 .  V  V  R  V  .  .  .  .  .  .  .    4
 3 .  V  V  V  V  V  .  .  .  .  .  .    3
 2 .  V  V  V  V  V  V  V  .  .  .  .    2
 1 V  V  V  V  V  V  V  V  V  V  .  .    1
 0 V  V  V  V  V  V  V  V  V  V  V  .    0
   0  1  2  3  4  5  6  7  8  9 10 11
Legend: R=Robot, V=Visited, P=Path, .=Unvisited

2025-07-31 20:36:15,625 - INFO - BFS Exploration Step 33: Exploring (1, 4)
2025-07-31 20:36:15,625 - DEBUG - Moving left from (3, 4) to (2, 4)
2025-07-31 20:36:15,732 - DEBUG - Moving left from (2, 4) to (1, 4)
2025-07-31 20:36:15,833 - DEBUG - Sensor readings: {'front': 1292.462970666161, 'right': 2000.0, 'back': 337.7291044997312, 'left': 359.9461151498681}
2025-07-31 20:36:15,833 - DEBUG - Added neighbor up: (1, 5)
2025-07-31 20:36:15,833 - DEBUG - Wall detected left to (0, 4)
2025-07-31 20:36:15,833 - DEBUG - Wall detected down to (1, 3)
2025-07-31 20:36:15,833 - DEBUG - Added 1 new neighbors. Queue size: 5
2025-07-31 20:36:15,833 - DEBUG - 
=== STEP 33 DATA STRUCTURES ===
Current Cell: (1, 4)
explored_cells: [(0, 0), (0, 1), (1, 0), (1, 1), (1, 2), (1, 3), (1, 4), (1, 5), (2, 0), (2, 1), (2, 2), (2, 3), (2, 4), (3, 0), (3, 1), (3, 2), (3, 3), (3, 4), (4, 0), (4, 1), (4, 2), (4, 3), (4, 4), (5, 0), (5, 1), (5, 2), (5, 3), (6, 0), (6, 1), (6, 2), (7, 0), (7, 1), (7, 2), (8, 0), (8, 1), (9, 0), (9, 1), (10, 0)]
accessible_from:
  (0, 0) -> [(0, 1), (1, 0)]
  (0, 1) -> [(0, 0), (1, 1)]
  (1, 0) -> [(0, 0), (1, 1), (2, 0)]
  (1, 1) -> [(0, 1), (1, 0), (2, 1)]
  (1, 2) -> [(1, 3), (2, 2)]
  (1, 3) -> [(1, 2), (2, 3)]
  (1, 4) -> [(1, 5), (2, 4)]
  (1, 5) -> [(1, 4)]
  (2, 0) -> [(1, 0), (3, 0)]
  (2, 1) -> [(1, 1), (2, 2)]
  (2, 2) -> [(1, 2), (2, 1), (3, 2)]
  (2, 3) -> [(1, 3), (2, 4), (3, 3)]
  (2, 4) -> [(1, 4), (2, 3), (3, 4)]
  (3, 0) -> [(2, 0), (4, 0)]
  (3, 1) -> [(3, 2), (4, 1)]
  (3, 2) -> [(2, 2), (3, 1), (4, 2)]
  (3, 3) -> [(2, 3), (3, 4), (4, 3)]
  (3, 4) -> [(2, 4), (3, 3), (4, 4)]
  (4, 0) -> [(3, 0), (5, 0)]
  (4, 1) -> [(3, 1), (4, 2), (5, 1)]
  (4, 2) -> [(3, 2), (4, 1)]
  (4, 3) -> [(3, 3), (4, 4), (5, 3)]
  (4, 4) -> [(3, 4), (4, 3)]
  (5, 0) -> [(4, 0), (5, 1), (6, 0)]
  (5, 1) -> [(4, 1), (5, 0), (5, 2), (6, 1)]
  (5, 2) -> [(5, 1), (6, 2)]
  (5, 3) -> [(4, 3)]
  (6, 0) -> [(5, 0), (6, 1), (7, 0)]
  (6, 1) -> [(5, 1), (6, 0), (7, 1)]
  (6, 2) -> [(5, 2), (7, 2)]
  (7, 0) -> [(6, 0), (7, 1), (8, 0)]
  (7, 1) -> [(6, 1), (7, 0), (8, 1)]
  (7, 2) -> [(6, 2)]
  (8, 0) -> [(7, 0), (8, 1), (9, 0)]
  (8, 1) -> [(7, 1), (8, 0)]
  (9, 0) -> [(8, 0), (9, 1), (10, 0)]
  (9, 1) -> [(9, 0)]
  (10, 0) -> [(9, 0)]
parent_path: {}
exploration_queue: [(10, 0), (9, 1), (5, 3), (4, 4), (1, 5)]

2025-07-31 20:36:15,833 - DEBUG - 
=== VISUAL BOARD - STEP 33 - BFS-EXPLORATION ===
   0  1  2  3  4  5  6  7  8  9 10 11
11 .  .  .  .  .  .  .  .  .  .  .  .   11
10 .  .  .  .  .  .  .  .  .  .  .  .   10
 9 .  .  .  .  .  .  .  .  .  .  .  .    9
 8 .  .  .  .  .  .  .  .  .  .  .  .    8
 7 .  .  .  .  .  .  .  .  .  .  .  .    7
 6 .  .  .  .  .  .  .  .  .  .  .  .    6
 5 .  V  .  .  .  .  .  .  .  .  .  .    5
 4 .  R  V  V  V  .  .  .  .  .  .  .    4
 3 .  V  V  V  V  V  .  .  .  .  .  .    3
 2 .  V  V  V  V  V  V  V  .  .  .  .    2
 1 V  V  V  V  V  V  V  V  V  V  .  .    1
 0 V  V  V  V  V  V  V  V  V  V  V  .    0
   0  1  2  3  4  5  6  7  8  9 10 11
Legend: R=Robot, V=Visited, P=Path, .=Unvisited

2025-07-31 20:36:15,833 - INFO - BFS Exploration Step 34: Exploring (10, 0)
2025-07-31 20:36:15,834 - DEBUG - Moving right from (1, 4) to (2, 4)
2025-07-31 20:36:15,927 - DEBUG - Moving down from (2, 4) to (2, 3)
2025-07-31 20:36:15,997 - DEBUG - Moving left from (2, 3) to (1, 3)
2025-07-31 20:36:16,091 - DEBUG - Moving down from (1, 3) to (1, 2)
2025-07-31 20:36:16,158 - DEBUG - Moving right from (1, 2) to (2, 2)
2025-07-31 20:36:16,260 - DEBUG - Moving right from (2, 2) to (3, 2)
2025-07-31 20:36:16,367 - DEBUG - Moving down from (3, 2) to (3, 1)
2025-07-31 20:36:16,434 - DEBUG - Moving right from (3, 1) to (4, 1)
2025-07-31 20:36:16,534 - DEBUG - Moving right from (4, 1) to (5, 1)
2025-07-31 20:36:16,641 - DEBUG - Moving right from (5, 1) to (6, 1)
2025-07-31 20:36:16,744 - DEBUG - Moving right from (6, 1) to (7, 1)
2025-07-31 20:36:16,847 - DEBUG - Moving down from (7, 1) to (7, 0)
2025-07-31 20:36:16,916 - DEBUG - Moving right from (7, 0) to (8, 0)
2025-07-31 20:36:17,018 - DEBUG - Moving right from (8, 0) to (9, 0)
2025-07-31 20:36:17,125 - DEBUG - Moving right from (9, 0) to (10, 0)
2025-07-31 20:36:17,234 - DEBUG - Sensor readings: {'front': 1337.1491803095, 'right': 1387.3181866655304, 'back': 321.3665480782323, 'left': 1818.2049152304087}
2025-07-31 20:36:17,234 - DEBUG - Added neighbor right: (11, 0)
2025-07-31 20:36:17,234 - DEBUG - Added neighbor up: (10, 1)
2025-07-31 20:36:17,234 - DEBUG - Added 2 new neighbors. Queue size: 6
2025-07-31 20:36:17,234 - DEBUG - 
=== STEP 34 DATA STRUCTURES ===
Current Cell: (10, 0)
explored_cells: [(0, 0), (0, 1), (1, 0), (1, 1), (1, 2), (1, 3), (1, 4), (1, 5), (2, 0), (2, 1), (2, 2), (2, 3), (2, 4), (3, 0), (3, 1), (3, 2), (3, 3), (3, 4), (4, 0), (4, 1), (4, 2), (4, 3), (4, 4), (5, 0), (5, 1), (5, 2), (5, 3), (6, 0), (6, 1), (6, 2), (7, 0), (7, 1), (7, 2), (8, 0), (8, 1), (9, 0), (9, 1), (10, 0), (10, 1), (11, 0)]
accessible_from:
  (0, 0) -> [(0, 1), (1, 0)]
  (0, 1) -> [(0, 0), (1, 1)]
  (1, 0) -> [(0, 0), (1, 1), (2, 0)]
  (1, 1) -> [(0, 1), (1, 0), (2, 1)]
  (1, 2) -> [(1, 3), (2, 2)]
  (1, 3) -> [(1, 2), (2, 3)]
  (1, 4) -> [(1, 5), (2, 4)]
  (1, 5) -> [(1, 4)]
  (2, 0) -> [(1, 0), (3, 0)]
  (2, 1) -> [(1, 1), (2, 2)]
  (2, 2) -> [(1, 2), (2, 1), (3, 2)]
  (2, 3) -> [(1, 3), (2, 4), (3, 3)]
  (2, 4) -> [(1, 4), (2, 3), (3, 4)]
  (3, 0) -> [(2, 0), (4, 0)]
  (3, 1) -> [(3, 2), (4, 1)]
  (3, 2) -> [(2, 2), (3, 1), (4, 2)]
  (3, 3) -> [(2, 3), (3, 4), (4, 3)]
  (3, 4) -> [(2, 4), (3, 3), (4, 4)]
  (4, 0) -> [(3, 0), (5, 0)]
  (4, 1) -> [(3, 1), (4, 2), (5, 1)]
  (4, 2) -> [(3, 2), (4, 1)]
  (4, 3) -> [(3, 3), (4, 4), (5, 3)]
  (4, 4) -> [(3, 4), (4, 3)]
  (5, 0) -> [(4, 0), (5, 1), (6, 0)]
  (5, 1) -> [(4, 1), (5, 0), (5, 2), (6, 1)]
  (5, 2) -> [(5, 1), (6, 2)]
  (5, 3) -> [(4, 3)]
  (6, 0) -> [(5, 0), (6, 1), (7, 0)]
  (6, 1) -> [(5, 1), (6, 0), (7, 1)]
  (6, 2) -> [(5, 2), (7, 2)]
  (7, 0) -> [(6, 0), (7, 1), (8, 0)]
  (7, 1) -> [(6, 1), (7, 0), (8, 1)]
  (7, 2) -> [(6, 2)]
  (8, 0) -> [(7, 0), (8, 1), (9, 0)]
  (8, 1) -> [(7, 1), (8, 0)]
  (9, 0) -> [(8, 0), (9, 1), (10, 0)]
  (9, 1) -> [(9, 0)]
  (10, 0) -> [(9, 0), (10, 1), (11, 0)]
  (10, 1) -> [(10, 0)]
  (11, 0) -> [(10, 0)]
parent_path: {}
exploration_queue: [(9, 1), (5, 3), (4, 4), (1, 5), (11, 0), (10, 1)]

2025-07-31 20:36:17,234 - DEBUG - 
=== VISUAL BOARD - STEP 34 - BFS-EXPLORATION ===
   0  1  2  3  4  5  6  7  8  9 10 11
11 .  .  .  .  .  .  .  .  .  .  .  .   11
10 .  .  .  .  .  .  .  .  .  .  .  .   10
 9 .  .  .  .  .  .  .  .  .  .  .  .    9
 8 .  .  .  .  .  .  .  .  .  .  .  .    8
 7 .  .  .  .  .  .  .  .  .  .  .  .    7
 6 .  .  .  .  .  .  .  .  .  .  .  .    6
 5 .  V  .  .  .  .  .  .  .  .  .  .    5
 4 .  V  V  V  V  .  .  .  .  .  .  .    4
 3 .  V  V  V  V  V  .  .  .  .  .  .    3
 2 .  V  V  V  V  V  V  V  .  .  .  .    2
 1 V  V  V  V  V  V  V  V  V  V  V  .    1
 0 V  V  V  V  V  V  V  V  V  V  R  V    0
   0  1  2  3  4  5  6  7  8  9 10 11
Legend: R=Robot, V=Visited, P=Path, .=Unvisited

2025-07-31 20:36:17,234 - INFO - BFS Exploration Step 35: Exploring (9, 1)
2025-07-31 20:36:17,234 - DEBUG - Moving left from (10, 0) to (9, 0)
2025-07-31 20:36:17,332 - DEBUG - Moving up from (9, 0) to (9, 1)
2025-07-31 20:36:17,398 - DEBUG - Sensor readings: {'front': 356.7684374646515, 'right': 2000.0, 'back': 1300.3130663507256, 'left': 342.3126038752014}
2025-07-31 20:36:17,398 - DEBUG - Wall detected up to (9, 2)
2025-07-31 20:36:17,398 - DEBUG - Wall detected left to (8, 1)
2025-07-31 20:36:17,398 - DEBUG - Added 0 new neighbors. Queue size: 5
2025-07-31 20:36:17,398 - DEBUG - 
=== STEP 35 DATA STRUCTURES ===
Current Cell: (9, 1)
explored_cells: [(0, 0), (0, 1), (1, 0), (1, 1), (1, 2), (1, 3), (1, 4), (1, 5), (2, 0), (2, 1), (2, 2), (2, 3), (2, 4), (3, 0), (3, 1), (3, 2), (3, 3), (3, 4), (4, 0), (4, 1), (4, 2), (4, 3), (4, 4), (5, 0), (5, 1), (5, 2), (5, 3), (6, 0), (6, 1), (6, 2), (7, 0), (7, 1), (7, 2), (8, 0), (8, 1), (9, 0), (9, 1), (10, 0), (10, 1), (11, 0)]
accessible_from:
  (0, 0) -> [(0, 1), (1, 0)]
  (0, 1) -> [(0, 0), (1, 1)]
  (1, 0) -> [(0, 0), (1, 1), (2, 0)]
  (1, 1) -> [(0, 1), (1, 0), (2, 1)]
  (1, 2) -> [(1, 3), (2, 2)]
  (1, 3) -> [(1, 2), (2, 3)]
  (1, 4) -> [(1, 5), (2, 4)]
  (1, 5) -> [(1, 4)]
  (2, 0) -> [(1, 0), (3, 0)]
  (2, 1) -> [(1, 1), (2, 2)]
  (2, 2) -> [(1, 2), (2, 1), (3, 2)]
  (2, 3) -> [(1, 3), (2, 4), (3, 3)]
  (2, 4) -> [(1, 4), (2, 3), (3, 4)]
  (3, 0) -> [(2, 0), (4, 0)]
  (3, 1) -> [(3, 2), (4, 1)]
  (3, 2) -> [(2, 2), (3, 1), (4, 2)]
  (3, 3) -> [(2, 3), (3, 4), (4, 3)]
  (3, 4) -> [(2, 4), (3, 3), (4, 4)]
  (4, 0) -> [(3, 0), (5, 0)]
  (4, 1) -> [(3, 1), (4, 2), (5, 1)]
  (4, 2) -> [(3, 2), (4, 1)]
  (4, 3) -> [(3, 3), (4, 4), (5, 3)]
  (4, 4) -> [(3, 4), (4, 3)]
  (5, 0) -> [(4, 0), (5, 1), (6, 0)]
  (5, 1) -> [(4, 1), (5, 0), (5, 2), (6, 1)]
  (5, 2) -> [(5, 1), (6, 2)]
  (5, 3) -> [(4, 3)]
  (6, 0) -> [(5, 0), (6, 1), (7, 0)]
  (6, 1) -> [(5, 1), (6, 0), (7, 1)]
  (6, 2) -> [(5, 2), (7, 2)]
  (7, 0) -> [(6, 0), (7, 1), (8, 0)]
  (7, 1) -> [(6, 1), (7, 0), (8, 1)]
  (7, 2) -> [(6, 2)]
  (8, 0) -> [(7, 0), (8, 1), (9, 0)]
  (8, 1) -> [(7, 1), (8, 0)]
  (9, 0) -> [(8, 0), (9, 1), (10, 0)]
  (9, 1) -> [(9, 0), (10, 1)]
  (10, 0) -> [(9, 0), (10, 1), (11, 0)]
  (10, 1) -> [(9, 1), (10, 0)]
  (11, 0) -> [(10, 0)]
parent_path: {}
exploration_queue: [(5, 3), (4, 4), (1, 5), (11, 0), (10, 1)]

2025-07-31 20:36:17,399 - DEBUG - 
=== VISUAL BOARD - STEP 35 - BFS-EXPLORATION ===
   0  1  2  3  4  5  6  7  8  9 10 11
11 .  .  .  .  .  .  .  .  .  .  .  .   11
10 .  .  .  .  .  .  .  .  .  .  .  .   10
 9 .  .  .  .  .  .  .  .  .  .  .  .    9
 8 .  .  .  .  .  .  .  .  .  .  .  .    8
 7 .  .  .  .  .  .  .  .  .  .  .  .    7
 6 .  .  .  .  .  .  .  .  .  .  .  .    6
 5 .  V  .  .  .  .  .  .  .  .  .  .    5
 4 .  V  V  V  V  .  .  .  .  .  .  .    4
 3 .  V  V  V  V  V  .  .  .  .  .  .    3
 2 .  V  V  V  V  V  V  V  .  .  .  .    2
 1 V  V  V  V  V  V  V  V  V  R  V  .    1
 0 V  V  V  V  V  V  V  V  V  V  V  V    0
   0  1  2  3  4  5  6  7  8  9 10 11
Legend: R=Robot, V=Visited, P=Path, .=Unvisited

2025-07-31 20:36:17,399 - INFO - BFS Exploration Step 36: Exploring (5, 3)
2025-07-31 20:36:17,399 - DEBUG - Moving down from (9, 1) to (9, 0)
2025-07-31 20:36:17,464 - DEBUG - Moving left from (9, 0) to (8, 0)
2025-07-31 20:36:17,572 - DEBUG - Moving left from (8, 0) to (7, 0)
2025-07-31 20:36:17,681 - DEBUG - Moving up from (7, 0) to (7, 1)
2025-07-31 20:36:17,746 - DEBUG - Moving left from (7, 1) to (6, 1)
2025-07-31 20:36:17,854 - DEBUG - Moving left from (6, 1) to (5, 1)
2025-07-31 20:36:17,956 - DEBUG - Moving left from (5, 1) to (4, 1)
2025-07-31 20:36:18,066 - DEBUG - Moving left from (4, 1) to (3, 1)
2025-07-31 20:36:18,175 - DEBUG - Moving up from (3, 1) to (3, 2)
2025-07-31 20:36:18,242 - DEBUG - Moving left from (3, 2) to (2, 2)
2025-07-31 20:36:18,344 - DEBUG - Moving left from (2, 2) to (1, 2)
2025-07-31 20:36:18,454 - DEBUG - Moving up from (1, 2) to (1, 3)
2025-07-31 20:36:18,518 - DEBUG - Moving right from (1, 3) to (2, 3)
2025-07-31 20:36:18,615 - DEBUG - Moving right from (2, 3) to (3, 3)
2025-07-31 20:36:18,738 - DEBUG - Moving right from (3, 3) to (4, 3)
2025-07-31 20:36:18,857 - DEBUG - Moving right from (4, 3) to (5, 3)
2025-07-31 20:36:18,972 - DEBUG - Sensor readings: {'front': 1295.520879208097, 'right': 2000.0, 'back': 334.4912355573866, 'left': 2000.0}
2025-07-31 20:36:18,973 - DEBUG - Added neighbor right: (6, 3)
2025-07-31 20:36:18,973 - DEBUG - Added neighbor up: (5, 4)
2025-07-31 20:36:18,973 - DEBUG - Wall detected down to (5, 2)
2025-07-31 20:36:18,973 - DEBUG - Added 2 new neighbors. Queue size: 6
2025-07-31 20:36:18,973 - DEBUG - 
=== STEP 36 DATA STRUCTURES ===
Current Cell: (5, 3)
explored_cells: [(0, 0), (0, 1), (1, 0), (1, 1), (1, 2), (1, 3), (1, 4), (1, 5), (2, 0), (2, 1), (2, 2), (2, 3), (2, 4), (3, 0), (3, 1), (3, 2), (3, 3), (3, 4), (4, 0), (4, 1), (4, 2), (4, 3), (4, 4), (5, 0), (5, 1), (5, 2), (5, 3), (5, 4), (6, 0), (6, 1), (6, 2), (6, 3), (7, 0), (7, 1), (7, 2), (8, 0), (8, 1), (9, 0), (9, 1), (10, 0), (10, 1), (11, 0)]
accessible_from:
  (0, 0) -> [(0, 1), (1, 0)]
  (0, 1) -> [(0, 0), (1, 1)]
  (1, 0) -> [(0, 0), (1, 1), (2, 0)]
  (1, 1) -> [(0, 1), (1, 0), (2, 1)]
  (1, 2) -> [(1, 3), (2, 2)]
  (1, 3) -> [(1, 2), (2, 3)]
  (1, 4) -> [(1, 5), (2, 4)]
  (1, 5) -> [(1, 4)]
  (2, 0) -> [(1, 0), (3, 0)]
  (2, 1) -> [(1, 1), (2, 2)]
  (2, 2) -> [(1, 2), (2, 1), (3, 2)]
  (2, 3) -> [(1, 3), (2, 4), (3, 3)]
  (2, 4) -> [(1, 4), (2, 3), (3, 4)]
  (3, 0) -> [(2, 0), (4, 0)]
  (3, 1) -> [(3, 2), (4, 1)]
  (3, 2) -> [(2, 2), (3, 1), (4, 2)]
  (3, 3) -> [(2, 3), (3, 4), (4, 3)]
  (3, 4) -> [(2, 4), (3, 3), (4, 4)]
  (4, 0) -> [(3, 0), (5, 0)]
  (4, 1) -> [(3, 1), (4, 2), (5, 1)]
  (4, 2) -> [(3, 2), (4, 1)]
  (4, 3) -> [(3, 3), (4, 4), (5, 3)]
  (4, 4) -> [(3, 4), (4, 3)]
  (5, 0) -> [(4, 0), (5, 1), (6, 0)]
  (5, 1) -> [(4, 1), (5, 0), (5, 2), (6, 1)]
  (5, 2) -> [(5, 1), (6, 2)]
  (5, 3) -> [(4, 3), (5, 4), (6, 3)]
  (5, 4) -> [(5, 3)]
  (6, 0) -> [(5, 0), (6, 1), (7, 0)]
  (6, 1) -> [(5, 1), (6, 0), (7, 1)]
  (6, 2) -> [(5, 2), (7, 2)]
  (6, 3) -> [(5, 3)]
  (7, 0) -> [(6, 0), (7, 1), (8, 0)]
  (7, 1) -> [(6, 1), (7, 0), (8, 1)]
  (7, 2) -> [(6, 2)]
  (8, 0) -> [(7, 0), (8, 1), (9, 0)]
  (8, 1) -> [(7, 1), (8, 0)]
  (9, 0) -> [(8, 0), (9, 1), (10, 0)]
  (9, 1) -> [(9, 0), (10, 1)]
  (10, 0) -> [(9, 0), (10, 1), (11, 0)]
  (10, 1) -> [(9, 1), (10, 0)]
  (11, 0) -> [(10, 0)]
parent_path: {}
exploration_queue: [(4, 4), (1, 5), (11, 0), (10, 1), (6, 3), (5, 4)]

2025-07-31 20:36:18,973 - DEBUG - 
=== VISUAL BOARD - STEP 36 - BFS-EXPLORATION ===
   0  1  2  3  4  5  6  7  8  9 10 11
11 .  .  .  .  .  .  .  .  .  .  .  .   11
10 .  .  .  .  .  .  .  .  .  .  .  .   10
 9 .  .  .  .  .  .  .  .  .  .  .  .    9
 8 .  .  .  .  .  .  .  .  .  .  .  .    8
 7 .  .  .  .  .  .  .  .  .  .  .  .    7
 6 .  .  .  .  .  .  .  .  .  .  .  .    6
 5 .  V  .  .  .  .  .  .  .  .  .  .    5
 4 .  V  V  V  V  V  .  .  .  .  .  .    4
 3 .  V  V  V  V  R  V  .  .  .  .  .    3
 2 .  V  V  V  V  V  V  V  .  .  .  .    2
 1 V  V  V  V  V  V  V  V  V  V  V  .    1
 0 V  V  V  V  V  V  V  V  V  V  V  V    0
   0  1  2  3  4  5  6  7  8  9 10 11
Legend: R=Robot, V=Visited, P=Path, .=Unvisited

2025-07-31 20:36:18,973 - INFO - BFS Exploration Step 37: Exploring (4, 4)
2025-07-31 20:36:18,973 - DEBUG - Moving left from (5, 3) to (4, 3)
2025-07-31 20:36:19,088 - DEBUG - Moving up from (4, 3) to (4, 4)
2025-07-31 20:36:19,153 - DEBUG - Sensor readings: {'front': 359.3792758943303, 'right': 1292.3812110719578, 'back': 1270.6306019548529, 'left': 2000.0}
2025-07-31 20:36:19,153 - DEBUG - Wall detected up to (4, 5)
2025-07-31 20:36:19,153 - DEBUG - Added 0 new neighbors. Queue size: 5
2025-07-31 20:36:19,154 - DEBUG - 
=== STEP 37 DATA STRUCTURES ===
Current Cell: (4, 4)
explored_cells: [(0, 0), (0, 1), (1, 0), (1, 1), (1, 2), (1, 3), (1, 4), (1, 5), (2, 0), (2, 1), (2, 2), (2, 3), (2, 4), (3, 0), (3, 1), (3, 2), (3, 3), (3, 4), (4, 0), (4, 1), (4, 2), (4, 3), (4, 4), (5, 0), (5, 1), (5, 2), (5, 3), (5, 4), (6, 0), (6, 1), (6, 2), (6, 3), (7, 0), (7, 1), (7, 2), (8, 0), (8, 1), (9, 0), (9, 1), (10, 0), (10, 1), (11, 0)]
accessible_from:
  (0, 0) -> [(0, 1), (1, 0)]
  (0, 1) -> [(0, 0), (1, 1)]
  (1, 0) -> [(0, 0), (1, 1), (2, 0)]
  (1, 1) -> [(0, 1), (1, 0), (2, 1)]
  (1, 2) -> [(1, 3), (2, 2)]
  (1, 3) -> [(1, 2), (2, 3)]
  (1, 4) -> [(1, 5), (2, 4)]
  (1, 5) -> [(1, 4)]
  (2, 0) -> [(1, 0), (3, 0)]
  (2, 1) -> [(1, 1), (2, 2)]
  (2, 2) -> [(1, 2), (2, 1), (3, 2)]
  (2, 3) -> [(1, 3), (2, 4), (3, 3)]
  (2, 4) -> [(1, 4), (2, 3), (3, 4)]
  (3, 0) -> [(2, 0), (4, 0)]
  (3, 1) -> [(3, 2), (4, 1)]
  (3, 2) -> [(2, 2), (3, 1), (4, 2)]
  (3, 3) -> [(2, 3), (3, 4), (4, 3)]
  (3, 4) -> [(2, 4), (3, 3), (4, 4)]
  (4, 0) -> [(3, 0), (5, 0)]
  (4, 1) -> [(3, 1), (4, 2), (5, 1)]
  (4, 2) -> [(3, 2), (4, 1)]
  (4, 3) -> [(3, 3), (4, 4), (5, 3)]
  (4, 4) -> [(3, 4), (4, 3), (5, 4)]
  (5, 0) -> [(4, 0), (5, 1), (6, 0)]
  (5, 1) -> [(4, 1), (5, 0), (5, 2), (6, 1)]
  (5, 2) -> [(5, 1), (6, 2)]
  (5, 3) -> [(4, 3), (5, 4), (6, 3)]
  (5, 4) -> [(4, 4), (5, 3)]
  (6, 0) -> [(5, 0), (6, 1), (7, 0)]
  (6, 1) -> [(5, 1), (6, 0), (7, 1)]
  (6, 2) -> [(5, 2), (7, 2)]
  (6, 3) -> [(5, 3)]
  (7, 0) -> [(6, 0), (7, 1), (8, 0)]
  (7, 1) -> [(6, 1), (7, 0), (8, 1)]
  (7, 2) -> [(6, 2)]
  (8, 0) -> [(7, 0), (8, 1), (9, 0)]
  (8, 1) -> [(7, 1), (8, 0)]
  (9, 0) -> [(8, 0), (9, 1), (10, 0)]
  (9, 1) -> [(9, 0), (10, 1)]
  (10, 0) -> [(9, 0), (10, 1), (11, 0)]
  (10, 1) -> [(9, 1), (10, 0)]
  (11, 0) -> [(10, 0)]
parent_path: {}
exploration_queue: [(1, 5), (11, 0), (10, 1), (6, 3), (5, 4)]

2025-07-31 20:36:19,154 - DEBUG - 
=== VISUAL BOARD - STEP 37 - BFS-EXPLORATION ===
   0  1  2  3  4  5  6  7  8  9 10 11
11 .  .  .  .  .  .  .  .  .  .  .  .   11
10 .  .  .  .  .  .  .  .  .  .  .  .   10
 9 .  .  .  .  .  .  .  .  .  .  .  .    9
 8 .  .  .  .  .  .  .  .  .  .  .  .    8
 7 .  .  .  .  .  .  .  .  .  .  .  .    7
 6 .  .  .  .  .  .  .  .  .  .  .  .    6
 5 .  V  .  .  .  .  .  .  .  .  .  .    5
 4 .  V  V  V  R  V  .  .  .  .  .  .    4
 3 .  V  V  V  V  V  V  .  .  .  .  .    3
 2 .  V  V  V  V  V  V  V  .  .  .  .    2
 1 V  V  V  V  V  V  V  V  V  V  V  .    1
 0 V  V  V  V  V  V  V  V  V  V  V  V    0
   0  1  2  3  4  5  6  7  8  9 10 11
Legend: R=Robot, V=Visited, P=Path, .=Unvisited

2025-07-31 20:36:19,154 - INFO - BFS Exploration Step 38: Exploring (1, 5)
2025-07-31 20:36:19,154 - DEBUG - Moving left from (4, 4) to (3, 4)
2025-07-31 20:36:19,252 - DEBUG - Moving left from (3, 4) to (2, 4)
2025-07-31 20:36:19,361 - DEBUG - Moving left from (2, 4) to (1, 4)
2025-07-31 20:36:19,458 - DEBUG - Moving up from (1, 4) to (1, 5)
2025-07-31 20:36:19,522 - DEBUG - Sensor readings: {'front': 359.3774550428358, 'right': 2000.0, 'back': 1272.1145468792288, 'left': 1369.1560419014068}
2025-07-31 20:36:19,522 - DEBUG - Added neighbor right: (2, 5)
2025-07-31 20:36:19,522 - DEBUG - Wall detected up to (1, 6)
2025-07-31 20:36:19,522 - DEBUG - Added neighbor left: (0, 5)
2025-07-31 20:36:19,522 - DEBUG - Added 2 new neighbors. Queue size: 6
2025-07-31 20:36:19,522 - DEBUG - 
=== STEP 38 DATA STRUCTURES ===
Current Cell: (1, 5)
explored_cells: [(0, 0), (0, 1), (0, 5), (1, 0), (1, 1), (1, 2), (1, 3), (1, 4), (1, 5), (2, 0), (2, 1), (2, 2), (2, 3), (2, 4), (2, 5), (3, 0), (3, 1), (3, 2), (3, 3), (3, 4), (4, 0), (4, 1), (4, 2), (4, 3), (4, 4), (5, 0), (5, 1), (5, 2), (5, 3), (5, 4), (6, 0), (6, 1), (6, 2), (6, 3), (7, 0), (7, 1), (7, 2), (8, 0), (8, 1), (9, 0), (9, 1), (10, 0), (10, 1), (11, 0)]
accessible_from:
  (0, 0) -> [(0, 1), (1, 0)]
  (0, 1) -> [(0, 0), (1, 1)]
  (0, 5) -> [(1, 5)]
  (1, 0) -> [(0, 0), (1, 1), (2, 0)]
  (1, 1) -> [(0, 1), (1, 0), (2, 1)]
  (1, 2) -> [(1, 3), (2, 2)]
  (1, 3) -> [(1, 2), (2, 3)]
  (1, 4) -> [(1, 5), (2, 4)]
  (1, 5) -> [(0, 5), (1, 4), (2, 5)]
  (2, 0) -> [(1, 0), (3, 0)]
  (2, 1) -> [(1, 1), (2, 2)]
  (2, 2) -> [(1, 2), (2, 1), (3, 2)]
  (2, 3) -> [(1, 3), (2, 4), (3, 3)]
  (2, 4) -> [(1, 4), (2, 3), (3, 4)]
  (2, 5) -> [(1, 5)]
  (3, 0) -> [(2, 0), (4, 0)]
  (3, 1) -> [(3, 2), (4, 1)]
  (3, 2) -> [(2, 2), (3, 1), (4, 2)]
  (3, 3) -> [(2, 3), (3, 4), (4, 3)]
  (3, 4) -> [(2, 4), (3, 3), (4, 4)]
  (4, 0) -> [(3, 0), (5, 0)]
  (4, 1) -> [(3, 1), (4, 2), (5, 1)]
  (4, 2) -> [(3, 2), (4, 1)]
  (4, 3) -> [(3, 3), (4, 4), (5, 3)]
  (4, 4) -> [(3, 4), (4, 3), (5, 4)]
  (5, 0) -> [(4, 0), (5, 1), (6, 0)]
  (5, 1) -> [(4, 1), (5, 0), (5, 2), (6, 1)]
  (5, 2) -> [(5, 1), (6, 2)]
  (5, 3) -> [(4, 3), (5, 4), (6, 3)]
  (5, 4) -> [(4, 4), (5, 3)]
  (6, 0) -> [(5, 0), (6, 1), (7, 0)]
  (6, 1) -> [(5, 1), (6, 0), (7, 1)]
  (6, 2) -> [(5, 2), (7, 2)]
  (6, 3) -> [(5, 3)]
  (7, 0) -> [(6, 0), (7, 1), (8, 0)]
  (7, 1) -> [(6, 1), (7, 0), (8, 1)]
  (7, 2) -> [(6, 2)]
  (8, 0) -> [(7, 0), (8, 1), (9, 0)]
  (8, 1) -> [(7, 1), (8, 0)]
  (9, 0) -> [(8, 0), (9, 1), (10, 0)]
  (9, 1) -> [(9, 0), (10, 1)]
  (10, 0) -> [(9, 0), (10, 1), (11, 0)]
  (10, 1) -> [(9, 1), (10, 0)]
  (11, 0) -> [(10, 0)]
parent_path: {}
exploration_queue: [(11, 0), (10, 1), (6, 3), (5, 4), (2, 5), (0, 5)]

2025-07-31 20:36:19,522 - DEBUG - 
=== VISUAL BOARD - STEP 38 - BFS-EXPLORATION ===
   0  1  2  3  4  5  6  7  8  9 10 11
11 .  .  .  .  .  .  .  .  .  .  .  .   11
10 .  .  .  .  .  .  .  .  .  .  .  .   10
 9 .  .  .  .  .  .  .  .  .  .  .  .    9
 8 .  .  .  .  .  .  .  .  .  .  .  .    8
 7 .  .  .  .  .  .  .  .  .  .  .  .    7
 6 .  .  .  .  .  .  .  .  .  .  .  .    6
 5 V  R  V  .  .  .  .  .  .  .  .  .    5
 4 .  V  V  V  V  V  .  .  .  .  .  .    4
 3 .  V  V  V  V  V  V  .  .  .  .  .    3
 2 .  V  V  V  V  V  V  V  .  .  .  .    2
 1 V  V  V  V  V  V  V  V  V  V  V  .    1
 0 V  V  V  V  V  V  V  V  V  V  V  V    0
   0  1  2  3  4  5  6  7  8  9 10 11
Legend: R=Robot, V=Visited, P=Path, .=Unvisited

2025-07-31 20:36:19,522 - INFO - BFS Exploration Step 39: Exploring (11, 0)
2025-07-31 20:36:19,523 - DEBUG - Moving down from (1, 5) to (1, 4)
2025-07-31 20:36:19,595 - DEBUG - Moving right from (1, 4) to (2, 4)
2025-07-31 20:36:19,691 - DEBUG - Moving down from (2, 4) to (2, 3)
2025-07-31 20:36:19,758 - DEBUG - Moving left from (2, 3) to (1, 3)
2025-07-31 20:36:19,855 - DEBUG - Moving down from (1, 3) to (1, 2)
2025-07-31 20:36:19,928 - DEBUG - Moving right from (1, 2) to (2, 2)
2025-07-31 20:36:20,026 - DEBUG - Moving right from (2, 2) to (3, 2)
2025-07-31 20:36:20,129 - DEBUG - Moving down from (3, 2) to (3, 1)
2025-07-31 20:36:20,199 - DEBUG - Moving right from (3, 1) to (4, 1)
2025-07-31 20:36:20,299 - DEBUG - Moving right from (4, 1) to (5, 1)
2025-07-31 20:36:20,396 - DEBUG - Moving right from (5, 1) to (6, 1)
2025-07-31 20:36:20,501 - DEBUG - Moving right from (6, 1) to (7, 1)
2025-07-31 20:36:20,610 - DEBUG - Moving down from (7, 1) to (7, 0)
2025-07-31 20:36:20,674 - DEBUG - Moving right from (7, 0) to (8, 0)
2025-07-31 20:36:20,775 - DEBUG - Moving right from (8, 0) to (9, 0)
2025-07-31 20:36:20,875 - DEBUG - Moving right from (9, 0) to (10, 0)
2025-07-31 20:36:20,974 - DEBUG - Moving right from (10, 0) to (11, 0)
2025-07-31 20:36:21,067 - DEBUG - Sensor readings: {'front': 2000.0, 'right': 392.1191753154927, 'back': 342.1055652022331, 'left': 2000.0}
2025-07-31 20:36:21,068 - DEBUG - Added neighbor up: (11, 1)
2025-07-31 20:36:21,068 - DEBUG - Added 1 new neighbors. Queue size: 6
2025-07-31 20:36:21,068 - DEBUG - 
=== STEP 39 DATA STRUCTURES ===
Current Cell: (11, 0)
explored_cells: [(0, 0), (0, 1), (0, 5), (1, 0), (1, 1), (1, 2), (1, 3), (1, 4), (1, 5), (2, 0), (2, 1), (2, 2), (2, 3), (2, 4), (2, 5), (3, 0), (3, 1), (3, 2), (3, 3), (3, 4), (4, 0), (4, 1), (4, 2), (4, 3), (4, 4), (5, 0), (5, 1), (5, 2), (5, 3), (5, 4), (6, 0), (6, 1), (6, 2), (6, 3), (7, 0), (7, 1), (7, 2), (8, 0), (8, 1), (9, 0), (9, 1), (10, 0), (10, 1), (11, 0), (11, 1)]
accessible_from:
  (0, 0) -> [(0, 1), (1, 0)]
  (0, 1) -> [(0, 0), (1, 1)]
  (0, 5) -> [(1, 5)]
  (1, 0) -> [(0, 0), (1, 1), (2, 0)]
  (1, 1) -> [(0, 1), (1, 0), (2, 1)]
  (1, 2) -> [(1, 3), (2, 2)]
  (1, 3) -> [(1, 2), (2, 3)]
  (1, 4) -> [(1, 5), (2, 4)]
  (1, 5) -> [(0, 5), (1, 4), (2, 5)]
  (2, 0) -> [(1, 0), (3, 0)]
  (2, 1) -> [(1, 1), (2, 2)]
  (2, 2) -> [(1, 2), (2, 1), (3, 2)]
  (2, 3) -> [(1, 3), (2, 4), (3, 3)]
  (2, 4) -> [(1, 4), (2, 3), (3, 4)]
  (2, 5) -> [(1, 5)]
  (3, 0) -> [(2, 0), (4, 0)]
  (3, 1) -> [(3, 2), (4, 1)]
  (3, 2) -> [(2, 2), (3, 1), (4, 2)]
  (3, 3) -> [(2, 3), (3, 4), (4, 3)]
  (3, 4) -> [(2, 4), (3, 3), (4, 4)]
  (4, 0) -> [(3, 0), (5, 0)]
  (4, 1) -> [(3, 1), (4, 2), (5, 1)]
  (4, 2) -> [(3, 2), (4, 1)]
  (4, 3) -> [(3, 3), (4, 4), (5, 3)]
  (4, 4) -> [(3, 4), (4, 3), (5, 4)]
  (5, 0) -> [(4, 0), (5, 1), (6, 0)]
  (5, 1) -> [(4, 1), (5, 0), (5, 2), (6, 1)]
  (5, 2) -> [(5, 1), (6, 2)]
  (5, 3) -> [(4, 3), (5, 4), (6, 3)]
  (5, 4) -> [(4, 4), (5, 3)]
  (6, 0) -> [(5, 0), (6, 1), (7, 0)]
  (6, 1) -> [(5, 1), (6, 0), (7, 1)]
  (6, 2) -> [(5, 2), (7, 2)]
  (6, 3) -> [(5, 3)]
  (7, 0) -> [(6, 0), (7, 1), (8, 0)]
  (7, 1) -> [(6, 1), (7, 0), (8, 1)]
  (7, 2) -> [(6, 2)]
  (8, 0) -> [(7, 0), (8, 1), (9, 0)]
  (8, 1) -> [(7, 1), (8, 0)]
  (9, 0) -> [(8, 0), (9, 1), (10, 0)]
  (9, 1) -> [(9, 0), (10, 1)]
  (10, 0) -> [(9, 0), (10, 1), (11, 0)]
  (10, 1) -> [(9, 1), (10, 0)]
  (11, 0) -> [(10, 0), (11, 1)]
  (11, 1) -> [(11, 0)]
parent_path: {}
exploration_queue: [(10, 1), (6, 3), (5, 4), (2, 5), (0, 5), (11, 1)]

2025-07-31 20:36:21,068 - DEBUG - 
=== VISUAL BOARD - STEP 39 - BFS-EXPLORATION ===
   0  1  2  3  4  5  6  7  8  9 10 11
11 .  .  .  .  .  .  .  .  .  .  .  .   11
10 .  .  .  .  .  .  .  .  .  .  .  .   10
 9 .  .  .  .  .  .  .  .  .  .  .  .    9
 8 .  .  .  .  .  .  .  .  .  .  .  .    8
 7 .  .  .  .  .  .  .  .  .  .  .  .    7
 6 .  .  .  .  .  .  .  .  .  .  .  .    6
 5 V  V  V  .  .  .  .  .  .  .  .  .    5
 4 .  V  V  V  V  V  .  .  .  .  .  .    4
 3 .  V  V  V  V  V  V  .  .  .  .  .    3
 2 .  V  V  V  V  V  V  V  .  .  .  .    2
 1 V  V  V  V  V  V  V  V  V  V  V  V    1
 0 V  V  V  V  V  V  V  V  V  V  V  R    0
   0  1  2  3  4  5  6  7  8  9 10 11
Legend: R=Robot, V=Visited, P=Path, .=Unvisited

2025-07-31 20:36:21,068 - INFO - BFS Exploration Step 40: Exploring (10, 1)
2025-07-31 20:36:21,068 - DEBUG - Moving left from (11, 0) to (10, 0)
2025-07-31 20:36:21,170 - DEBUG - Moving up from (10, 0) to (10, 1)
2025-07-31 20:36:21,234 - DEBUG - Sensor readings: {'front': 364.74905810257036, 'right': 1331.2323409628982, 'back': 1293.4100101157114, 'left': 1328.588957541928}
2025-07-31 20:36:21,235 - DEBUG - Wall detected up to (10, 2)
2025-07-31 20:36:21,235 - DEBUG - Added 0 new neighbors. Queue size: 5
2025-07-31 20:36:21,235 - DEBUG - 
=== STEP 40 DATA STRUCTURES ===
Current Cell: (10, 1)
explored_cells: [(0, 0), (0, 1), (0, 5), (1, 0), (1, 1), (1, 2), (1, 3), (1, 4), (1, 5), (2, 0), (2, 1), (2, 2), (2, 3), (2, 4), (2, 5), (3, 0), (3, 1), (3, 2), (3, 3), (3, 4), (4, 0), (4, 1), (4, 2), (4, 3), (4, 4), (5, 0), (5, 1), (5, 2), (5, 3), (5, 4), (6, 0), (6, 1), (6, 2), (6, 3), (7, 0), (7, 1), (7, 2), (8, 0), (8, 1), (9, 0), (9, 1), (10, 0), (10, 1), (11, 0), (11, 1)]
accessible_from:
  (0, 0) -> [(0, 1), (1, 0)]
  (0, 1) -> [(0, 0), (1, 1)]
  (0, 5) -> [(1, 5)]
  (1, 0) -> [(0, 0), (1, 1), (2, 0)]
  (1, 1) -> [(0, 1), (1, 0), (2, 1)]
  (1, 2) -> [(1, 3), (2, 2)]
  (1, 3) -> [(1, 2), (2, 3)]
  (1, 4) -> [(1, 5), (2, 4)]
  (1, 5) -> [(0, 5), (1, 4), (2, 5)]
  (2, 0) -> [(1, 0), (3, 0)]
  (2, 1) -> [(1, 1), (2, 2)]
  (2, 2) -> [(1, 2), (2, 1), (3, 2)]
  (2, 3) -> [(1, 3), (2, 4), (3, 3)]
  (2, 4) -> [(1, 4), (2, 3), (3, 4)]
  (2, 5) -> [(1, 5)]
  (3, 0) -> [(2, 0), (4, 0)]
  (3, 1) -> [(3, 2), (4, 1)]
  (3, 2) -> [(2, 2), (3, 1), (4, 2)]
  (3, 3) -> [(2, 3), (3, 4), (4, 3)]
  (3, 4) -> [(2, 4), (3, 3), (4, 4)]
  (4, 0) -> [(3, 0), (5, 0)]
  (4, 1) -> [(3, 1), (4, 2), (5, 1)]
  (4, 2) -> [(3, 2), (4, 1)]
  (4, 3) -> [(3, 3), (4, 4), (5, 3)]
  (4, 4) -> [(3, 4), (4, 3), (5, 4)]
  (5, 0) -> [(4, 0), (5, 1), (6, 0)]
  (5, 1) -> [(4, 1), (5, 0), (5, 2), (6, 1)]
  (5, 2) -> [(5, 1), (6, 2)]
  (5, 3) -> [(4, 3), (5, 4), (6, 3)]
  (5, 4) -> [(4, 4), (5, 3)]
  (6, 0) -> [(5, 0), (6, 1), (7, 0)]
  (6, 1) -> [(5, 1), (6, 0), (7, 1)]
  (6, 2) -> [(5, 2), (7, 2)]
  (6, 3) -> [(5, 3)]
  (7, 0) -> [(6, 0), (7, 1), (8, 0)]
  (7, 1) -> [(6, 1), (7, 0), (8, 1)]
  (7, 2) -> [(6, 2)]
  (8, 0) -> [(7, 0), (8, 1), (9, 0)]
  (8, 1) -> [(7, 1), (8, 0)]
  (9, 0) -> [(8, 0), (9, 1), (10, 0)]
  (9, 1) -> [(9, 0), (10, 1)]
  (10, 0) -> [(9, 0), (10, 1), (11, 0)]
  (10, 1) -> [(9, 1), (10, 0), (11, 1)]
  (11, 0) -> [(10, 0), (11, 1)]
  (11, 1) -> [(10, 1), (11, 0)]
parent_path: {}
exploration_queue: [(6, 3), (5, 4), (2, 5), (0, 5), (11, 1)]

2025-07-31 20:36:21,235 - DEBUG - 
=== VISUAL BOARD - STEP 40 - BFS-EXPLORATION ===
   0  1  2  3  4  5  6  7  8  9 10 11
11 .  .  .  .  .  .  .  .  .  .  .  .   11
10 .  .  .  .  .  .  .  .  .  .  .  .   10
 9 .  .  .  .  .  .  .  .  .  .  .  .    9
 8 .  .  .  .  .  .  .  .  .  .  .  .    8
 7 .  .  .  .  .  .  .  .  .  .  .  .    7
 6 .  .  .  .  .  .  .  .  .  .  .  .    6
 5 V  V  V  .  .  .  .  .  .  .  .  .    5
 4 .  V  V  V  V  V  .  .  .  .  .  .    4
 3 .  V  V  V  V  V  V  .  .  .  .  .    3
 2 .  V  V  V  V  V  V  V  .  .  .  .    2
 1 V  V  V  V  V  V  V  V  V  V  R  V    1
 0 V  V  V  V  V  V  V  V  V  V  V  V    0
   0  1  2  3  4  5  6  7  8  9 10 11
Legend: R=Robot, V=Visited, P=Path, .=Unvisited

2025-07-31 20:36:21,235 - INFO - BFS Exploration Step 41: Exploring (6, 3)
2025-07-31 20:36:21,235 - DEBUG - Moving left from (10, 1) to (9, 1)
2025-07-31 20:36:21,335 - DEBUG - Moving down from (9, 1) to (9, 0)
2025-07-31 20:36:21,408 - DEBUG - Moving left from (9, 0) to (8, 0)
2025-07-31 20:36:21,510 - DEBUG - Moving left from (8, 0) to (7, 0)
2025-07-31 20:36:21,613 - DEBUG - Moving up from (7, 0) to (7, 1)
2025-07-31 20:36:21,680 - DEBUG - Moving left from (7, 1) to (6, 1)
2025-07-31 20:36:21,784 - DEBUG - Moving left from (6, 1) to (5, 1)
2025-07-31 20:36:21,886 - DEBUG - Moving left from (5, 1) to (4, 1)
2025-07-31 20:36:21,992 - DEBUG - Moving left from (4, 1) to (3, 1)
2025-07-31 20:36:22,094 - DEBUG - Moving up from (3, 1) to (3, 2)
2025-07-31 20:36:22,160 - DEBUG - Moving left from (3, 2) to (2, 2)
2025-07-31 20:36:22,265 - DEBUG - Moving left from (2, 2) to (1, 2)
2025-07-31 20:36:22,373 - DEBUG - Moving up from (1, 2) to (1, 3)
2025-07-31 20:36:22,432 - DEBUG - Moving right from (1, 3) to (2, 3)
2025-07-31 20:36:22,529 - DEBUG - Moving right from (2, 3) to (3, 3)
2025-07-31 20:36:22,633 - DEBUG - Moving right from (3, 3) to (4, 3)
2025-07-31 20:36:22,735 - DEBUG - Moving right from (4, 3) to (5, 3)
2025-07-31 20:36:22,836 - DEBUG - Moving right from (5, 3) to (6, 3)
2025-07-31 20:36:22,944 - DEBUG - Sensor readings: {'front': 2000.0, 'right': 1361.358333309404, 'back': 338.22788349658674, 'left': 2000.0}
2025-07-31 20:36:22,944 - DEBUG - Added neighbor right: (7, 3)
2025-07-31 20:36:22,944 - DEBUG - Added neighbor up: (6, 4)
2025-07-31 20:36:22,944 - DEBUG - Wall detected down to (6, 2)
2025-07-31 20:36:22,944 - DEBUG - Added 2 new neighbors. Queue size: 6
2025-07-31 20:36:22,944 - DEBUG - 
=== STEP 41 DATA STRUCTURES ===
Current Cell: (6, 3)
explored_cells: [(0, 0), (0, 1), (0, 5), (1, 0), (1, 1), (1, 2), (1, 3), (1, 4), (1, 5), (2, 0), (2, 1), (2, 2), (2, 3), (2, 4), (2, 5), (3, 0), (3, 1), (3, 2), (3, 3), (3, 4), (4, 0), (4, 1), (4, 2), (4, 3), (4, 4), (5, 0), (5, 1), (5, 2), (5, 3), (5, 4), (6, 0), (6, 1), (6, 2), (6, 3), (6, 4), (7, 0), (7, 1), (7, 2), (7, 3), (8, 0), (8, 1), (9, 0), (9, 1), (10, 0), (10, 1), (11, 0), (11, 1)]
accessible_from:
  (0, 0) -> [(0, 1), (1, 0)]
  (0, 1) -> [(0, 0), (1, 1)]
  (0, 5) -> [(1, 5)]
  (1, 0) -> [(0, 0), (1, 1), (2, 0)]
  (1, 1) -> [(0, 1), (1, 0), (2, 1)]
  (1, 2) -> [(1, 3), (2, 2)]
  (1, 3) -> [(1, 2), (2, 3)]
  (1, 4) -> [(1, 5), (2, 4)]
  (1, 5) -> [(0, 5), (1, 4), (2, 5)]
  (2, 0) -> [(1, 0), (3, 0)]
  (2, 1) -> [(1, 1), (2, 2)]
  (2, 2) -> [(1, 2), (2, 1), (3, 2)]
  (2, 3) -> [(1, 3), (2, 4), (3, 3)]
  (2, 4) -> [(1, 4), (2, 3), (3, 4)]
  (2, 5) -> [(1, 5)]
  (3, 0) -> [(2, 0), (4, 0)]
  (3, 1) -> [(3, 2), (4, 1)]
  (3, 2) -> [(2, 2), (3, 1), (4, 2)]
  (3, 3) -> [(2, 3), (3, 4), (4, 3)]
  (3, 4) -> [(2, 4), (3, 3), (4, 4)]
  (4, 0) -> [(3, 0), (5, 0)]
  (4, 1) -> [(3, 1), (4, 2), (5, 1)]
  (4, 2) -> [(3, 2), (4, 1)]
  (4, 3) -> [(3, 3), (4, 4), (5, 3)]
  (4, 4) -> [(3, 4), (4, 3), (5, 4)]
  (5, 0) -> [(4, 0), (5, 1), (6, 0)]
  (5, 1) -> [(4, 1), (5, 0), (5, 2), (6, 1)]
  (5, 2) -> [(5, 1), (6, 2)]
  (5, 3) -> [(4, 3), (5, 4), (6, 3)]
  (5, 4) -> [(4, 4), (5, 3)]
  (6, 0) -> [(5, 0), (6, 1), (7, 0)]
  (6, 1) -> [(5, 1), (6, 0), (7, 1)]
  (6, 2) -> [(5, 2), (7, 2)]
  (6, 3) -> [(5, 3), (6, 4), (7, 3)]
  (6, 4) -> [(6, 3)]
  (7, 0) -> [(6, 0), (7, 1), (8, 0)]
  (7, 1) -> [(6, 1), (7, 0), (8, 1)]
  (7, 2) -> [(6, 2)]
  (7, 3) -> [(6, 3)]
  (8, 0) -> [(7, 0), (8, 1), (9, 0)]
  (8, 1) -> [(7, 1), (8, 0)]
  (9, 0) -> [(8, 0), (9, 1), (10, 0)]
  (9, 1) -> [(9, 0), (10, 1)]
  (10, 0) -> [(9, 0), (10, 1), (11, 0)]
  (10, 1) -> [(9, 1), (10, 0), (11, 1)]
  (11, 0) -> [(10, 0), (11, 1)]
  (11, 1) -> [(10, 1), (11, 0)]
parent_path: {}
exploration_queue: [(5, 4), (2, 5), (0, 5), (11, 1), (7, 3), (6, 4)]

2025-07-31 20:36:22,944 - DEBUG - 
=== VISUAL BOARD - STEP 41 - BFS-EXPLORATION ===
   0  1  2  3  4  5  6  7  8  9 10 11
11 .  .  .  .  .  .  .  .  .  .  .  .   11
10 .  .  .  .  .  .  .  .  .  .  .  .   10
 9 .  .  .  .  .  .  .  .  .  .  .  .    9
 8 .  .  .  .  .  .  .  .  .  .  .  .    8
 7 .  .  .  .  .  .  .  .  .  .  .  .    7
 6 .  .  .  .  .  .  .  .  .  .  .  .    6
 5 V  V  V  .  .  .  .  .  .  .  .  .    5
 4 .  V  V  V  V  V  V  .  .  .  .  .    4
 3 .  V  V  V  V  V  R  V  .  .  .  .    3
 2 .  V  V  V  V  V  V  V  .  .  .  .    2
 1 V  V  V  V  V  V  V  V  V  V  V  V    1
 0 V  V  V  V  V  V  V  V  V  V  V  V    0
   0  1  2  3  4  5  6  7  8  9 10 11
Legend: R=Robot, V=Visited, P=Path, .=Unvisited

2025-07-31 20:36:22,944 - INFO - BFS Exploration Step 42: Exploring (5, 4)
2025-07-31 20:36:22,944 - DEBUG - Moving left from (6, 3) to (5, 3)
2025-07-31 20:36:23,035 - DEBUG - Moving up from (5, 3) to (5, 4)
2025-07-31 20:36:23,098 - DEBUG - Sensor readings: {'front': 367.2563832598926, 'right': 312.7891886335157, 'back': 1267.4124691445083, 'left': 2000.0}
2025-07-31 20:36:23,099 - DEBUG - Wall detected right to (6, 4)
2025-07-31 20:36:23,099 - DEBUG - Wall detected up to (5, 5)
2025-07-31 20:36:23,099 - DEBUG - Added 0 new neighbors. Queue size: 5
2025-07-31 20:36:23,099 - DEBUG - 
=== STEP 42 DATA STRUCTURES ===
Current Cell: (5, 4)
explored_cells: [(0, 0), (0, 1), (0, 5), (1, 0), (1, 1), (1, 2), (1, 3), (1, 4), (1, 5), (2, 0), (2, 1), (2, 2), (2, 3), (2, 4), (2, 5), (3, 0), (3, 1), (3, 2), (3, 3), (3, 4), (4, 0), (4, 1), (4, 2), (4, 3), (4, 4), (5, 0), (5, 1), (5, 2), (5, 3), (5, 4), (6, 0), (6, 1), (6, 2), (6, 3), (6, 4), (7, 0), (7, 1), (7, 2), (7, 3), (8, 0), (8, 1), (9, 0), (9, 1), (10, 0), (10, 1), (11, 0), (11, 1)]
accessible_from:
  (0, 0) -> [(0, 1), (1, 0)]
  (0, 1) -> [(0, 0), (1, 1)]
  (0, 5) -> [(1, 5)]
  (1, 0) -> [(0, 0), (1, 1), (2, 0)]
  (1, 1) -> [(0, 1), (1, 0), (2, 1)]
  (1, 2) -> [(1, 3), (2, 2)]
  (1, 3) -> [(1, 2), (2, 3)]
  (1, 4) -> [(1, 5), (2, 4)]
  (1, 5) -> [(0, 5), (1, 4), (2, 5)]
  (2, 0) -> [(1, 0), (3, 0)]
  (2, 1) -> [(1, 1), (2, 2)]
  (2, 2) -> [(1, 2), (2, 1), (3, 2)]
  (2, 3) -> [(1, 3), (2, 4), (3, 3)]
  (2, 4) -> [(1, 4), (2, 3), (3, 4)]
  (2, 5) -> [(1, 5)]
  (3, 0) -> [(2, 0), (4, 0)]
  (3, 1) -> [(3, 2), (4, 1)]
  (3, 2) -> [(2, 2), (3, 1), (4, 2)]
  (3, 3) -> [(2, 3), (3, 4), (4, 3)]
  (3, 4) -> [(2, 4), (3, 3), (4, 4)]
  (4, 0) -> [(3, 0), (5, 0)]
  (4, 1) -> [(3, 1), (4, 2), (5, 1)]
  (4, 2) -> [(3, 2), (4, 1)]
  (4, 3) -> [(3, 3), (4, 4), (5, 3)]
  (4, 4) -> [(3, 4), (4, 3), (5, 4)]
  (5, 0) -> [(4, 0), (5, 1), (6, 0)]
  (5, 1) -> [(4, 1), (5, 0), (5, 2), (6, 1)]
  (5, 2) -> [(5, 1), (6, 2)]
  (5, 3) -> [(4, 3), (5, 4), (6, 3)]
  (5, 4) -> [(4, 4), (5, 3)]
  (6, 0) -> [(5, 0), (6, 1), (7, 0)]
  (6, 1) -> [(5, 1), (6, 0), (7, 1)]
  (6, 2) -> [(5, 2), (7, 2)]
  (6, 3) -> [(5, 3), (6, 4), (7, 3)]
  (6, 4) -> [(6, 3)]
  (7, 0) -> [(6, 0), (7, 1), (8, 0)]
  (7, 1) -> [(6, 1), (7, 0), (8, 1)]
  (7, 2) -> [(6, 2)]
  (7, 3) -> [(6, 3)]
  (8, 0) -> [(7, 0), (8, 1), (9, 0)]
  (8, 1) -> [(7, 1), (8, 0)]
  (9, 0) -> [(8, 0), (9, 1), (10, 0)]
  (9, 1) -> [(9, 0), (10, 1)]
  (10, 0) -> [(9, 0), (10, 1), (11, 0)]
  (10, 1) -> [(9, 1), (10, 0), (11, 1)]
  (11, 0) -> [(10, 0), (11, 1)]
  (11, 1) -> [(10, 1), (11, 0)]
parent_path: {}
exploration_queue: [(2, 5), (0, 5), (11, 1), (7, 3), (6, 4)]

2025-07-31 20:36:23,099 - DEBUG - 
=== VISUAL BOARD - STEP 42 - BFS-EXPLORATION ===
   0  1  2  3  4  5  6  7  8  9 10 11
11 .  .  .  .  .  .  .  .  .  .  .  .   11
10 .  .  .  .  .  .  .  .  .  .  .  .   10
 9 .  .  .  .  .  .  .  .  .  .  .  .    9
 8 .  .  .  .  .  .  .  .  .  .  .  .    8
 7 .  .  .  .  .  .  .  .  .  .  .  .    7
 6 .  .  .  .  .  .  .  .  .  .  .  .    6
 5 V  V  V  .  .  .  .  .  .  .  .  .    5
 4 .  V  V  V  V  R  V  .  .  .  .  .    4
 3 .  V  V  V  V  V  V  V  .  .  .  .    3
 2 .  V  V  V  V  V  V  V  .  .  .  .    2
 1 V  V  V  V  V  V  V  V  V  V  V  V    1
 0 V  V  V  V  V  V  V  V  V  V  V  V    0
   0  1  2  3  4  5  6  7  8  9 10 11
Legend: R=Robot, V=Visited, P=Path, .=Unvisited

2025-07-31 20:36:23,099 - INFO - BFS Exploration Step 43: Exploring (2, 5)
2025-07-31 20:36:23,099 - DEBUG - Moving left from (5, 4) to (4, 4)
2025-07-31 20:36:23,206 - DEBUG - Moving left from (4, 4) to (3, 4)
2025-07-31 20:36:23,307 - DEBUG - Moving left from (3, 4) to (2, 4)
2025-07-31 20:36:23,410 - DEBUG - Moving left from (2, 4) to (1, 4)
2025-07-31 20:36:23,526 - DEBUG - Moving up from (1, 4) to (1, 5)
2025-07-31 20:36:23,593 - DEBUG - Moving right from (1, 5) to (2, 5)
2025-07-31 20:36:23,692 - DEBUG - Sensor readings: {'front': 1341.3866916329434, 'right': 2000.0, 'back': 297.85178499272433, 'left': 2000.0}
2025-07-31 20:36:23,692 - DEBUG - Added neighbor right: (3, 5)
2025-07-31 20:36:23,692 - DEBUG - Added neighbor up: (2, 6)
2025-07-31 20:36:23,692 - DEBUG - Wall detected down to (2, 4)
2025-07-31 20:36:23,692 - DEBUG - Added 2 new neighbors. Queue size: 6
2025-07-31 20:36:23,693 - DEBUG - 
=== STEP 43 DATA STRUCTURES ===
Current Cell: (2, 5)
explored_cells: [(0, 0), (0, 1), (0, 5), (1, 0), (1, 1), (1, 2), (1, 3), (1, 4), (1, 5), (2, 0), (2, 1), (2, 2), (2, 3), (2, 4), (2, 5), (2, 6), (3, 0), (3, 1), (3, 2), (3, 3), (3, 4), (3, 5), (4, 0), (4, 1), (4, 2), (4, 3), (4, 4), (5, 0), (5, 1), (5, 2), (5, 3), (5, 4), (6, 0), (6, 1), (6, 2), (6, 3), (6, 4), (7, 0), (7, 1), (7, 2), (7, 3), (8, 0), (8, 1), (9, 0), (9, 1), (10, 0), (10, 1), (11, 0), (11, 1)]
accessible_from:
  (0, 0) -> [(0, 1), (1, 0)]
  (0, 1) -> [(0, 0), (1, 1)]
  (0, 5) -> [(1, 5)]
  (1, 0) -> [(0, 0), (1, 1), (2, 0)]
  (1, 1) -> [(0, 1), (1, 0), (2, 1)]
  (1, 2) -> [(1, 3), (2, 2)]
  (1, 3) -> [(1, 2), (2, 3)]
  (1, 4) -> [(1, 5), (2, 4)]
  (1, 5) -> [(0, 5), (1, 4), (2, 5)]
  (2, 0) -> [(1, 0), (3, 0)]
  (2, 1) -> [(1, 1), (2, 2)]
  (2, 2) -> [(1, 2), (2, 1), (3, 2)]
  (2, 3) -> [(1, 3), (2, 4), (3, 3)]
  (2, 4) -> [(1, 4), (2, 3), (3, 4)]
  (2, 5) -> [(1, 5), (2, 6), (3, 5)]
  (2, 6) -> [(2, 5)]
  (3, 0) -> [(2, 0), (4, 0)]
  (3, 1) -> [(3, 2), (4, 1)]
  (3, 2) -> [(2, 2), (3, 1), (4, 2)]
  (3, 3) -> [(2, 3), (3, 4), (4, 3)]
  (3, 4) -> [(2, 4), (3, 3), (4, 4)]
  (3, 5) -> [(2, 5)]
  (4, 0) -> [(3, 0), (5, 0)]
  (4, 1) -> [(3, 1), (4, 2), (5, 1)]
  (4, 2) -> [(3, 2), (4, 1)]
  (4, 3) -> [(3, 3), (4, 4), (5, 3)]
  (4, 4) -> [(3, 4), (4, 3), (5, 4)]
  (5, 0) -> [(4, 0), (5, 1), (6, 0)]
  (5, 1) -> [(4, 1), (5, 0), (5, 2), (6, 1)]
  (5, 2) -> [(5, 1), (6, 2)]
  (5, 3) -> [(4, 3), (5, 4), (6, 3)]
  (5, 4) -> [(4, 4), (5, 3)]
  (6, 0) -> [(5, 0), (6, 1), (7, 0)]
  (6, 1) -> [(5, 1), (6, 0), (7, 1)]
  (6, 2) -> [(5, 2), (7, 2)]
  (6, 3) -> [(5, 3), (6, 4), (7, 3)]
  (6, 4) -> [(6, 3)]
  (7, 0) -> [(6, 0), (7, 1), (8, 0)]
  (7, 1) -> [(6, 1), (7, 0), (8, 1)]
  (7, 2) -> [(6, 2)]
  (7, 3) -> [(6, 3)]
  (8, 0) -> [(7, 0), (8, 1), (9, 0)]
  (8, 1) -> [(7, 1), (8, 0)]
  (9, 0) -> [(8, 0), (9, 1), (10, 0)]
  (9, 1) -> [(9, 0), (10, 1)]
  (10, 0) -> [(9, 0), (10, 1), (11, 0)]
  (10, 1) -> [(9, 1), (10, 0), (11, 1)]
  (11, 0) -> [(10, 0), (11, 1)]
  (11, 1) -> [(10, 1), (11, 0)]
parent_path: {}
exploration_queue: [(0, 5), (11, 1), (7, 3), (6, 4), (3, 5), (2, 6)]

2025-07-31 20:36:23,693 - DEBUG - 
=== VISUAL BOARD - STEP 43 - BFS-EXPLORATION ===
   0  1  2  3  4  5  6  7  8  9 10 11
11 .  .  .  .  .  .  .  .  .  .  .  .   11
10 .  .  .  .  .  .  .  .  .  .  .  .   10
 9 .  .  .  .  .  .  .  .  .  .  .  .    9
 8 .  .  .  .  .  .  .  .  .  .  .  .    8
 7 .  .  .  .  .  .  .  .  .  .  .  .    7
 6 .  .  V  .  .  .  .  .  .  .  .  .    6
 5 V  V  R  V  .  .  .  .  .  .  .  .    5
 4 .  V  V  V  V  V  V  .  .  .  .  .    4
 3 .  V  V  V  V  V  V  V  .  .  .  .    3
 2 .  V  V  V  V  V  V  V  .  .  .  .    2
 1 V  V  V  V  V  V  V  V  V  V  V  V    1
 0 V  V  V  V  V  V  V  V  V  V  V  V    0
   0  1  2  3  4  5  6  7  8  9 10 11
Legend: R=Robot, V=Visited, P=Path, .=Unvisited

2025-07-31 20:36:23,693 - INFO - BFS Exploration Step 44: Exploring (0, 5)
2025-07-31 20:36:23,693 - DEBUG - Moving left from (2, 5) to (1, 5)
2025-07-31 20:36:23,796 - DEBUG - Moving left from (1, 5) to (0, 5)
2025-07-31 20:36:23,904 - DEBUG - Sensor readings: {'front': 2000.0, 'right': 2000.0, 'back': 2000.0, 'left': 385.7826308857175}
2025-07-31 20:36:23,905 - DEBUG - Added neighbor up: (0, 6)
2025-07-31 20:36:23,905 - DEBUG - Added neighbor down: (0, 4)
2025-07-31 20:36:23,905 - DEBUG - Added 2 new neighbors. Queue size: 7
2025-07-31 20:36:23,905 - DEBUG - 
=== STEP 44 DATA STRUCTURES ===
Current Cell: (0, 5)
explored_cells: [(0, 0), (0, 1), (0, 4), (0, 5), (0, 6), (1, 0), (1, 1), (1, 2), (1, 3), (1, 4), (1, 5), (2, 0), (2, 1), (2, 2), (2, 3), (2, 4), (2, 5), (2, 6), (3, 0), (3, 1), (3, 2), (3, 3), (3, 4), (3, 5), (4, 0), (4, 1), (4, 2), (4, 3), (4, 4), (5, 0), (5, 1), (5, 2), (5, 3), (5, 4), (6, 0), (6, 1), (6, 2), (6, 3), (6, 4), (7, 0), (7, 1), (7, 2), (7, 3), (8, 0), (8, 1), (9, 0), (9, 1), (10, 0), (10, 1), (11, 0), (11, 1)]
accessible_from:
  (0, 0) -> [(0, 1), (1, 0)]
  (0, 1) -> [(0, 0), (1, 1)]
  (0, 4) -> [(0, 5)]
  (0, 5) -> [(0, 4), (0, 6), (1, 5)]
  (0, 6) -> [(0, 5)]
  (1, 0) -> [(0, 0), (1, 1), (2, 0)]
  (1, 1) -> [(0, 1), (1, 0), (2, 1)]
  (1, 2) -> [(1, 3), (2, 2)]
  (1, 3) -> [(1, 2), (2, 3)]
  (1, 4) -> [(1, 5), (2, 4)]
  (1, 5) -> [(0, 5), (1, 4), (2, 5)]
  (2, 0) -> [(1, 0), (3, 0)]
  (2, 1) -> [(1, 1), (2, 2)]
  (2, 2) -> [(1, 2), (2, 1), (3, 2)]
  (2, 3) -> [(1, 3), (2, 4), (3, 3)]
  (2, 4) -> [(1, 4), (2, 3), (3, 4)]
  (2, 5) -> [(1, 5), (2, 6), (3, 5)]
  (2, 6) -> [(2, 5)]
  (3, 0) -> [(2, 0), (4, 0)]
  (3, 1) -> [(3, 2), (4, 1)]
  (3, 2) -> [(2, 2), (3, 1), (4, 2)]
  (3, 3) -> [(2, 3), (3, 4), (4, 3)]
  (3, 4) -> [(2, 4), (3, 3), (4, 4)]
  (3, 5) -> [(2, 5)]
  (4, 0) -> [(3, 0), (5, 0)]
  (4, 1) -> [(3, 1), (4, 2), (5, 1)]
  (4, 2) -> [(3, 2), (4, 1)]
  (4, 3) -> [(3, 3), (4, 4), (5, 3)]
  (4, 4) -> [(3, 4), (4, 3), (5, 4)]
  (5, 0) -> [(4, 0), (5, 1), (6, 0)]
  (5, 1) -> [(4, 1), (5, 0), (5, 2), (6, 1)]
  (5, 2) -> [(5, 1), (6, 2)]
  (5, 3) -> [(4, 3), (5, 4), (6, 3)]
  (5, 4) -> [(4, 4), (5, 3)]
  (6, 0) -> [(5, 0), (6, 1), (7, 0)]
  (6, 1) -> [(5, 1), (6, 0), (7, 1)]
  (6, 2) -> [(5, 2), (7, 2)]
  (6, 3) -> [(5, 3), (6, 4), (7, 3)]
  (6, 4) -> [(6, 3)]
  (7, 0) -> [(6, 0), (7, 1), (8, 0)]
  (7, 1) -> [(6, 1), (7, 0), (8, 1)]
  (7, 2) -> [(6, 2)]
  (7, 3) -> [(6, 3)]
  (8, 0) -> [(7, 0), (8, 1), (9, 0)]
  (8, 1) -> [(7, 1), (8, 0)]
  (9, 0) -> [(8, 0), (9, 1), (10, 0)]
  (9, 1) -> [(9, 0), (10, 1)]
  (10, 0) -> [(9, 0), (10, 1), (11, 0)]
  (10, 1) -> [(9, 1), (10, 0), (11, 1)]
  (11, 0) -> [(10, 0), (11, 1)]
  (11, 1) -> [(10, 1), (11, 0)]
parent_path: {}
exploration_queue: [(11, 1), (7, 3), (6, 4), (3, 5), (2, 6), (0, 6), (0, 4)]

2025-07-31 20:36:23,905 - DEBUG - 
=== VISUAL BOARD - STEP 44 - BFS-EXPLORATION ===
   0  1  2  3  4  5  6  7  8  9 10 11
11 .  .  .  .  .  .  .  .  .  .  .  .   11
10 .  .  .  .  .  .  .  .  .  .  .  .   10
 9 .  .  .  .  .  .  .  .  .  .  .  .    9
 8 .  .  .  .  .  .  .  .  .  .  .  .    8
 7 .  .  .  .  .  .  .  .  .  .  .  .    7
 6 V  .  V  .  .  .  .  .  .  .  .  .    6
 5 R  V  V  V  .  .  .  .  .  .  .  .    5
 4 V  V  V  V  V  V  V  .  .  .  .  .    4
 3 .  V  V  V  V  V  V  V  .  .  .  .    3
 2 .  V  V  V  V  V  V  V  .  .  .  .    2
 1 V  V  V  V  V  V  V  V  V  V  V  V    1
 0 V  V  V  V  V  V  V  V  V  V  V  V    0
   0  1  2  3  4  5  6  7  8  9 10 11
Legend: R=Robot, V=Visited, P=Path, .=Unvisited

2025-07-31 20:36:23,905 - INFO - BFS Exploration Step 45: Exploring (11, 1)
2025-07-31 20:36:23,905 - DEBUG - Moving right from (0, 5) to (1, 5)
2025-07-31 20:36:24,004 - DEBUG - Moving down from (1, 5) to (1, 4)
2025-07-31 20:36:24,071 - DEBUG - Moving right from (1, 4) to (2, 4)
2025-07-31 20:36:24,172 - DEBUG - Moving down from (2, 4) to (2, 3)
2025-07-31 20:36:24,241 - DEBUG - Moving left from (2, 3) to (1, 3)
2025-07-31 20:36:24,347 - DEBUG - Moving down from (1, 3) to (1, 2)
2025-07-31 20:36:24,418 - DEBUG - Moving right from (1, 2) to (2, 2)
2025-07-31 20:36:24,512 - DEBUG - Moving right from (2, 2) to (3, 2)
2025-07-31 20:36:24,617 - DEBUG - Moving down from (3, 2) to (3, 1)
2025-07-31 20:36:24,681 - DEBUG - Moving right from (3, 1) to (4, 1)
2025-07-31 20:36:24,782 - DEBUG - Moving right from (4, 1) to (5, 1)
2025-07-31 20:36:24,884 - DEBUG - Moving right from (5, 1) to (6, 1)
2025-07-31 20:36:24,990 - DEBUG - Moving right from (6, 1) to (7, 1)
2025-07-31 20:36:25,088 - DEBUG - Moving down from (7, 1) to (7, 0)
2025-07-31 20:36:25,154 - DEBUG - Moving right from (7, 0) to (8, 0)
2025-07-31 20:36:25,253 - DEBUG - Moving right from (8, 0) to (9, 0)
2025-07-31 20:36:25,351 - DEBUG - Moving up from (9, 0) to (9, 1)
2025-07-31 20:36:25,426 - DEBUG - Moving right from (9, 1) to (10, 1)
2025-07-31 20:36:25,522 - DEBUG - Moving right from (10, 1) to (11, 1)
2025-07-31 20:36:25,634 - DEBUG - Sensor readings: {'front': 2000.0, 'right': 386.18175002453734, 'back': 1373.3281773392412, 'left': 2000.0}
2025-07-31 20:36:25,634 - DEBUG - Added neighbor up: (11, 2)
2025-07-31 20:36:25,635 - DEBUG - Added 1 new neighbors. Queue size: 7
2025-07-31 20:36:25,635 - DEBUG - 
=== STEP 45 DATA STRUCTURES ===
Current Cell: (11, 1)
explored_cells: [(0, 0), (0, 1), (0, 4), (0, 5), (0, 6), (1, 0), (1, 1), (1, 2), (1, 3), (1, 4), (1, 5), (2, 0), (2, 1), (2, 2), (2, 3), (2, 4), (2, 5), (2, 6), (3, 0), (3, 1), (3, 2), (3, 3), (3, 4), (3, 5), (4, 0), (4, 1), (4, 2), (4, 3), (4, 4), (5, 0), (5, 1), (5, 2), (5, 3), (5, 4), (6, 0), (6, 1), (6, 2), (6, 3), (6, 4), (7, 0), (7, 1), (7, 2), (7, 3), (8, 0), (8, 1), (9, 0), (9, 1), (10, 0), (10, 1), (11, 0), (11, 1), (11, 2)]
accessible_from:
  (0, 0) -> [(0, 1), (1, 0)]
  (0, 1) -> [(0, 0), (1, 1)]
  (0, 4) -> [(0, 5)]
  (0, 5) -> [(0, 4), (0, 6), (1, 5)]
  (0, 6) -> [(0, 5)]
  (1, 0) -> [(0, 0), (1, 1), (2, 0)]
  (1, 1) -> [(0, 1), (1, 0), (2, 1)]
  (1, 2) -> [(1, 3), (2, 2)]
  (1, 3) -> [(1, 2), (2, 3)]
  (1, 4) -> [(1, 5), (2, 4)]
  (1, 5) -> [(0, 5), (1, 4), (2, 5)]
  (2, 0) -> [(1, 0), (3, 0)]
  (2, 1) -> [(1, 1), (2, 2)]
  (2, 2) -> [(1, 2), (2, 1), (3, 2)]
  (2, 3) -> [(1, 3), (2, 4), (3, 3)]
  (2, 4) -> [(1, 4), (2, 3), (3, 4)]
  (2, 5) -> [(1, 5), (2, 6), (3, 5)]
  (2, 6) -> [(2, 5)]
  (3, 0) -> [(2, 0), (4, 0)]
  (3, 1) -> [(3, 2), (4, 1)]
  (3, 2) -> [(2, 2), (3, 1), (4, 2)]
  (3, 3) -> [(2, 3), (3, 4), (4, 3)]
  (3, 4) -> [(2, 4), (3, 3), (4, 4)]
  (3, 5) -> [(2, 5)]
  (4, 0) -> [(3, 0), (5, 0)]
  (4, 1) -> [(3, 1), (4, 2), (5, 1)]
  (4, 2) -> [(3, 2), (4, 1)]
  (4, 3) -> [(3, 3), (4, 4), (5, 3)]
  (4, 4) -> [(3, 4), (4, 3), (5, 4)]
  (5, 0) -> [(4, 0), (5, 1), (6, 0)]
  (5, 1) -> [(4, 1), (5, 0), (5, 2), (6, 1)]
  (5, 2) -> [(5, 1), (6, 2)]
  (5, 3) -> [(4, 3), (5, 4), (6, 3)]
  (5, 4) -> [(4, 4), (5, 3)]
  (6, 0) -> [(5, 0), (6, 1), (7, 0)]
  (6, 1) -> [(5, 1), (6, 0), (7, 1)]
  (6, 2) -> [(5, 2), (7, 2)]
  (6, 3) -> [(5, 3), (6, 4), (7, 3)]
  (6, 4) -> [(6, 3)]
  (7, 0) -> [(6, 0), (7, 1), (8, 0)]
  (7, 1) -> [(6, 1), (7, 0), (8, 1)]
  (7, 2) -> [(6, 2)]
  (7, 3) -> [(6, 3)]
  (8, 0) -> [(7, 0), (8, 1), (9, 0)]
  (8, 1) -> [(7, 1), (8, 0)]
  (9, 0) -> [(8, 0), (9, 1), (10, 0)]
  (9, 1) -> [(9, 0), (10, 1)]
  (10, 0) -> [(9, 0), (10, 1), (11, 0)]
  (10, 1) -> [(9, 1), (10, 0), (11, 1)]
  (11, 0) -> [(10, 0), (11, 1)]
  (11, 1) -> [(10, 1), (11, 0), (11, 2)]
  (11, 2) -> [(11, 1)]
parent_path: {}
exploration_queue: [(7, 3), (6, 4), (3, 5), (2, 6), (0, 6), (0, 4), (11, 2)]

2025-07-31 20:36:25,635 - DEBUG - 
=== VISUAL BOARD - STEP 45 - BFS-EXPLORATION ===
   0  1  2  3  4  5  6  7  8  9 10 11
11 .  .  .  .  .  .  .  .  .  .  .  .   11
10 .  .  .  .  .  .  .  .  .  .  .  .   10
 9 .  .  .  .  .  .  .  .  .  .  .  .    9
 8 .  .  .  .  .  .  .  .  .  .  .  .    8
 7 .  .  .  .  .  .  .  .  .  .  .  .    7
 6 V  .  V  .  .  .  .  .  .  .  .  .    6
 5 V  V  V  V  .  .  .  .  .  .  .  .    5
 4 V  V  V  V  V  V  V  .  .  .  .  .    4
 3 .  V  V  V  V  V  V  V  .  .  .  .    3
 2 .  V  V  V  V  V  V  V  .  .  .  V    2
 1 V  V  V  V  V  V  V  V  V  V  V  R    1
 0 V  V  V  V  V  V  V  V  V  V  V  V    0
   0  1  2  3  4  5  6  7  8  9 10 11
Legend: R=Robot, V=Visited, P=Path, .=Unvisited

2025-07-31 20:36:25,635 - INFO - BFS Exploration Step 46: Exploring (7, 3)
2025-07-31 20:36:25,635 - DEBUG - Moving left from (11, 1) to (10, 1)
2025-07-31 20:36:25,731 - DEBUG - Moving left from (10, 1) to (9, 1)
2025-07-31 20:36:25,830 - DEBUG - Moving down from (9, 1) to (9, 0)
2025-07-31 20:36:25,903 - DEBUG - Moving left from (9, 0) to (8, 0)
2025-07-31 20:36:26,010 - DEBUG - Moving left from (8, 0) to (7, 0)
2025-07-31 20:36:26,111 - DEBUG - Moving up from (7, 0) to (7, 1)
2025-07-31 20:36:26,181 - DEBUG - Moving left from (7, 1) to (6, 1)
2025-07-31 20:36:26,283 - DEBUG - Moving left from (6, 1) to (5, 1)
2025-07-31 20:36:26,384 - DEBUG - Moving left from (5, 1) to (4, 1)
2025-07-31 20:36:26,491 - DEBUG - Moving left from (4, 1) to (3, 1)
2025-07-31 20:36:26,586 - DEBUG - Moving up from (3, 1) to (3, 2)
2025-07-31 20:36:26,648 - DEBUG - Moving left from (3, 2) to (2, 2)
2025-07-31 20:36:26,743 - DEBUG - Moving left from (2, 2) to (1, 2)
2025-07-31 20:36:26,846 - DEBUG - Moving up from (1, 2) to (1, 3)
2025-07-31 20:36:26,912 - DEBUG - Moving right from (1, 3) to (2, 3)
2025-07-31 20:36:27,019 - DEBUG - Moving right from (2, 3) to (3, 3)
2025-07-31 20:36:27,125 - DEBUG - Moving right from (3, 3) to (4, 3)
2025-07-31 20:36:27,231 - DEBUG - Moving right from (4, 3) to (5, 3)
2025-07-31 20:36:27,335 - DEBUG - Moving right from (5, 3) to (6, 3)
2025-07-31 20:36:27,441 - DEBUG - Moving right from (6, 3) to (7, 3)
2025-07-31 20:36:27,541 - DEBUG - Sensor readings: {'front': 1322.4719417043373, 'right': 363.88409389734585, 'back': 308.92773558990973, 'left': 2000.0}
2025-07-31 20:36:27,541 - DEBUG - Wall detected right to (8, 3)
2025-07-31 20:36:27,541 - DEBUG - Added neighbor up: (7, 4)
2025-07-31 20:36:27,541 - DEBUG - Wall detected down to (7, 2)
2025-07-31 20:36:27,541 - DEBUG - Added 1 new neighbors. Queue size: 7
2025-07-31 20:36:27,541 - DEBUG - 
=== STEP 46 DATA STRUCTURES ===
Current Cell: (7, 3)
explored_cells: [(0, 0), (0, 1), (0, 4), (0, 5), (0, 6), (1, 0), (1, 1), (1, 2), (1, 3), (1, 4), (1, 5), (2, 0), (2, 1), (2, 2), (2, 3), (2, 4), (2, 5), (2, 6), (3, 0), (3, 1), (3, 2), (3, 3), (3, 4), (3, 5), (4, 0), (4, 1), (4, 2), (4, 3), (4, 4), (5, 0), (5, 1), (5, 2), (5, 3), (5, 4), (6, 0), (6, 1), (6, 2), (6, 3), (6, 4), (7, 0), (7, 1), (7, 2), (7, 3), (7, 4), (8, 0), (8, 1), (9, 0), (9, 1), (10, 0), (10, 1), (11, 0), (11, 1), (11, 2)]
accessible_from:
  (0, 0) -> [(0, 1), (1, 0)]
  (0, 1) -> [(0, 0), (1, 1)]
  (0, 4) -> [(0, 5)]
  (0, 5) -> [(0, 4), (0, 6), (1, 5)]
  (0, 6) -> [(0, 5)]
  (1, 0) -> [(0, 0), (1, 1), (2, 0)]
  (1, 1) -> [(0, 1), (1, 0), (2, 1)]
  (1, 2) -> [(1, 3), (2, 2)]
  (1, 3) -> [(1, 2), (2, 3)]
  (1, 4) -> [(1, 5), (2, 4)]
  (1, 5) -> [(0, 5), (1, 4), (2, 5)]
  (2, 0) -> [(1, 0), (3, 0)]
  (2, 1) -> [(1, 1), (2, 2)]
  (2, 2) -> [(1, 2), (2, 1), (3, 2)]
  (2, 3) -> [(1, 3), (2, 4), (3, 3)]
  (2, 4) -> [(1, 4), (2, 3), (3, 4)]
  (2, 5) -> [(1, 5), (2, 6), (3, 5)]
  (2, 6) -> [(2, 5)]
  (3, 0) -> [(2, 0), (4, 0)]
  (3, 1) -> [(3, 2), (4, 1)]
  (3, 2) -> [(2, 2), (3, 1), (4, 2)]
  (3, 3) -> [(2, 3), (3, 4), (4, 3)]
  (3, 4) -> [(2, 4), (3, 3), (4, 4)]
  (3, 5) -> [(2, 5)]
  (4, 0) -> [(3, 0), (5, 0)]
  (4, 1) -> [(3, 1), (4, 2), (5, 1)]
  (4, 2) -> [(3, 2), (4, 1)]
  (4, 3) -> [(3, 3), (4, 4), (5, 3)]
  (4, 4) -> [(3, 4), (4, 3), (5, 4)]
  (5, 0) -> [(4, 0), (5, 1), (6, 0)]
  (5, 1) -> [(4, 1), (5, 0), (5, 2), (6, 1)]
  (5, 2) -> [(5, 1), (6, 2)]
  (5, 3) -> [(4, 3), (5, 4), (6, 3)]
  (5, 4) -> [(4, 4), (5, 3)]
  (6, 0) -> [(5, 0), (6, 1), (7, 0)]
  (6, 1) -> [(5, 1), (6, 0), (7, 1)]
  (6, 2) -> [(5, 2), (7, 2)]
  (6, 3) -> [(5, 3), (6, 4), (7, 3)]
  (6, 4) -> [(6, 3)]
  (7, 0) -> [(6, 0), (7, 1), (8, 0)]
  (7, 1) -> [(6, 1), (7, 0), (8, 1)]
  (7, 2) -> [(6, 2)]
  (7, 3) -> [(6, 3), (7, 4)]
  (7, 4) -> [(7, 3)]
  (8, 0) -> [(7, 0), (8, 1), (9, 0)]
  (8, 1) -> [(7, 1), (8, 0)]
  (9, 0) -> [(8, 0), (9, 1), (10, 0)]
  (9, 1) -> [(9, 0), (10, 1)]
  (10, 0) -> [(9, 0), (10, 1), (11, 0)]
  (10, 1) -> [(9, 1), (10, 0), (11, 1)]
  (11, 0) -> [(10, 0), (11, 1)]
  (11, 1) -> [(10, 1), (11, 0), (11, 2)]
  (11, 2) -> [(11, 1)]
parent_path: {}
exploration_queue: [(6, 4), (3, 5), (2, 6), (0, 6), (0, 4), (11, 2), (7, 4)]

2025-07-31 20:36:27,542 - DEBUG - 
=== VISUAL BOARD - STEP 46 - BFS-EXPLORATION ===
   0  1  2  3  4  5  6  7  8  9 10 11
11 .  .  .  .  .  .  .  .  .  .  .  .   11
10 .  .  .  .  .  .  .  .  .  .  .  .   10
 9 .  .  .  .  .  .  .  .  .  .  .  .    9
 8 .  .  .  .  .  .  .  .  .  .  .  .    8
 7 .  .  .  .  .  .  .  .  .  .  .  .    7
 6 V  .  V  .  .  .  .  .  .  .  .  .    6
 5 V  V  V  V  .  .  .  .  .  .  .  .    5
 4 V  V  V  V  V  V  V  V  .  .  .  .    4
 3 .  V  V  V  V  V  V  R  .  .  .  .    3
 2 .  V  V  V  V  V  V  V  .  .  .  V    2
 1 V  V  V  V  V  V  V  V  V  V  V  V    1
 0 V  V  V  V  V  V  V  V  V  V  V  V    0
   0  1  2  3  4  5  6  7  8  9 10 11
Legend: R=Robot, V=Visited, P=Path, .=Unvisited

2025-07-31 20:36:27,542 - INFO - BFS Exploration Step 47: Exploring (6, 4)
2025-07-31 20:36:27,542 - DEBUG - Moving left from (7, 3) to (6, 3)
2025-07-31 20:36:27,641 - DEBUG - Moving up from (6, 3) to (6, 4)
2025-07-31 20:36:27,708 - DEBUG - Sensor readings: {'front': 2000.0, 'right': 1326.0075531775517, 'back': 1267.1455209108183, 'left': 306.5712386263637}
2025-07-31 20:36:27,709 - DEBUG - Added neighbor up: (6, 5)
2025-07-31 20:36:27,709 - DEBUG - Wall detected left to (5, 4)
2025-07-31 20:36:27,709 - DEBUG - Added 1 new neighbors. Queue size: 7
2025-07-31 20:36:27,709 - DEBUG - 
=== STEP 47 DATA STRUCTURES ===
Current Cell: (6, 4)
explored_cells: [(0, 0), (0, 1), (0, 4), (0, 5), (0, 6), (1, 0), (1, 1), (1, 2), (1, 3), (1, 4), (1, 5), (2, 0), (2, 1), (2, 2), (2, 3), (2, 4), (2, 5), (2, 6), (3, 0), (3, 1), (3, 2), (3, 3), (3, 4), (3, 5), (4, 0), (4, 1), (4, 2), (4, 3), (4, 4), (5, 0), (5, 1), (5, 2), (5, 3), (5, 4), (6, 0), (6, 1), (6, 2), (6, 3), (6, 4), (6, 5), (7, 0), (7, 1), (7, 2), (7, 3), (7, 4), (8, 0), (8, 1), (9, 0), (9, 1), (10, 0), (10, 1), (11, 0), (11, 1), (11, 2)]
accessible_from:
  (0, 0) -> [(0, 1), (1, 0)]
  (0, 1) -> [(0, 0), (1, 1)]
  (0, 4) -> [(0, 5)]
  (0, 5) -> [(0, 4), (0, 6), (1, 5)]
  (0, 6) -> [(0, 5)]
  (1, 0) -> [(0, 0), (1, 1), (2, 0)]
  (1, 1) -> [(0, 1), (1, 0), (2, 1)]
  (1, 2) -> [(1, 3), (2, 2)]
  (1, 3) -> [(1, 2), (2, 3)]
  (1, 4) -> [(1, 5), (2, 4)]
  (1, 5) -> [(0, 5), (1, 4), (2, 5)]
  (2, 0) -> [(1, 0), (3, 0)]
  (2, 1) -> [(1, 1), (2, 2)]
  (2, 2) -> [(1, 2), (2, 1), (3, 2)]
  (2, 3) -> [(1, 3), (2, 4), (3, 3)]
  (2, 4) -> [(1, 4), (2, 3), (3, 4)]
  (2, 5) -> [(1, 5), (2, 6), (3, 5)]
  (2, 6) -> [(2, 5)]
  (3, 0) -> [(2, 0), (4, 0)]
  (3, 1) -> [(3, 2), (4, 1)]
  (3, 2) -> [(2, 2), (3, 1), (4, 2)]
  (3, 3) -> [(2, 3), (3, 4), (4, 3)]
  (3, 4) -> [(2, 4), (3, 3), (4, 4)]
  (3, 5) -> [(2, 5)]
  (4, 0) -> [(3, 0), (5, 0)]
  (4, 1) -> [(3, 1), (4, 2), (5, 1)]
  (4, 2) -> [(3, 2), (4, 1)]
  (4, 3) -> [(3, 3), (4, 4), (5, 3)]
  (4, 4) -> [(3, 4), (4, 3), (5, 4)]
  (5, 0) -> [(4, 0), (5, 1), (6, 0)]
  (5, 1) -> [(4, 1), (5, 0), (5, 2), (6, 1)]
  (5, 2) -> [(5, 1), (6, 2)]
  (5, 3) -> [(4, 3), (5, 4), (6, 3)]
  (5, 4) -> [(4, 4), (5, 3)]
  (6, 0) -> [(5, 0), (6, 1), (7, 0)]
  (6, 1) -> [(5, 1), (6, 0), (7, 1)]
  (6, 2) -> [(5, 2), (7, 2)]
  (6, 3) -> [(5, 3), (6, 4), (7, 3)]
  (6, 4) -> [(6, 3), (6, 5), (7, 4)]
  (6, 5) -> [(6, 4)]
  (7, 0) -> [(6, 0), (7, 1), (8, 0)]
  (7, 1) -> [(6, 1), (7, 0), (8, 1)]
  (7, 2) -> [(6, 2)]
  (7, 3) -> [(6, 3), (7, 4)]
  (7, 4) -> [(6, 4), (7, 3)]
  (8, 0) -> [(7, 0), (8, 1), (9, 0)]
  (8, 1) -> [(7, 1), (8, 0)]
  (9, 0) -> [(8, 0), (9, 1), (10, 0)]
  (9, 1) -> [(9, 0), (10, 1)]
  (10, 0) -> [(9, 0), (10, 1), (11, 0)]
  (10, 1) -> [(9, 1), (10, 0), (11, 1)]
  (11, 0) -> [(10, 0), (11, 1)]
  (11, 1) -> [(10, 1), (11, 0), (11, 2)]
  (11, 2) -> [(11, 1)]
parent_path: {}
exploration_queue: [(3, 5), (2, 6), (0, 6), (0, 4), (11, 2), (7, 4), (6, 5)]

2025-07-31 20:36:27,709 - DEBUG - 
=== VISUAL BOARD - STEP 47 - BFS-EXPLORATION ===
   0  1  2  3  4  5  6  7  8  9 10 11
11 .  .  .  .  .  .  .  .  .  .  .  .   11
10 .  .  .  .  .  .  .  .  .  .  .  .   10
 9 .  .  .  .  .  .  .  .  .  .  .  .    9
 8 .  .  .  .  .  .  .  .  .  .  .  .    8
 7 .  .  .  .  .  .  .  .  .  .  .  .    7
 6 V  .  V  .  .  .  .  .  .  .  .  .    6
 5 V  V  V  V  .  .  V  .  .  .  .  .    5
 4 V  V  V  V  V  V  R  V  .  .  .  .    4
 3 .  V  V  V  V  V  V  V  .  .  .  .    3
 2 .  V  V  V  V  V  V  V  .  .  .  V    2
 1 V  V  V  V  V  V  V  V  V  V  V  V    1
 0 V  V  V  V  V  V  V  V  V  V  V  V    0
   0  1  2  3  4  5  6  7  8  9 10 11
Legend: R=Robot, V=Visited, P=Path, .=Unvisited

2025-07-31 20:36:27,709 - INFO - BFS Exploration Step 48: Exploring (3, 5)
2025-07-31 20:36:27,709 - DEBUG - Moving down from (6, 4) to (6, 3)
2025-07-31 20:36:27,769 - DEBUG - Moving left from (6, 3) to (5, 3)
2025-07-31 20:36:27,871 - DEBUG - Moving up from (5, 3) to (5, 4)
2025-07-31 20:36:27,936 - DEBUG - Moving left from (5, 4) to (4, 4)
2025-07-31 20:36:28,049 - DEBUG - Moving left from (4, 4) to (3, 4)
2025-07-31 20:36:28,151 - DEBUG - Moving left from (3, 4) to (2, 4)
2025-07-31 20:36:28,251 - DEBUG - Moving left from (2, 4) to (1, 4)
2025-07-31 20:36:28,347 - DEBUG - Moving up from (1, 4) to (1, 5)
2025-07-31 20:36:28,412 - DEBUG - Moving right from (1, 5) to (2, 5)
2025-07-31 20:36:28,507 - DEBUG - Moving right from (2, 5) to (3, 5)
2025-07-31 20:36:28,615 - DEBUG - Sensor readings: {'front': 1296.0285937077413, 'right': 1362.795891874556, 'back': 338.2860967384159, 'left': 2000.0}
2025-07-31 20:36:28,615 - DEBUG - Added neighbor right: (4, 5)
2025-07-31 20:36:28,615 - DEBUG - Added neighbor up: (3, 6)
2025-07-31 20:36:28,615 - DEBUG - Wall detected down to (3, 4)
2025-07-31 20:36:28,615 - DEBUG - Added 2 new neighbors. Queue size: 8
2025-07-31 20:36:28,615 - DEBUG - 
=== STEP 48 DATA STRUCTURES ===
Current Cell: (3, 5)
explored_cells: [(0, 0), (0, 1), (0, 4), (0, 5), (0, 6), (1, 0), (1, 1), (1, 2), (1, 3), (1, 4), (1, 5), (2, 0), (2, 1), (2, 2), (2, 3), (2, 4), (2, 5), (2, 6), (3, 0), (3, 1), (3, 2), (3, 3), (3, 4), (3, 5), (3, 6), (4, 0), (4, 1), (4, 2), (4, 3), (4, 4), (4, 5), (5, 0), (5, 1), (5, 2), (5, 3), (5, 4), (6, 0), (6, 1), (6, 2), (6, 3), (6, 4), (6, 5), (7, 0), (7, 1), (7, 2), (7, 3), (7, 4), (8, 0), (8, 1), (9, 0), (9, 1), (10, 0), (10, 1), (11, 0), (11, 1), (11, 2)]
accessible_from:
  (0, 0) -> [(0, 1), (1, 0)]
  (0, 1) -> [(0, 0), (1, 1)]
  (0, 4) -> [(0, 5)]
  (0, 5) -> [(0, 4), (0, 6), (1, 5)]
  (0, 6) -> [(0, 5)]
  (1, 0) -> [(0, 0), (1, 1), (2, 0)]
  (1, 1) -> [(0, 1), (1, 0), (2, 1)]
  (1, 2) -> [(1, 3), (2, 2)]
  (1, 3) -> [(1, 2), (2, 3)]
  (1, 4) -> [(1, 5), (2, 4)]
  (1, 5) -> [(0, 5), (1, 4), (2, 5)]
  (2, 0) -> [(1, 0), (3, 0)]
  (2, 1) -> [(1, 1), (2, 2)]
  (2, 2) -> [(1, 2), (2, 1), (3, 2)]
  (2, 3) -> [(1, 3), (2, 4), (3, 3)]
  (2, 4) -> [(1, 4), (2, 3), (3, 4)]
  (2, 5) -> [(1, 5), (2, 6), (3, 5)]
  (2, 6) -> [(2, 5)]
  (3, 0) -> [(2, 0), (4, 0)]
  (3, 1) -> [(3, 2), (4, 1)]
  (3, 2) -> [(2, 2), (3, 1), (4, 2)]
  (3, 3) -> [(2, 3), (3, 4), (4, 3)]
  (3, 4) -> [(2, 4), (3, 3), (4, 4)]
  (3, 5) -> [(2, 5), (3, 6), (4, 5)]
  (3, 6) -> [(3, 5)]
  (4, 0) -> [(3, 0), (5, 0)]
  (4, 1) -> [(3, 1), (4, 2), (5, 1)]
  (4, 2) -> [(3, 2), (4, 1)]
  (4, 3) -> [(3, 3), (4, 4), (5, 3)]
  (4, 4) -> [(3, 4), (4, 3), (5, 4)]
  (4, 5) -> [(3, 5)]
  (5, 0) -> [(4, 0), (5, 1), (6, 0)]
  (5, 1) -> [(4, 1), (5, 0), (5, 2), (6, 1)]
  (5, 2) -> [(5, 1), (6, 2)]
  (5, 3) -> [(4, 3), (5, 4), (6, 3)]
  (5, 4) -> [(4, 4), (5, 3)]
  (6, 0) -> [(5, 0), (6, 1), (7, 0)]
  (6, 1) -> [(5, 1), (6, 0), (7, 1)]
  (6, 2) -> [(5, 2), (7, 2)]
  (6, 3) -> [(5, 3), (6, 4), (7, 3)]
  (6, 4) -> [(6, 3), (6, 5), (7, 4)]
  (6, 5) -> [(6, 4)]
  (7, 0) -> [(6, 0), (7, 1), (8, 0)]
  (7, 1) -> [(6, 1), (7, 0), (8, 1)]
  (7, 2) -> [(6, 2)]
  (7, 3) -> [(6, 3), (7, 4)]
  (7, 4) -> [(6, 4), (7, 3)]
  (8, 0) -> [(7, 0), (8, 1), (9, 0)]
  (8, 1) -> [(7, 1), (8, 0)]
  (9, 0) -> [(8, 0), (9, 1), (10, 0)]
  (9, 1) -> [(9, 0), (10, 1)]
  (10, 0) -> [(9, 0), (10, 1), (11, 0)]
  (10, 1) -> [(9, 1), (10, 0), (11, 1)]
  (11, 0) -> [(10, 0), (11, 1)]
  (11, 1) -> [(10, 1), (11, 0), (11, 2)]
  (11, 2) -> [(11, 1)]
parent_path: {}
exploration_queue: [(2, 6), (0, 6), (0, 4), (11, 2), (7, 4), (6, 5), (4, 5), (3, 6)]

2025-07-31 20:36:28,616 - DEBUG - 
=== VISUAL BOARD - STEP 48 - BFS-EXPLORATION ===
   0  1  2  3  4  5  6  7  8  9 10 11
11 .  .  .  .  .  .  .  .  .  .  .  .   11
10 .  .  .  .  .  .  .  .  .  .  .  .   10
 9 .  .  .  .  .  .  .  .  .  .  .  .    9
 8 .  .  .  .  .  .  .  .  .  .  .  .    8
 7 .  .  .  .  .  .  .  .  .  .  .  .    7
 6 V  .  V  V  .  .  .  .  .  .  .  .    6
 5 V  V  V  R  V  .  V  .  .  .  .  .    5
 4 V  V  V  V  V  V  V  V  .  .  .  .    4
 3 .  V  V  V  V  V  V  V  .  .  .  .    3
 2 .  V  V  V  V  V  V  V  .  .  .  V    2
 1 V  V  V  V  V  V  V  V  V  V  V  V    1
 0 V  V  V  V  V  V  V  V  V  V  V  V    0
   0  1  2  3  4  5  6  7  8  9 10 11
Legend: R=Robot, V=Visited, P=Path, .=Unvisited

2025-07-31 20:36:28,616 - INFO - BFS Exploration Step 49: Exploring (2, 6)
2025-07-31 20:36:28,616 - DEBUG - Moving left from (3, 5) to (2, 5)
2025-07-31 20:36:28,715 - DEBUG - Moving up from (2, 5) to (2, 6)
2025-07-31 20:36:28,781 - DEBUG - Sensor readings: {'front': 363.07658653130983, 'right': 2000.0, 'back': 1272.1480617555815, 'left': 302.00794328135635}
2025-07-31 20:36:28,782 - DEBUG - Wall detected up to (2, 7)
2025-07-31 20:36:28,782 - DEBUG - Wall detected left to (1, 6)
2025-07-31 20:36:28,782 - DEBUG - Added 0 new neighbors. Queue size: 7
2025-07-31 20:36:28,782 - DEBUG - 
=== STEP 49 DATA STRUCTURES ===
Current Cell: (2, 6)
explored_cells: [(0, 0), (0, 1), (0, 4), (0, 5), (0, 6), (1, 0), (1, 1), (1, 2), (1, 3), (1, 4), (1, 5), (2, 0), (2, 1), (2, 2), (2, 3), (2, 4), (2, 5), (2, 6), (3, 0), (3, 1), (3, 2), (3, 3), (3, 4), (3, 5), (3, 6), (4, 0), (4, 1), (4, 2), (4, 3), (4, 4), (4, 5), (5, 0), (5, 1), (5, 2), (5, 3), (5, 4), (6, 0), (6, 1), (6, 2), (6, 3), (6, 4), (6, 5), (7, 0), (7, 1), (7, 2), (7, 3), (7, 4), (8, 0), (8, 1), (9, 0), (9, 1), (10, 0), (10, 1), (11, 0), (11, 1), (11, 2)]
accessible_from:
  (0, 0) -> [(0, 1), (1, 0)]
  (0, 1) -> [(0, 0), (1, 1)]
  (0, 4) -> [(0, 5)]
  (0, 5) -> [(0, 4), (0, 6), (1, 5)]
  (0, 6) -> [(0, 5)]
  (1, 0) -> [(0, 0), (1, 1), (2, 0)]
  (1, 1) -> [(0, 1), (1, 0), (2, 1)]
  (1, 2) -> [(1, 3), (2, 2)]
  (1, 3) -> [(1, 2), (2, 3)]
  (1, 4) -> [(1, 5), (2, 4)]
  (1, 5) -> [(0, 5), (1, 4), (2, 5)]
  (2, 0) -> [(1, 0), (3, 0)]
  (2, 1) -> [(1, 1), (2, 2)]
  (2, 2) -> [(1, 2), (2, 1), (3, 2)]
  (2, 3) -> [(1, 3), (2, 4), (3, 3)]
  (2, 4) -> [(1, 4), (2, 3), (3, 4)]
  (2, 5) -> [(1, 5), (2, 6), (3, 5)]
  (2, 6) -> [(2, 5), (3, 6)]
  (3, 0) -> [(2, 0), (4, 0)]
  (3, 1) -> [(3, 2), (4, 1)]
  (3, 2) -> [(2, 2), (3, 1), (4, 2)]
  (3, 3) -> [(2, 3), (3, 4), (4, 3)]
  (3, 4) -> [(2, 4), (3, 3), (4, 4)]
  (3, 5) -> [(2, 5), (3, 6), (4, 5)]
  (3, 6) -> [(2, 6), (3, 5)]
  (4, 0) -> [(3, 0), (5, 0)]
  (4, 1) -> [(3, 1), (4, 2), (5, 1)]
  (4, 2) -> [(3, 2), (4, 1)]
  (4, 3) -> [(3, 3), (4, 4), (5, 3)]
  (4, 4) -> [(3, 4), (4, 3), (5, 4)]
  (4, 5) -> [(3, 5)]
  (5, 0) -> [(4, 0), (5, 1), (6, 0)]
  (5, 1) -> [(4, 1), (5, 0), (5, 2), (6, 1)]
  (5, 2) -> [(5, 1), (6, 2)]
  (5, 3) -> [(4, 3), (5, 4), (6, 3)]
  (5, 4) -> [(4, 4), (5, 3)]
  (6, 0) -> [(5, 0), (6, 1), (7, 0)]
  (6, 1) -> [(5, 1), (6, 0), (7, 1)]
  (6, 2) -> [(5, 2), (7, 2)]
  (6, 3) -> [(5, 3), (6, 4), (7, 3)]
  (6, 4) -> [(6, 3), (6, 5), (7, 4)]
  (6, 5) -> [(6, 4)]
  (7, 0) -> [(6, 0), (7, 1), (8, 0)]
  (7, 1) -> [(6, 1), (7, 0), (8, 1)]
  (7, 2) -> [(6, 2)]
  (7, 3) -> [(6, 3), (7, 4)]
  (7, 4) -> [(6, 4), (7, 3)]
  (8, 0) -> [(7, 0), (8, 1), (9, 0)]
  (8, 1) -> [(7, 1), (8, 0)]
  (9, 0) -> [(8, 0), (9, 1), (10, 0)]
  (9, 1) -> [(9, 0), (10, 1)]
  (10, 0) -> [(9, 0), (10, 1), (11, 0)]
  (10, 1) -> [(9, 1), (10, 0), (11, 1)]
  (11, 0) -> [(10, 0), (11, 1)]
  (11, 1) -> [(10, 1), (11, 0), (11, 2)]
  (11, 2) -> [(11, 1)]
parent_path: {}
exploration_queue: [(0, 6), (0, 4), (11, 2), (7, 4), (6, 5), (4, 5), (3, 6)]

2025-07-31 20:36:28,782 - DEBUG - 
=== VISUAL BOARD - STEP 49 - BFS-EXPLORATION ===
   0  1  2  3  4  5  6  7  8  9 10 11
11 .  .  .  .  .  .  .  .  .  .  .  .   11
10 .  .  .  .  .  .  .  .  .  .  .  .   10
 9 .  .  .  .  .  .  .  .  .  .  .  .    9
 8 .  .  .  .  .  .  .  .  .  .  .  .    8
 7 .  .  .  .  .  .  .  .  .  .  .  .    7
 6 V  .  R  V  .  .  .  .  .  .  .  .    6
 5 V  V  V  V  V  .  V  .  .  .  .  .    5
 4 V  V  V  V  V  V  V  V  .  .  .  .    4
 3 .  V  V  V  V  V  V  V  .  .  .  .    3
 2 .  V  V  V  V  V  V  V  .  .  .  V    2
 1 V  V  V  V  V  V  V  V  V  V  V  V    1
 0 V  V  V  V  V  V  V  V  V  V  V  V    0
   0  1  2  3  4  5  6  7  8  9 10 11
Legend: R=Robot, V=Visited, P=Path, .=Unvisited

2025-07-31 20:36:28,782 - INFO - BFS Exploration Step 50: Exploring (0, 6)
2025-07-31 20:36:28,782 - DEBUG - Moving down from (2, 6) to (2, 5)
2025-07-31 20:36:28,851 - DEBUG - Moving left from (2, 5) to (1, 5)
2025-07-31 20:36:28,964 - DEBUG - Moving left from (1, 5) to (0, 5)
2025-07-31 20:36:29,070 - DEBUG - Moving up from (0, 5) to (0, 6)
2025-07-31 20:36:29,132 - DEBUG - Sensor readings: {'front': 1366.0115201100562, 'right': 1333.971127727617, 'back': 2000.0, 'left': 325.59145278907846}
2025-07-31 20:36:29,133 - DEBUG - Added neighbor right: (1, 6)
2025-07-31 20:36:29,133 - DEBUG - Added neighbor up: (0, 7)
2025-07-31 20:36:29,133 - DEBUG - Added 2 new neighbors. Queue size: 8
2025-07-31 20:36:29,133 - DEBUG - 
=== STEP 50 DATA STRUCTURES ===
Current Cell: (0, 6)
explored_cells: [(0, 0), (0, 1), (0, 4), (0, 5), (0, 6), (0, 7), (1, 0), (1, 1), (1, 2), (1, 3), (1, 4), (1, 5), (1, 6), (2, 0), (2, 1), (2, 2), (2, 3), (2, 4), (2, 5), (2, 6), (3, 0), (3, 1), (3, 2), (3, 3), (3, 4), (3, 5), (3, 6), (4, 0), (4, 1), (4, 2), (4, 3), (4, 4), (4, 5), (5, 0), (5, 1), (5, 2), (5, 3), (5, 4), (6, 0), (6, 1), (6, 2), (6, 3), (6, 4), (6, 5), (7, 0), (7, 1), (7, 2), (7, 3), (7, 4), (8, 0), (8, 1), (9, 0), (9, 1), (10, 0), (10, 1), (11, 0), (11, 1), (11, 2)]
accessible_from:
  (0, 0) -> [(0, 1), (1, 0)]
  (0, 1) -> [(0, 0), (1, 1)]
  (0, 4) -> [(0, 5)]
  (0, 5) -> [(0, 4), (0, 6), (1, 5)]
  (0, 6) -> [(0, 5), (0, 7), (1, 6)]
  (0, 7) -> [(0, 6)]
  (1, 0) -> [(0, 0), (1, 1), (2, 0)]
  (1, 1) -> [(0, 1), (1, 0), (2, 1)]
  (1, 2) -> [(1, 3), (2, 2)]
  (1, 3) -> [(1, 2), (2, 3)]
  (1, 4) -> [(1, 5), (2, 4)]
  (1, 5) -> [(0, 5), (1, 4), (2, 5)]
  (1, 6) -> [(0, 6)]
  (2, 0) -> [(1, 0), (3, 0)]
  (2, 1) -> [(1, 1), (2, 2)]
  (2, 2) -> [(1, 2), (2, 1), (3, 2)]
  (2, 3) -> [(1, 3), (2, 4), (3, 3)]
  (2, 4) -> [(1, 4), (2, 3), (3, 4)]
  (2, 5) -> [(1, 5), (2, 6), (3, 5)]
  (2, 6) -> [(2, 5), (3, 6)]
  (3, 0) -> [(2, 0), (4, 0)]
  (3, 1) -> [(3, 2), (4, 1)]
  (3, 2) -> [(2, 2), (3, 1), (4, 2)]
  (3, 3) -> [(2, 3), (3, 4), (4, 3)]
  (3, 4) -> [(2, 4), (3, 3), (4, 4)]
  (3, 5) -> [(2, 5), (3, 6), (4, 5)]
  (3, 6) -> [(2, 6), (3, 5)]
  (4, 0) -> [(3, 0), (5, 0)]
  (4, 1) -> [(3, 1), (4, 2), (5, 1)]
  (4, 2) -> [(3, 2), (4, 1)]
  (4, 3) -> [(3, 3), (4, 4), (5, 3)]
  (4, 4) -> [(3, 4), (4, 3), (5, 4)]
  (4, 5) -> [(3, 5)]
  (5, 0) -> [(4, 0), (5, 1), (6, 0)]
  (5, 1) -> [(4, 1), (5, 0), (5, 2), (6, 1)]
  (5, 2) -> [(5, 1), (6, 2)]
  (5, 3) -> [(4, 3), (5, 4), (6, 3)]
  (5, 4) -> [(4, 4), (5, 3)]
  (6, 0) -> [(5, 0), (6, 1), (7, 0)]
  (6, 1) -> [(5, 1), (6, 0), (7, 1)]
  (6, 2) -> [(5, 2), (7, 2)]
  (6, 3) -> [(5, 3), (6, 4), (7, 3)]
  (6, 4) -> [(6, 3), (6, 5), (7, 4)]
  (6, 5) -> [(6, 4)]
  (7, 0) -> [(6, 0), (7, 1), (8, 0)]
  (7, 1) -> [(6, 1), (7, 0), (8, 1)]
  (7, 2) -> [(6, 2)]
  (7, 3) -> [(6, 3), (7, 4)]
  (7, 4) -> [(6, 4), (7, 3)]
  (8, 0) -> [(7, 0), (8, 1), (9, 0)]
  (8, 1) -> [(7, 1), (8, 0)]
  (9, 0) -> [(8, 0), (9, 1), (10, 0)]
  (9, 1) -> [(9, 0), (10, 1)]
  (10, 0) -> [(9, 0), (10, 1), (11, 0)]
  (10, 1) -> [(9, 1), (10, 0), (11, 1)]
  (11, 0) -> [(10, 0), (11, 1)]
  (11, 1) -> [(10, 1), (11, 0), (11, 2)]
  (11, 2) -> [(11, 1)]
parent_path: {}
exploration_queue: [(0, 4), (11, 2), (7, 4), (6, 5), (4, 5), (3, 6), (1, 6), (0, 7)]

2025-07-31 20:36:29,133 - DEBUG - 
=== VISUAL BOARD - STEP 50 - BFS-EXPLORATION ===
   0  1  2  3  4  5  6  7  8  9 10 11
11 .  .  .  .  .  .  .  .  .  .  .  .   11
10 .  .  .  .  .  .  .  .  .  .  .  .   10
 9 .  .  .  .  .  .  .  .  .  .  .  .    9
 8 .  .  .  .  .  .  .  .  .  .  .  .    8
 7 V  .  .  .  .  .  .  .  .  .  .  .    7
 6 R  V  V  V  .  .  .  .  .  .  .  .    6
 5 V  V  V  V  V  .  V  .  .  .  .  .    5
 4 V  V  V  V  V  V  V  V  .  .  .  .    4
 3 .  V  V  V  V  V  V  V  .  .  .  .    3
 2 .  V  V  V  V  V  V  V  .  .  .  V    2
 1 V  V  V  V  V  V  V  V  V  V  V  V    1
 0 V  V  V  V  V  V  V  V  V  V  V  V    0
   0  1  2  3  4  5  6  7  8  9 10 11
Legend: R=Robot, V=Visited, P=Path, .=Unvisited

2025-07-31 20:36:29,133 - INFO - BFS Exploration Step 51: Exploring (0, 4)
2025-07-31 20:36:29,133 - DEBUG - Moving down from (0, 6) to (0, 5)
2025-07-31 20:36:29,204 - DEBUG - Moving down from (0, 5) to (0, 4)
2025-07-31 20:36:29,277 - DEBUG - Sensor readings: {'front': 2000.0, 'right': 281.1725138669861, 'back': 2000.0, 'left': 377.20592486826484}
2025-07-31 20:36:29,277 - DEBUG - Wall detected right to (1, 4)
2025-07-31 20:36:29,277 - DEBUG - Added neighbor down: (0, 3)
2025-07-31 20:36:29,277 - DEBUG - Added 1 new neighbors. Queue size: 8
2025-07-31 20:36:29,277 - DEBUG - 
=== STEP 51 DATA STRUCTURES ===
Current Cell: (0, 4)
explored_cells: [(0, 0), (0, 1), (0, 3), (0, 4), (0, 5), (0, 6), (0, 7), (1, 0), (1, 1), (1, 2), (1, 3), (1, 4), (1, 5), (1, 6), (2, 0), (2, 1), (2, 2), (2, 3), (2, 4), (2, 5), (2, 6), (3, 0), (3, 1), (3, 2), (3, 3), (3, 4), (3, 5), (3, 6), (4, 0), (4, 1), (4, 2), (4, 3), (4, 4), (4, 5), (5, 0), (5, 1), (5, 2), (5, 3), (5, 4), (6, 0), (6, 1), (6, 2), (6, 3), (6, 4), (6, 5), (7, 0), (7, 1), (7, 2), (7, 3), (7, 4), (8, 0), (8, 1), (9, 0), (9, 1), (10, 0), (10, 1), (11, 0), (11, 1), (11, 2)]
accessible_from:
  (0, 0) -> [(0, 1), (1, 0)]
  (0, 1) -> [(0, 0), (1, 1)]
  (0, 3) -> [(0, 4)]
  (0, 4) -> [(0, 3), (0, 5)]
  (0, 5) -> [(0, 4), (0, 6), (1, 5)]
  (0, 6) -> [(0, 5), (0, 7), (1, 6)]
  (0, 7) -> [(0, 6)]
  (1, 0) -> [(0, 0), (1, 1), (2, 0)]
  (1, 1) -> [(0, 1), (1, 0), (2, 1)]
  (1, 2) -> [(1, 3), (2, 2)]
  (1, 3) -> [(1, 2), (2, 3)]
  (1, 4) -> [(1, 5), (2, 4)]
  (1, 5) -> [(0, 5), (1, 4), (2, 5)]
  (1, 6) -> [(0, 6)]
  (2, 0) -> [(1, 0), (3, 0)]
  (2, 1) -> [(1, 1), (2, 2)]
  (2, 2) -> [(1, 2), (2, 1), (3, 2)]
  (2, 3) -> [(1, 3), (2, 4), (3, 3)]
  (2, 4) -> [(1, 4), (2, 3), (3, 4)]
  (2, 5) -> [(1, 5), (2, 6), (3, 5)]
  (2, 6) -> [(2, 5), (3, 6)]
  (3, 0) -> [(2, 0), (4, 0)]
  (3, 1) -> [(3, 2), (4, 1)]
  (3, 2) -> [(2, 2), (3, 1), (4, 2)]
  (3, 3) -> [(2, 3), (3, 4), (4, 3)]
  (3, 4) -> [(2, 4), (3, 3), (4, 4)]
  (3, 5) -> [(2, 5), (3, 6), (4, 5)]
  (3, 6) -> [(2, 6), (3, 5)]
  (4, 0) -> [(3, 0), (5, 0)]
  (4, 1) -> [(3, 1), (4, 2), (5, 1)]
  (4, 2) -> [(3, 2), (4, 1)]
  (4, 3) -> [(3, 3), (4, 4), (5, 3)]
  (4, 4) -> [(3, 4), (4, 3), (5, 4)]
  (4, 5) -> [(3, 5)]
  (5, 0) -> [(4, 0), (5, 1), (6, 0)]
  (5, 1) -> [(4, 1), (5, 0), (5, 2), (6, 1)]
  (5, 2) -> [(5, 1), (6, 2)]
  (5, 3) -> [(4, 3), (5, 4), (6, 3)]
  (5, 4) -> [(4, 4), (5, 3)]
  (6, 0) -> [(5, 0), (6, 1), (7, 0)]
  (6, 1) -> [(5, 1), (6, 0), (7, 1)]
  (6, 2) -> [(5, 2), (7, 2)]
  (6, 3) -> [(5, 3), (6, 4), (7, 3)]
  (6, 4) -> [(6, 3), (6, 5), (7, 4)]
  (6, 5) -> [(6, 4)]
  (7, 0) -> [(6, 0), (7, 1), (8, 0)]
  (7, 1) -> [(6, 1), (7, 0), (8, 1)]
  (7, 2) -> [(6, 2)]
  (7, 3) -> [(6, 3), (7, 4)]
  (7, 4) -> [(6, 4), (7, 3)]
  (8, 0) -> [(7, 0), (8, 1), (9, 0)]
  (8, 1) -> [(7, 1), (8, 0)]
  (9, 0) -> [(8, 0), (9, 1), (10, 0)]
  (9, 1) -> [(9, 0), (10, 1)]
  (10, 0) -> [(9, 0), (10, 1), (11, 0)]
  (10, 1) -> [(9, 1), (10, 0), (11, 1)]
  (11, 0) -> [(10, 0), (11, 1)]
  (11, 1) -> [(10, 1), (11, 0), (11, 2)]
  (11, 2) -> [(11, 1)]
parent_path: {}
exploration_queue: [(11, 2), (7, 4), (6, 5), (4, 5), (3, 6), (1, 6), (0, 7), (0, 3)]

2025-07-31 20:36:29,277 - DEBUG - 
=== VISUAL BOARD - STEP 51 - BFS-EXPLORATION ===
   0  1  2  3  4  5  6  7  8  9 10 11
11 .  .  .  .  .  .  .  .  .  .  .  .   11
10 .  .  .  .  .  .  .  .  .  .  .  .   10
 9 .  .  .  .  .  .  .  .  .  .  .  .    9
 8 .  .  .  .  .  .  .  .  .  .  .  .    8
 7 V  .  .  .  .  .  .  .  .  .  .  .    7
 6 V  V  V  V  .  .  .  .  .  .  .  .    6
 5 V  V  V  V  V  .  V  .  .  .  .  .    5
 4 R  V  V  V  V  V  V  V  .  .  .  .    4
 3 V  V  V  V  V  V  V  V  .  .  .  .    3
 2 .  V  V  V  V  V  V  V  .  .  .  V    2
 1 V  V  V  V  V  V  V  V  V  V  V  V    1
 0 V  V  V  V  V  V  V  V  V  V  V  V    0
   0  1  2  3  4  5  6  7  8  9 10 11
Legend: R=Robot, V=Visited, P=Path, .=Unvisited

2025-07-31 20:36:29,277 - INFO - BFS Exploration Step 52: Exploring (11, 2)
2025-07-31 20:36:29,277 - DEBUG - Moving up from (0, 4) to (0, 5)
2025-07-31 20:36:29,343 - DEBUG - Moving right from (0, 5) to (1, 5)
2025-07-31 20:36:29,445 - DEBUG - Moving down from (1, 5) to (1, 4)
2025-07-31 20:36:29,520 - DEBUG - Moving right from (1, 4) to (2, 4)
2025-07-31 20:36:29,617 - DEBUG - Moving down from (2, 4) to (2, 3)
2025-07-31 20:36:29,683 - DEBUG - Moving left from (2, 3) to (1, 3)
2025-07-31 20:36:29,778 - DEBUG - Moving down from (1, 3) to (1, 2)
2025-07-31 20:36:29,854 - DEBUG - Moving right from (1, 2) to (2, 2)
2025-07-31 20:36:29,950 - DEBUG - Moving right from (2, 2) to (3, 2)
2025-07-31 20:36:30,054 - DEBUG - Moving down from (3, 2) to (3, 1)
2025-07-31 20:36:30,128 - DEBUG - Moving right from (3, 1) to (4, 1)
2025-07-31 20:36:30,223 - DEBUG - Moving right from (4, 1) to (5, 1)
2025-07-31 20:36:30,326 - DEBUG - Moving right from (5, 1) to (6, 1)
2025-07-31 20:36:30,431 - DEBUG - Moving right from (6, 1) to (7, 1)
2025-07-31 20:36:30,531 - DEBUG - Moving down from (7, 1) to (7, 0)
2025-07-31 20:36:30,594 - DEBUG - Moving right from (7, 0) to (8, 0)
2025-07-31 20:36:30,694 - DEBUG - Moving right from (8, 0) to (9, 0)
2025-07-31 20:36:30,800 - DEBUG - Moving up from (9, 0) to (9, 1)
2025-07-31 20:36:30,867 - DEBUG - Moving right from (9, 1) to (10, 1)
2025-07-31 20:36:30,968 - DEBUG - Moving right from (10, 1) to (11, 1)
2025-07-31 20:36:31,075 - DEBUG - Moving up from (11, 1) to (11, 2)
2025-07-31 20:36:31,141 - DEBUG - Sensor readings: {'front': 1351.8484248221757, 'right': 385.66766443176897, 'back': 2000.0, 'left': 1282.07657103888}
2025-07-31 20:36:31,141 - DEBUG - Added neighbor up: (11, 3)
2025-07-31 20:36:31,141 - DEBUG - Added neighbor left: (10, 2)
2025-07-31 20:36:31,141 - DEBUG - Added 2 new neighbors. Queue size: 9
2025-07-31 20:36:31,141 - DEBUG - 
=== STEP 52 DATA STRUCTURES ===
Current Cell: (11, 2)
explored_cells: [(0, 0), (0, 1), (0, 3), (0, 4), (0, 5), (0, 6), (0, 7), (1, 0), (1, 1), (1, 2), (1, 3), (1, 4), (1, 5), (1, 6), (2, 0), (2, 1), (2, 2), (2, 3), (2, 4), (2, 5), (2, 6), (3, 0), (3, 1), (3, 2), (3, 3), (3, 4), (3, 5), (3, 6), (4, 0), (4, 1), (4, 2), (4, 3), (4, 4), (4, 5), (5, 0), (5, 1), (5, 2), (5, 3), (5, 4), (6, 0), (6, 1), (6, 2), (6, 3), (6, 4), (6, 5), (7, 0), (7, 1), (7, 2), (7, 3), (7, 4), (8, 0), (8, 1), (9, 0), (9, 1), (10, 0), (10, 1), (10, 2), (11, 0), (11, 1), (11, 2), (11, 3)]
accessible_from:
  (0, 0) -> [(0, 1), (1, 0)]
  (0, 1) -> [(0, 0), (1, 1)]
  (0, 3) -> [(0, 4)]
  (0, 4) -> [(0, 3), (0, 5)]
  (0, 5) -> [(0, 4), (0, 6), (1, 5)]
  (0, 6) -> [(0, 5), (0, 7), (1, 6)]
  (0, 7) -> [(0, 6)]
  (1, 0) -> [(0, 0), (1, 1), (2, 0)]
  (1, 1) -> [(0, 1), (1, 0), (2, 1)]
  (1, 2) -> [(1, 3), (2, 2)]
  (1, 3) -> [(1, 2), (2, 3)]
  (1, 4) -> [(1, 5), (2, 4)]
  (1, 5) -> [(0, 5), (1, 4), (2, 5)]
  (1, 6) -> [(0, 6)]
  (2, 0) -> [(1, 0), (3, 0)]
  (2, 1) -> [(1, 1), (2, 2)]
  (2, 2) -> [(1, 2), (2, 1), (3, 2)]
  (2, 3) -> [(1, 3), (2, 4), (3, 3)]
  (2, 4) -> [(1, 4), (2, 3), (3, 4)]
  (2, 5) -> [(1, 5), (2, 6), (3, 5)]
  (2, 6) -> [(2, 5), (3, 6)]
  (3, 0) -> [(2, 0), (4, 0)]
  (3, 1) -> [(3, 2), (4, 1)]
  (3, 2) -> [(2, 2), (3, 1), (4, 2)]
  (3, 3) -> [(2, 3), (3, 4), (4, 3)]
  (3, 4) -> [(2, 4), (3, 3), (4, 4)]
  (3, 5) -> [(2, 5), (3, 6), (4, 5)]
  (3, 6) -> [(2, 6), (3, 5)]
  (4, 0) -> [(3, 0), (5, 0)]
  (4, 1) -> [(3, 1), (4, 2), (5, 1)]
  (4, 2) -> [(3, 2), (4, 1)]
  (4, 3) -> [(3, 3), (4, 4), (5, 3)]
  (4, 4) -> [(3, 4), (4, 3), (5, 4)]
  (4, 5) -> [(3, 5)]
  (5, 0) -> [(4, 0), (5, 1), (6, 0)]
  (5, 1) -> [(4, 1), (5, 0), (5, 2), (6, 1)]
  (5, 2) -> [(5, 1), (6, 2)]
  (5, 3) -> [(4, 3), (5, 4), (6, 3)]
  (5, 4) -> [(4, 4), (5, 3)]
  (6, 0) -> [(5, 0), (6, 1), (7, 0)]
  (6, 1) -> [(5, 1), (6, 0), (7, 1)]
  (6, 2) -> [(5, 2), (7, 2)]
  (6, 3) -> [(5, 3), (6, 4), (7, 3)]
  (6, 4) -> [(6, 3), (6, 5), (7, 4)]
  (6, 5) -> [(6, 4)]
  (7, 0) -> [(6, 0), (7, 1), (8, 0)]
  (7, 1) -> [(6, 1), (7, 0), (8, 1)]
  (7, 2) -> [(6, 2)]
  (7, 3) -> [(6, 3), (7, 4)]
  (7, 4) -> [(6, 4), (7, 3)]
  (8, 0) -> [(7, 0), (8, 1), (9, 0)]
  (8, 1) -> [(7, 1), (8, 0)]
  (9, 0) -> [(8, 0), (9, 1), (10, 0)]
  (9, 1) -> [(9, 0), (10, 1)]
  (10, 0) -> [(9, 0), (10, 1), (11, 0)]
  (10, 1) -> [(9, 1), (10, 0), (11, 1)]
  (10, 2) -> [(11, 2)]
  (11, 0) -> [(10, 0), (11, 1)]
  (11, 1) -> [(10, 1), (11, 0), (11, 2)]
  (11, 2) -> [(10, 2), (11, 1), (11, 3)]
  (11, 3) -> [(11, 2)]
parent_path: {}
exploration_queue: [(7, 4), (6, 5), (4, 5), (3, 6), (1, 6), (0, 7), (0, 3), (11, 3), (10, 2)]

2025-07-31 20:36:31,142 - DEBUG - 
=== VISUAL BOARD - STEP 52 - BFS-EXPLORATION ===
   0  1  2  3  4  5  6  7  8  9 10 11
11 .  .  .  .  .  .  .  .  .  .  .  .   11
10 .  .  .  .  .  .  .  .  .  .  .  .   10
 9 .  .  .  .  .  .  .  .  .  .  .  .    9
 8 .  .  .  .  .  .  .  .  .  .  .  .    8
 7 V  .  .  .  .  .  .  .  .  .  .  .    7
 6 V  V  V  V  .  .  .  .  .  .  .  .    6
 5 V  V  V  V  V  .  V  .  .  .  .  .    5
 4 V  V  V  V  V  V  V  V  .  .  .  .    4
 3 V  V  V  V  V  V  V  V  .  .  .  V    3
 2 .  V  V  V  V  V  V  V  .  .  V  R    2
 1 V  V  V  V  V  V  V  V  V  V  V  V    1
 0 V  V  V  V  V  V  V  V  V  V  V  V    0
   0  1  2  3  4  5  6  7  8  9 10 11
Legend: R=Robot, V=Visited, P=Path, .=Unvisited

2025-07-31 20:36:31,142 - INFO - BFS Exploration Step 53: Exploring (7, 4)
2025-07-31 20:36:31,142 - DEBUG - Moving down from (11, 2) to (11, 1)
2025-07-31 20:36:31,204 - DEBUG - Moving left from (11, 1) to (10, 1)
2025-07-31 20:36:31,305 - DEBUG - Moving left from (10, 1) to (9, 1)
2025-07-31 20:36:31,401 - DEBUG - Moving down from (9, 1) to (9, 0)
2025-07-31 20:36:31,474 - DEBUG - Moving left from (9, 0) to (8, 0)
2025-07-31 20:36:31,570 - DEBUG - Moving left from (8, 0) to (7, 0)
2025-07-31 20:36:31,679 - DEBUG - Moving up from (7, 0) to (7, 1)
2025-07-31 20:36:31,750 - DEBUG - Moving left from (7, 1) to (6, 1)
2025-07-31 20:36:31,847 - DEBUG - Moving left from (6, 1) to (5, 1)
2025-07-31 20:36:31,956 - DEBUG - Moving left from (5, 1) to (4, 1)
2025-07-31 20:36:32,054 - DEBUG - Moving left from (4, 1) to (3, 1)
2025-07-31 20:36:32,157 - DEBUG - Moving up from (3, 1) to (3, 2)
2025-07-31 20:36:32,222 - DEBUG - Moving left from (3, 2) to (2, 2)
2025-07-31 20:36:32,320 - DEBUG - Moving left from (2, 2) to (1, 2)
2025-07-31 20:36:32,427 - DEBUG - Moving up from (1, 2) to (1, 3)
2025-07-31 20:36:32,502 - DEBUG - Moving right from (1, 3) to (2, 3)
2025-07-31 20:36:32,599 - DEBUG - Moving right from (2, 3) to (3, 3)
2025-07-31 20:36:32,695 - DEBUG - Moving right from (3, 3) to (4, 3)
2025-07-31 20:36:32,803 - DEBUG - Moving right from (4, 3) to (5, 3)
2025-07-31 20:36:32,903 - DEBUG - Moving right from (5, 3) to (6, 3)
2025-07-31 20:36:33,007 - DEBUG - Moving up from (6, 3) to (6, 4)
2025-07-31 20:36:33,076 - DEBUG - Moving right from (6, 4) to (7, 4)
2025-07-31 20:36:33,181 - DEBUG - Sensor readings: {'front': 294.189592086447, 'right': 361.27889383091394, 'back': 1342.515484405905, 'left': 1275.428316772118}
2025-07-31 20:36:33,181 - DEBUG - Wall detected right to (8, 4)
2025-07-31 20:36:33,181 - DEBUG - Wall detected up to (7, 5)
2025-07-31 20:36:33,181 - DEBUG - Added 0 new neighbors. Queue size: 8
2025-07-31 20:36:33,181 - DEBUG - 
=== STEP 53 DATA STRUCTURES ===
Current Cell: (7, 4)
explored_cells: [(0, 0), (0, 1), (0, 3), (0, 4), (0, 5), (0, 6), (0, 7), (1, 0), (1, 1), (1, 2), (1, 3), (1, 4), (1, 5), (1, 6), (2, 0), (2, 1), (2, 2), (2, 3), (2, 4), (2, 5), (2, 6), (3, 0), (3, 1), (3, 2), (3, 3), (3, 4), (3, 5), (3, 6), (4, 0), (4, 1), (4, 2), (4, 3), (4, 4), (4, 5), (5, 0), (5, 1), (5, 2), (5, 3), (5, 4), (6, 0), (6, 1), (6, 2), (6, 3), (6, 4), (6, 5), (7, 0), (7, 1), (7, 2), (7, 3), (7, 4), (8, 0), (8, 1), (9, 0), (9, 1), (10, 0), (10, 1), (10, 2), (11, 0), (11, 1), (11, 2), (11, 3)]
accessible_from:
  (0, 0) -> [(0, 1), (1, 0)]
  (0, 1) -> [(0, 0), (1, 1)]
  (0, 3) -> [(0, 4)]
  (0, 4) -> [(0, 3), (0, 5)]
  (0, 5) -> [(0, 4), (0, 6), (1, 5)]
  (0, 6) -> [(0, 5), (0, 7), (1, 6)]
  (0, 7) -> [(0, 6)]
  (1, 0) -> [(0, 0), (1, 1), (2, 0)]
  (1, 1) -> [(0, 1), (1, 0), (2, 1)]
  (1, 2) -> [(1, 3), (2, 2)]
  (1, 3) -> [(1, 2), (2, 3)]
  (1, 4) -> [(1, 5), (2, 4)]
  (1, 5) -> [(0, 5), (1, 4), (2, 5)]
  (1, 6) -> [(0, 6)]
  (2, 0) -> [(1, 0), (3, 0)]
  (2, 1) -> [(1, 1), (2, 2)]
  (2, 2) -> [(1, 2), (2, 1), (3, 2)]
  (2, 3) -> [(1, 3), (2, 4), (3, 3)]
  (2, 4) -> [(1, 4), (2, 3), (3, 4)]
  (2, 5) -> [(1, 5), (2, 6), (3, 5)]
  (2, 6) -> [(2, 5), (3, 6)]
  (3, 0) -> [(2, 0), (4, 0)]
  (3, 1) -> [(3, 2), (4, 1)]
  (3, 2) -> [(2, 2), (3, 1), (4, 2)]
  (3, 3) -> [(2, 3), (3, 4), (4, 3)]
  (3, 4) -> [(2, 4), (3, 3), (4, 4)]
  (3, 5) -> [(2, 5), (3, 6), (4, 5)]
  (3, 6) -> [(2, 6), (3, 5)]
  (4, 0) -> [(3, 0), (5, 0)]
  (4, 1) -> [(3, 1), (4, 2), (5, 1)]
  (4, 2) -> [(3, 2), (4, 1)]
  (4, 3) -> [(3, 3), (4, 4), (5, 3)]
  (4, 4) -> [(3, 4), (4, 3), (5, 4)]
  (4, 5) -> [(3, 5)]
  (5, 0) -> [(4, 0), (5, 1), (6, 0)]
  (5, 1) -> [(4, 1), (5, 0), (5, 2), (6, 1)]
  (5, 2) -> [(5, 1), (6, 2)]
  (5, 3) -> [(4, 3), (5, 4), (6, 3)]
  (5, 4) -> [(4, 4), (5, 3)]
  (6, 0) -> [(5, 0), (6, 1), (7, 0)]
  (6, 1) -> [(5, 1), (6, 0), (7, 1)]
  (6, 2) -> [(5, 2), (7, 2)]
  (6, 3) -> [(5, 3), (6, 4), (7, 3)]
  (6, 4) -> [(6, 3), (6, 5), (7, 4)]
  (6, 5) -> [(6, 4)]
  (7, 0) -> [(6, 0), (7, 1), (8, 0)]
  (7, 1) -> [(6, 1), (7, 0), (8, 1)]
  (7, 2) -> [(6, 2)]
  (7, 3) -> [(6, 3), (7, 4)]
  (7, 4) -> [(6, 4), (7, 3)]
  (8, 0) -> [(7, 0), (8, 1), (9, 0)]
  (8, 1) -> [(7, 1), (8, 0)]
  (9, 0) -> [(8, 0), (9, 1), (10, 0)]
  (9, 1) -> [(9, 0), (10, 1)]
  (10, 0) -> [(9, 0), (10, 1), (11, 0)]
  (10, 1) -> [(9, 1), (10, 0), (11, 1)]
  (10, 2) -> [(11, 2)]
  (11, 0) -> [(10, 0), (11, 1)]
  (11, 1) -> [(10, 1), (11, 0), (11, 2)]
  (11, 2) -> [(10, 2), (11, 1), (11, 3)]
  (11, 3) -> [(11, 2)]
parent_path: {}
exploration_queue: [(6, 5), (4, 5), (3, 6), (1, 6), (0, 7), (0, 3), (11, 3), (10, 2)]

2025-07-31 20:36:33,181 - DEBUG - 
=== VISUAL BOARD - STEP 53 - BFS-EXPLORATION ===
   0  1  2  3  4  5  6  7  8  9 10 11
11 .  .  .  .  .  .  .  .  .  .  .  .   11
10 .  .  .  .  .  .  .  .  .  .  .  .   10
 9 .  .  .  .  .  .  .  .  .  .  .  .    9
 8 .  .  .  .  .  .  .  .  .  .  .  .    8
 7 V  .  .  .  .  .  .  .  .  .  .  .    7
 6 V  V  V  V  .  .  .  .  .  .  .  .    6
 5 V  V  V  V  V  .  V  .  .  .  .  .    5
 4 V  V  V  V  V  V  V  R  .  .  .  .    4
 3 V  V  V  V  V  V  V  V  .  .  .  V    3
 2 .  V  V  V  V  V  V  V  .  .  V  V    2
 1 V  V  V  V  V  V  V  V  V  V  V  V    1
 0 V  V  V  V  V  V  V  V  V  V  V  V    0
   0  1  2  3  4  5  6  7  8  9 10 11
Legend: R=Robot, V=Visited, P=Path, .=Unvisited

2025-07-31 20:36:33,181 - INFO - BFS Exploration Step 54: Exploring (6, 5)
2025-07-31 20:36:33,181 - DEBUG - Moving left from (7, 4) to (6, 4)
2025-07-31 20:36:33,276 - DEBUG - Moving up from (6, 4) to (6, 5)
2025-07-31 20:36:33,340 - DEBUG - Sensor readings: {'front': 1367.577492277944, 'right': 2000.0, 'back': 2000.0, 'left': 1306.8202244103613}
2025-07-31 20:36:33,340 - DEBUG - Added neighbor right: (7, 5)
2025-07-31 20:36:33,340 - DEBUG - Added neighbor up: (6, 6)
2025-07-31 20:36:33,340 - DEBUG - Added neighbor left: (5, 5)
2025-07-31 20:36:33,340 - DEBUG - Added 3 new neighbors. Queue size: 10
2025-07-31 20:36:33,340 - DEBUG - 
=== STEP 54 DATA STRUCTURES ===
Current Cell: (6, 5)
explored_cells: [(0, 0), (0, 1), (0, 3), (0, 4), (0, 5), (0, 6), (0, 7), (1, 0), (1, 1), (1, 2), (1, 3), (1, 4), (1, 5), (1, 6), (2, 0), (2, 1), (2, 2), (2, 3), (2, 4), (2, 5), (2, 6), (3, 0), (3, 1), (3, 2), (3, 3), (3, 4), (3, 5), (3, 6), (4, 0), (4, 1), (4, 2), (4, 3), (4, 4), (4, 5), (5, 0), (5, 1), (5, 2), (5, 3), (5, 4), (5, 5), (6, 0), (6, 1), (6, 2), (6, 3), (6, 4), (6, 5), (6, 6), (7, 0), (7, 1), (7, 2), (7, 3), (7, 4), (7, 5), (8, 0), (8, 1), (9, 0), (9, 1), (10, 0), (10, 1), (10, 2), (11, 0), (11, 1), (11, 2), (11, 3)]
accessible_from:
  (0, 0) -> [(0, 1), (1, 0)]
  (0, 1) -> [(0, 0), (1, 1)]
  (0, 3) -> [(0, 4)]
  (0, 4) -> [(0, 3), (0, 5)]
  (0, 5) -> [(0, 4), (0, 6), (1, 5)]
  (0, 6) -> [(0, 5), (0, 7), (1, 6)]
  (0, 7) -> [(0, 6)]
  (1, 0) -> [(0, 0), (1, 1), (2, 0)]
  (1, 1) -> [(0, 1), (1, 0), (2, 1)]
  (1, 2) -> [(1, 3), (2, 2)]
  (1, 3) -> [(1, 2), (2, 3)]
  (1, 4) -> [(1, 5), (2, 4)]
  (1, 5) -> [(0, 5), (1, 4), (2, 5)]
  (1, 6) -> [(0, 6)]
  (2, 0) -> [(1, 0), (3, 0)]
  (2, 1) -> [(1, 1), (2, 2)]
  (2, 2) -> [(1, 2), (2, 1), (3, 2)]
  (2, 3) -> [(1, 3), (2, 4), (3, 3)]
  (2, 4) -> [(1, 4), (2, 3), (3, 4)]
  (2, 5) -> [(1, 5), (2, 6), (3, 5)]
  (2, 6) -> [(2, 5), (3, 6)]
  (3, 0) -> [(2, 0), (4, 0)]
  (3, 1) -> [(3, 2), (4, 1)]
  (3, 2) -> [(2, 2), (3, 1), (4, 2)]
  (3, 3) -> [(2, 3), (3, 4), (4, 3)]
  (3, 4) -> [(2, 4), (3, 3), (4, 4)]
  (3, 5) -> [(2, 5), (3, 6), (4, 5)]
  (3, 6) -> [(2, 6), (3, 5)]
  (4, 0) -> [(3, 0), (5, 0)]
  (4, 1) -> [(3, 1), (4, 2), (5, 1)]
  (4, 2) -> [(3, 2), (4, 1)]
  (4, 3) -> [(3, 3), (4, 4), (5, 3)]
  (4, 4) -> [(3, 4), (4, 3), (5, 4)]
  (4, 5) -> [(3, 5)]
  (5, 0) -> [(4, 0), (5, 1), (6, 0)]
  (5, 1) -> [(4, 1), (5, 0), (5, 2), (6, 1)]
  (5, 2) -> [(5, 1), (6, 2)]
  (5, 3) -> [(4, 3), (5, 4), (6, 3)]
  (5, 4) -> [(4, 4), (5, 3)]
  (5, 5) -> [(6, 5)]
  (6, 0) -> [(5, 0), (6, 1), (7, 0)]
  (6, 1) -> [(5, 1), (6, 0), (7, 1)]
  (6, 2) -> [(5, 2), (7, 2)]
  (6, 3) -> [(5, 3), (6, 4), (7, 3)]
  (6, 4) -> [(6, 3), (6, 5), (7, 4)]
  (6, 5) -> [(5, 5), (6, 4), (6, 6), (7, 5)]
  (6, 6) -> [(6, 5)]
  (7, 0) -> [(6, 0), (7, 1), (8, 0)]
  (7, 1) -> [(6, 1), (7, 0), (8, 1)]
  (7, 2) -> [(6, 2)]
  (7, 3) -> [(6, 3), (7, 4)]
  (7, 4) -> [(6, 4), (7, 3)]
  (7, 5) -> [(6, 5)]
  (8, 0) -> [(7, 0), (8, 1), (9, 0)]
  (8, 1) -> [(7, 1), (8, 0)]
  (9, 0) -> [(8, 0), (9, 1), (10, 0)]
  (9, 1) -> [(9, 0), (10, 1)]
  (10, 0) -> [(9, 0), (10, 1), (11, 0)]
  (10, 1) -> [(9, 1), (10, 0), (11, 1)]
  (10, 2) -> [(11, 2)]
  (11, 0) -> [(10, 0), (11, 1)]
  (11, 1) -> [(10, 1), (11, 0), (11, 2)]
  (11, 2) -> [(10, 2), (11, 1), (11, 3)]
  (11, 3) -> [(11, 2)]
parent_path: {}
exploration_queue: [(4, 5), (3, 6), (1, 6), (0, 7), (0, 3), (11, 3), (10, 2), (7, 5), (6, 6), (5, 5)]

2025-07-31 20:36:33,340 - DEBUG - 
=== VISUAL BOARD - STEP 54 - BFS-EXPLORATION ===
   0  1  2  3  4  5  6  7  8  9 10 11
11 .  .  .  .  .  .  .  .  .  .  .  .   11
10 .  .  .  .  .  .  .  .  .  .  .  .   10
 9 .  .  .  .  .  .  .  .  .  .  .  .    9
 8 .  .  .  .  .  .  .  .  .  .  .  .    8
 7 V  .  .  .  .  .  .  .  .  .  .  .    7
 6 V  V  V  V  .  .  V  .  .  .  .  .    6
 5 V  V  V  V  V  V  R  V  .  .  .  .    5
 4 V  V  V  V  V  V  V  V  .  .  .  .    4
 3 V  V  V  V  V  V  V  V  .  .  .  V    3
 2 .  V  V  V  V  V  V  V  .  .  V  V    2
 1 V  V  V  V  V  V  V  V  V  V  V  V    1
 0 V  V  V  V  V  V  V  V  V  V  V  V    0
   0  1  2  3  4  5  6  7  8  9 10 11
Legend: R=Robot, V=Visited, P=Path, .=Unvisited

2025-07-31 20:36:33,340 - INFO - BFS Exploration Step 55: Exploring (4, 5)
2025-07-31 20:36:33,341 - DEBUG - Moving down from (6, 5) to (6, 4)
2025-07-31 20:36:33,414 - DEBUG - Moving down from (6, 4) to (6, 3)
2025-07-31 20:36:33,483 - DEBUG - Moving left from (6, 3) to (5, 3)
2025-07-31 20:36:33,583 - DEBUG - Moving up from (5, 3) to (5, 4)
2025-07-31 20:36:33,654 - DEBUG - Moving left from (5, 4) to (4, 4)
2025-07-31 20:36:33,758 - DEBUG - Moving left from (4, 4) to (3, 4)
2025-07-31 20:36:33,865 - DEBUG - Moving left from (3, 4) to (2, 4)
2025-07-31 20:36:33,978 - DEBUG - Moving left from (2, 4) to (1, 4)
2025-07-31 20:36:34,083 - DEBUG - Moving up from (1, 4) to (1, 5)
2025-07-31 20:36:34,148 - DEBUG - Moving right from (1, 5) to (2, 5)
2025-07-31 20:36:34,241 - DEBUG - Moving right from (2, 5) to (3, 5)
2025-07-31 20:36:34,346 - DEBUG - Moving right from (3, 5) to (4, 5)
2025-07-31 20:36:34,444 - DEBUG - Sensor readings: {'front': 1293.592741662196, 'right': 360.4572341974604, 'back': 338.04764997199635, 'left': 2000.0}
2025-07-31 20:36:34,444 - DEBUG - Wall detected right to (5, 5)
2025-07-31 20:36:34,444 - DEBUG - Added neighbor up: (4, 6)
2025-07-31 20:36:34,444 - DEBUG - Wall detected down to (4, 4)
2025-07-31 20:36:34,444 - DEBUG - Added 1 new neighbors. Queue size: 10
2025-07-31 20:36:34,445 - DEBUG - 
=== STEP 55 DATA STRUCTURES ===
Current Cell: (4, 5)
explored_cells: [(0, 0), (0, 1), (0, 3), (0, 4), (0, 5), (0, 6), (0, 7), (1, 0), (1, 1), (1, 2), (1, 3), (1, 4), (1, 5), (1, 6), (2, 0), (2, 1), (2, 2), (2, 3), (2, 4), (2, 5), (2, 6), (3, 0), (3, 1), (3, 2), (3, 3), (3, 4), (3, 5), (3, 6), (4, 0), (4, 1), (4, 2), (4, 3), (4, 4), (4, 5), (4, 6), (5, 0), (5, 1), (5, 2), (5, 3), (5, 4), (5, 5), (6, 0), (6, 1), (6, 2), (6, 3), (6, 4), (6, 5), (6, 6), (7, 0), (7, 1), (7, 2), (7, 3), (7, 4), (7, 5), (8, 0), (8, 1), (9, 0), (9, 1), (10, 0), (10, 1), (10, 2), (11, 0), (11, 1), (11, 2), (11, 3)]
accessible_from:
  (0, 0) -> [(0, 1), (1, 0)]
  (0, 1) -> [(0, 0), (1, 1)]
  (0, 3) -> [(0, 4)]
  (0, 4) -> [(0, 3), (0, 5)]
  (0, 5) -> [(0, 4), (0, 6), (1, 5)]
  (0, 6) -> [(0, 5), (0, 7), (1, 6)]
  (0, 7) -> [(0, 6)]
  (1, 0) -> [(0, 0), (1, 1), (2, 0)]
  (1, 1) -> [(0, 1), (1, 0), (2, 1)]
  (1, 2) -> [(1, 3), (2, 2)]
  (1, 3) -> [(1, 2), (2, 3)]
  (1, 4) -> [(1, 5), (2, 4)]
  (1, 5) -> [(0, 5), (1, 4), (2, 5)]
  (1, 6) -> [(0, 6)]
  (2, 0) -> [(1, 0), (3, 0)]
  (2, 1) -> [(1, 1), (2, 2)]
  (2, 2) -> [(1, 2), (2, 1), (3, 2)]
  (2, 3) -> [(1, 3), (2, 4), (3, 3)]
  (2, 4) -> [(1, 4), (2, 3), (3, 4)]
  (2, 5) -> [(1, 5), (2, 6), (3, 5)]
  (2, 6) -> [(2, 5), (3, 6)]
  (3, 0) -> [(2, 0), (4, 0)]
  (3, 1) -> [(3, 2), (4, 1)]
  (3, 2) -> [(2, 2), (3, 1), (4, 2)]
  (3, 3) -> [(2, 3), (3, 4), (4, 3)]
  (3, 4) -> [(2, 4), (3, 3), (4, 4)]
  (3, 5) -> [(2, 5), (3, 6), (4, 5)]
  (3, 6) -> [(2, 6), (3, 5)]
  (4, 0) -> [(3, 0), (5, 0)]
  (4, 1) -> [(3, 1), (4, 2), (5, 1)]
  (4, 2) -> [(3, 2), (4, 1)]
  (4, 3) -> [(3, 3), (4, 4), (5, 3)]
  (4, 4) -> [(3, 4), (4, 3), (5, 4)]
  (4, 5) -> [(3, 5), (4, 6)]
  (4, 6) -> [(4, 5)]
  (5, 0) -> [(4, 0), (5, 1), (6, 0)]
  (5, 1) -> [(4, 1), (5, 0), (5, 2), (6, 1)]
  (5, 2) -> [(5, 1), (6, 2)]
  (5, 3) -> [(4, 3), (5, 4), (6, 3)]
  (5, 4) -> [(4, 4), (5, 3)]
  (5, 5) -> [(6, 5)]
  (6, 0) -> [(5, 0), (6, 1), (7, 0)]
  (6, 1) -> [(5, 1), (6, 0), (7, 1)]
  (6, 2) -> [(5, 2), (7, 2)]
  (6, 3) -> [(5, 3), (6, 4), (7, 3)]
  (6, 4) -> [(6, 3), (6, 5), (7, 4)]
  (6, 5) -> [(5, 5), (6, 4), (6, 6), (7, 5)]
  (6, 6) -> [(6, 5)]
  (7, 0) -> [(6, 0), (7, 1), (8, 0)]
  (7, 1) -> [(6, 1), (7, 0), (8, 1)]
  (7, 2) -> [(6, 2)]
  (7, 3) -> [(6, 3), (7, 4)]
  (7, 4) -> [(6, 4), (7, 3)]
  (7, 5) -> [(6, 5)]
  (8, 0) -> [(7, 0), (8, 1), (9, 0)]
  (8, 1) -> [(7, 1), (8, 0)]
  (9, 0) -> [(8, 0), (9, 1), (10, 0)]
  (9, 1) -> [(9, 0), (10, 1)]
  (10, 0) -> [(9, 0), (10, 1), (11, 0)]
  (10, 1) -> [(9, 1), (10, 0), (11, 1)]
  (10, 2) -> [(11, 2)]
  (11, 0) -> [(10, 0), (11, 1)]
  (11, 1) -> [(10, 1), (11, 0), (11, 2)]
  (11, 2) -> [(10, 2), (11, 1), (11, 3)]
  (11, 3) -> [(11, 2)]
parent_path: {}
exploration_queue: [(3, 6), (1, 6), (0, 7), (0, 3), (11, 3), (10, 2), (7, 5), (6, 6), (5, 5), (4, 6)]

2025-07-31 20:36:34,445 - DEBUG - 
=== VISUAL BOARD - STEP 55 - BFS-EXPLORATION ===
   0  1  2  3  4  5  6  7  8  9 10 11
11 .  .  .  .  .  .  .  .  .  .  .  .   11
10 .  .  .  .  .  .  .  .  .  .  .  .   10
 9 .  .  .  .  .  .  .  .  .  .  .  .    9
 8 .  .  .  .  .  .  .  .  .  .  .  .    8
 7 V  .  .  .  .  .  .  .  .  .  .  .    7
 6 V  V  V  V  V  .  V  .  .  .  .  .    6
 5 V  V  V  V  R  V  V  V  .  .  .  .    5
 4 V  V  V  V  V  V  V  V  .  .  .  .    4
 3 V  V  V  V  V  V  V  V  .  .  .  V    3
 2 .  V  V  V  V  V  V  V  .  .  V  V    2
 1 V  V  V  V  V  V  V  V  V  V  V  V    1
 0 V  V  V  V  V  V  V  V  V  V  V  V    0
   0  1  2  3  4  5  6  7  8  9 10 11
Legend: R=Robot, V=Visited, P=Path, .=Unvisited

2025-07-31 20:36:34,445 - INFO - BFS Exploration Step 56: Exploring (3, 6)
2025-07-31 20:36:34,445 - DEBUG - Moving left from (4, 5) to (3, 5)
2025-07-31 20:36:34,536 - DEBUG - Moving up from (3, 5) to (3, 6)
2025-07-31 20:36:34,606 - DEBUG - Sensor readings: {'front': 363.32951363759275, 'right': 1319.90219572486, 'back': 1270.5613575692375, 'left': 1316.3526513757704}
2025-07-31 20:36:34,606 - DEBUG - Wall detected up to (3, 7)
2025-07-31 20:36:34,606 - DEBUG - Added 0 new neighbors. Queue size: 9
2025-07-31 20:36:34,606 - DEBUG - 
=== STEP 56 DATA STRUCTURES ===
Current Cell: (3, 6)
explored_cells: [(0, 0), (0, 1), (0, 3), (0, 4), (0, 5), (0, 6), (0, 7), (1, 0), (1, 1), (1, 2), (1, 3), (1, 4), (1, 5), (1, 6), (2, 0), (2, 1), (2, 2), (2, 3), (2, 4), (2, 5), (2, 6), (3, 0), (3, 1), (3, 2), (3, 3), (3, 4), (3, 5), (3, 6), (4, 0), (4, 1), (4, 2), (4, 3), (4, 4), (4, 5), (4, 6), (5, 0), (5, 1), (5, 2), (5, 3), (5, 4), (5, 5), (6, 0), (6, 1), (6, 2), (6, 3), (6, 4), (6, 5), (6, 6), (7, 0), (7, 1), (7, 2), (7, 3), (7, 4), (7, 5), (8, 0), (8, 1), (9, 0), (9, 1), (10, 0), (10, 1), (10, 2), (11, 0), (11, 1), (11, 2), (11, 3)]
accessible_from:
  (0, 0) -> [(0, 1), (1, 0)]
  (0, 1) -> [(0, 0), (1, 1)]
  (0, 3) -> [(0, 4)]
  (0, 4) -> [(0, 3), (0, 5)]
  (0, 5) -> [(0, 4), (0, 6), (1, 5)]
  (0, 6) -> [(0, 5), (0, 7), (1, 6)]
  (0, 7) -> [(0, 6)]
  (1, 0) -> [(0, 0), (1, 1), (2, 0)]
  (1, 1) -> [(0, 1), (1, 0), (2, 1)]
  (1, 2) -> [(1, 3), (2, 2)]
  (1, 3) -> [(1, 2), (2, 3)]
  (1, 4) -> [(1, 5), (2, 4)]
  (1, 5) -> [(0, 5), (1, 4), (2, 5)]
  (1, 6) -> [(0, 6)]
  (2, 0) -> [(1, 0), (3, 0)]
  (2, 1) -> [(1, 1), (2, 2)]
  (2, 2) -> [(1, 2), (2, 1), (3, 2)]
  (2, 3) -> [(1, 3), (2, 4), (3, 3)]
  (2, 4) -> [(1, 4), (2, 3), (3, 4)]
  (2, 5) -> [(1, 5), (2, 6), (3, 5)]
  (2, 6) -> [(2, 5), (3, 6)]
  (3, 0) -> [(2, 0), (4, 0)]
  (3, 1) -> [(3, 2), (4, 1)]
  (3, 2) -> [(2, 2), (3, 1), (4, 2)]
  (3, 3) -> [(2, 3), (3, 4), (4, 3)]
  (3, 4) -> [(2, 4), (3, 3), (4, 4)]
  (3, 5) -> [(2, 5), (3, 6), (4, 5)]
  (3, 6) -> [(2, 6), (3, 5), (4, 6)]
  (4, 0) -> [(3, 0), (5, 0)]
  (4, 1) -> [(3, 1), (4, 2), (5, 1)]
  (4, 2) -> [(3, 2), (4, 1)]
  (4, 3) -> [(3, 3), (4, 4), (5, 3)]
  (4, 4) -> [(3, 4), (4, 3), (5, 4)]
  (4, 5) -> [(3, 5), (4, 6)]
  (4, 6) -> [(3, 6), (4, 5)]
  (5, 0) -> [(4, 0), (5, 1), (6, 0)]
  (5, 1) -> [(4, 1), (5, 0), (5, 2), (6, 1)]
  (5, 2) -> [(5, 1), (6, 2)]
  (5, 3) -> [(4, 3), (5, 4), (6, 3)]
  (5, 4) -> [(4, 4), (5, 3)]
  (5, 5) -> [(6, 5)]
  (6, 0) -> [(5, 0), (6, 1), (7, 0)]
  (6, 1) -> [(5, 1), (6, 0), (7, 1)]
  (6, 2) -> [(5, 2), (7, 2)]
  (6, 3) -> [(5, 3), (6, 4), (7, 3)]
  (6, 4) -> [(6, 3), (6, 5), (7, 4)]
  (6, 5) -> [(5, 5), (6, 4), (6, 6), (7, 5)]
  (6, 6) -> [(6, 5)]
  (7, 0) -> [(6, 0), (7, 1), (8, 0)]
  (7, 1) -> [(6, 1), (7, 0), (8, 1)]
  (7, 2) -> [(6, 2)]
  (7, 3) -> [(6, 3), (7, 4)]
  (7, 4) -> [(6, 4), (7, 3)]
  (7, 5) -> [(6, 5)]
  (8, 0) -> [(7, 0), (8, 1), (9, 0)]
  (8, 1) -> [(7, 1), (8, 0)]
  (9, 0) -> [(8, 0), (9, 1), (10, 0)]
  (9, 1) -> [(9, 0), (10, 1)]
  (10, 0) -> [(9, 0), (10, 1), (11, 0)]
  (10, 1) -> [(9, 1), (10, 0), (11, 1)]
  (10, 2) -> [(11, 2)]
  (11, 0) -> [(10, 0), (11, 1)]
  (11, 1) -> [(10, 1), (11, 0), (11, 2)]
  (11, 2) -> [(10, 2), (11, 1), (11, 3)]
  (11, 3) -> [(11, 2)]
parent_path: {}
exploration_queue: [(1, 6), (0, 7), (0, 3), (11, 3), (10, 2), (7, 5), (6, 6), (5, 5), (4, 6)]

2025-07-31 20:36:34,606 - DEBUG - 
=== VISUAL BOARD - STEP 56 - BFS-EXPLORATION ===
   0  1  2  3  4  5  6  7  8  9 10 11
11 .  .  .  .  .  .  .  .  .  .  .  .   11
10 .  .  .  .  .  .  .  .  .  .  .  .   10
 9 .  .  .  .  .  .  .  .  .  .  .  .    9
 8 .  .  .  .  .  .  .  .  .  .  .  .    8
 7 V  .  .  .  .  .  .  .  .  .  .  .    7
 6 V  V  V  R  V  .  V  .  .  .  .  .    6
 5 V  V  V  V  V  V  V  V  .  .  .  .    5
 4 V  V  V  V  V  V  V  V  .  .  .  .    4
 3 V  V  V  V  V  V  V  V  .  .  .  V    3
 2 .  V  V  V  V  V  V  V  .  .  V  V    2
 1 V  V  V  V  V  V  V  V  V  V  V  V    1
 0 V  V  V  V  V  V  V  V  V  V  V  V    0
   0  1  2  3  4  5  6  7  8  9 10 11
Legend: R=Robot, V=Visited, P=Path, .=Unvisited

2025-07-31 20:36:34,606 - INFO - BFS Exploration Step 57: Exploring (1, 6)
2025-07-31 20:36:34,606 - DEBUG - Moving left from (3, 6) to (2, 6)
2025-07-31 20:36:34,706 - DEBUG - Moving down from (2, 6) to (2, 5)
2025-07-31 20:36:34,767 - DEBUG - Moving left from (2, 5) to (1, 5)
2025-07-31 20:36:34,860 - DEBUG - Moving left from (1, 5) to (0, 5)
2025-07-31 20:36:34,965 - DEBUG - Moving up from (0, 5) to (0, 6)
2025-07-31 20:36:35,027 - DEBUG - Moving right from (0, 6) to (1, 6)
2025-07-31 20:36:35,126 - DEBUG - Sensor readings: {'front': 1338.3332025310076, 'right': 360.4720818414719, 'back': 292.0975641192217, 'left': 1295.0351263091534}
2025-07-31 20:36:35,126 - DEBUG - Wall detected right to (2, 6)
2025-07-31 20:36:35,126 - DEBUG - Added neighbor up: (1, 7)
2025-07-31 20:36:35,126 - DEBUG - Wall detected down to (1, 5)
2025-07-31 20:36:35,126 - DEBUG - Added 1 new neighbors. Queue size: 9
2025-07-31 20:36:35,126 - DEBUG - 
=== STEP 57 DATA STRUCTURES ===
Current Cell: (1, 6)
explored_cells: [(0, 0), (0, 1), (0, 3), (0, 4), (0, 5), (0, 6), (0, 7), (1, 0), (1, 1), (1, 2), (1, 3), (1, 4), (1, 5), (1, 6), (1, 7), (2, 0), (2, 1), (2, 2), (2, 3), (2, 4), (2, 5), (2, 6), (3, 0), (3, 1), (3, 2), (3, 3), (3, 4), (3, 5), (3, 6), (4, 0), (4, 1), (4, 2), (4, 3), (4, 4), (4, 5), (4, 6), (5, 0), (5, 1), (5, 2), (5, 3), (5, 4), (5, 5), (6, 0), (6, 1), (6, 2), (6, 3), (6, 4), (6, 5), (6, 6), (7, 0), (7, 1), (7, 2), (7, 3), (7, 4), (7, 5), (8, 0), (8, 1), (9, 0), (9, 1), (10, 0), (10, 1), (10, 2), (11, 0), (11, 1), (11, 2), (11, 3)]
accessible_from:
  (0, 0) -> [(0, 1), (1, 0)]
  (0, 1) -> [(0, 0), (1, 1)]
  (0, 3) -> [(0, 4)]
  (0, 4) -> [(0, 3), (0, 5)]
  (0, 5) -> [(0, 4), (0, 6), (1, 5)]
  (0, 6) -> [(0, 5), (0, 7), (1, 6)]
  (0, 7) -> [(0, 6)]
  (1, 0) -> [(0, 0), (1, 1), (2, 0)]
  (1, 1) -> [(0, 1), (1, 0), (2, 1)]
  (1, 2) -> [(1, 3), (2, 2)]
  (1, 3) -> [(1, 2), (2, 3)]
  (1, 4) -> [(1, 5), (2, 4)]
  (1, 5) -> [(0, 5), (1, 4), (2, 5)]
  (1, 6) -> [(0, 6), (1, 7)]
  (1, 7) -> [(1, 6)]
  (2, 0) -> [(1, 0), (3, 0)]
  (2, 1) -> [(1, 1), (2, 2)]
  (2, 2) -> [(1, 2), (2, 1), (3, 2)]
  (2, 3) -> [(1, 3), (2, 4), (3, 3)]
  (2, 4) -> [(1, 4), (2, 3), (3, 4)]
  (2, 5) -> [(1, 5), (2, 6), (3, 5)]
  (2, 6) -> [(2, 5), (3, 6)]
  (3, 0) -> [(2, 0), (4, 0)]
  (3, 1) -> [(3, 2), (4, 1)]
  (3, 2) -> [(2, 2), (3, 1), (4, 2)]
  (3, 3) -> [(2, 3), (3, 4), (4, 3)]
  (3, 4) -> [(2, 4), (3, 3), (4, 4)]
  (3, 5) -> [(2, 5), (3, 6), (4, 5)]
  (3, 6) -> [(2, 6), (3, 5), (4, 6)]
  (4, 0) -> [(3, 0), (5, 0)]
  (4, 1) -> [(3, 1), (4, 2), (5, 1)]
  (4, 2) -> [(3, 2), (4, 1)]
  (4, 3) -> [(3, 3), (4, 4), (5, 3)]
  (4, 4) -> [(3, 4), (4, 3), (5, 4)]
  (4, 5) -> [(3, 5), (4, 6)]
  (4, 6) -> [(3, 6), (4, 5)]
  (5, 0) -> [(4, 0), (5, 1), (6, 0)]
  (5, 1) -> [(4, 1), (5, 0), (5, 2), (6, 1)]
  (5, 2) -> [(5, 1), (6, 2)]
  (5, 3) -> [(4, 3), (5, 4), (6, 3)]
  (5, 4) -> [(4, 4), (5, 3)]
  (5, 5) -> [(6, 5)]
  (6, 0) -> [(5, 0), (6, 1), (7, 0)]
  (6, 1) -> [(5, 1), (6, 0), (7, 1)]
  (6, 2) -> [(5, 2), (7, 2)]
  (6, 3) -> [(5, 3), (6, 4), (7, 3)]
  (6, 4) -> [(6, 3), (6, 5), (7, 4)]
  (6, 5) -> [(5, 5), (6, 4), (6, 6), (7, 5)]
  (6, 6) -> [(6, 5)]
  (7, 0) -> [(6, 0), (7, 1), (8, 0)]
  (7, 1) -> [(6, 1), (7, 0), (8, 1)]
  (7, 2) -> [(6, 2)]
  (7, 3) -> [(6, 3), (7, 4)]
  (7, 4) -> [(6, 4), (7, 3)]
  (7, 5) -> [(6, 5)]
  (8, 0) -> [(7, 0), (8, 1), (9, 0)]
  (8, 1) -> [(7, 1), (8, 0)]
  (9, 0) -> [(8, 0), (9, 1), (10, 0)]
  (9, 1) -> [(9, 0), (10, 1)]
  (10, 0) -> [(9, 0), (10, 1), (11, 0)]
  (10, 1) -> [(9, 1), (10, 0), (11, 1)]
  (10, 2) -> [(11, 2)]
  (11, 0) -> [(10, 0), (11, 1)]
  (11, 1) -> [(10, 1), (11, 0), (11, 2)]
  (11, 2) -> [(10, 2), (11, 1), (11, 3)]
  (11, 3) -> [(11, 2)]
parent_path: {}
exploration_queue: [(0, 7), (0, 3), (11, 3), (10, 2), (7, 5), (6, 6), (5, 5), (4, 6), (1, 7)]

2025-07-31 20:36:35,126 - DEBUG - 
=== VISUAL BOARD - STEP 57 - BFS-EXPLORATION ===
   0  1  2  3  4  5  6  7  8  9 10 11
11 .  .  .  .  .  .  .  .  .  .  .  .   11
10 .  .  .  .  .  .  .  .  .  .  .  .   10
 9 .  .  .  .  .  .  .  .  .  .  .  .    9
 8 .  .  .  .  .  .  .  .  .  .  .  .    8
 7 V  V  .  .  .  .  .  .  .  .  .  .    7
 6 V  R  V  V  V  .  V  .  .  .  .  .    6
 5 V  V  V  V  V  V  V  V  .  .  .  .    5
 4 V  V  V  V  V  V  V  V  .  .  .  .    4
 3 V  V  V  V  V  V  V  V  .  .  .  V    3
 2 .  V  V  V  V  V  V  V  .  .  V  V    2
 1 V  V  V  V  V  V  V  V  V  V  V  V    1
 0 V  V  V  V  V  V  V  V  V  V  V  V    0
   0  1  2  3  4  5  6  7  8  9 10 11
Legend: R=Robot, V=Visited, P=Path, .=Unvisited

2025-07-31 20:36:35,126 - INFO - BFS Exploration Step 58: Exploring (0, 7)
2025-07-31 20:36:35,127 - DEBUG - Moving left from (1, 6) to (0, 6)
2025-07-31 20:36:35,223 - DEBUG - Moving up from (0, 6) to (0, 7)
2025-07-31 20:36:35,292 - DEBUG - Sensor readings: {'front': 363.7699017358715, 'right': 302.5317932076919, 'back': 2000.0, 'left': 352.80508544697204}
2025-07-31 20:36:35,292 - DEBUG - Wall detected right to (1, 7)
2025-07-31 20:36:35,292 - DEBUG - Wall detected up to (0, 8)
2025-07-31 20:36:35,292 - DEBUG - Added 0 new neighbors. Queue size: 8
2025-07-31 20:36:35,292 - DEBUG - 
=== STEP 58 DATA STRUCTURES ===
Current Cell: (0, 7)
explored_cells: [(0, 0), (0, 1), (0, 3), (0, 4), (0, 5), (0, 6), (0, 7), (1, 0), (1, 1), (1, 2), (1, 3), (1, 4), (1, 5), (1, 6), (1, 7), (2, 0), (2, 1), (2, 2), (2, 3), (2, 4), (2, 5), (2, 6), (3, 0), (3, 1), (3, 2), (3, 3), (3, 4), (3, 5), (3, 6), (4, 0), (4, 1), (4, 2), (4, 3), (4, 4), (4, 5), (4, 6), (5, 0), (5, 1), (5, 2), (5, 3), (5, 4), (5, 5), (6, 0), (6, 1), (6, 2), (6, 3), (6, 4), (6, 5), (6, 6), (7, 0), (7, 1), (7, 2), (7, 3), (7, 4), (7, 5), (8, 0), (8, 1), (9, 0), (9, 1), (10, 0), (10, 1), (10, 2), (11, 0), (11, 1), (11, 2), (11, 3)]
accessible_from:
  (0, 0) -> [(0, 1), (1, 0)]
  (0, 1) -> [(0, 0), (1, 1)]
  (0, 3) -> [(0, 4)]
  (0, 4) -> [(0, 3), (0, 5)]
  (0, 5) -> [(0, 4), (0, 6), (1, 5)]
  (0, 6) -> [(0, 5), (0, 7), (1, 6)]
  (0, 7) -> [(0, 6)]
  (1, 0) -> [(0, 0), (1, 1), (2, 0)]
  (1, 1) -> [(0, 1), (1, 0), (2, 1)]
  (1, 2) -> [(1, 3), (2, 2)]
  (1, 3) -> [(1, 2), (2, 3)]
  (1, 4) -> [(1, 5), (2, 4)]
  (1, 5) -> [(0, 5), (1, 4), (2, 5)]
  (1, 6) -> [(0, 6), (1, 7)]
  (1, 7) -> [(1, 6)]
  (2, 0) -> [(1, 0), (3, 0)]
  (2, 1) -> [(1, 1), (2, 2)]
  (2, 2) -> [(1, 2), (2, 1), (3, 2)]
  (2, 3) -> [(1, 3), (2, 4), (3, 3)]
  (2, 4) -> [(1, 4), (2, 3), (3, 4)]
  (2, 5) -> [(1, 5), (2, 6), (3, 5)]
  (2, 6) -> [(2, 5), (3, 6)]
  (3, 0) -> [(2, 0), (4, 0)]
  (3, 1) -> [(3, 2), (4, 1)]
  (3, 2) -> [(2, 2), (3, 1), (4, 2)]
  (3, 3) -> [(2, 3), (3, 4), (4, 3)]
  (3, 4) -> [(2, 4), (3, 3), (4, 4)]
  (3, 5) -> [(2, 5), (3, 6), (4, 5)]
  (3, 6) -> [(2, 6), (3, 5), (4, 6)]
  (4, 0) -> [(3, 0), (5, 0)]
  (4, 1) -> [(3, 1), (4, 2), (5, 1)]
  (4, 2) -> [(3, 2), (4, 1)]
  (4, 3) -> [(3, 3), (4, 4), (5, 3)]
  (4, 4) -> [(3, 4), (4, 3), (5, 4)]
  (4, 5) -> [(3, 5), (4, 6)]
  (4, 6) -> [(3, 6), (4, 5)]
  (5, 0) -> [(4, 0), (5, 1), (6, 0)]
  (5, 1) -> [(4, 1), (5, 0), (5, 2), (6, 1)]
  (5, 2) -> [(5, 1), (6, 2)]
  (5, 3) -> [(4, 3), (5, 4), (6, 3)]
  (5, 4) -> [(4, 4), (5, 3)]
  (5, 5) -> [(6, 5)]
  (6, 0) -> [(5, 0), (6, 1), (7, 0)]
  (6, 1) -> [(5, 1), (6, 0), (7, 1)]
  (6, 2) -> [(5, 2), (7, 2)]
  (6, 3) -> [(5, 3), (6, 4), (7, 3)]
  (6, 4) -> [(6, 3), (6, 5), (7, 4)]
  (6, 5) -> [(5, 5), (6, 4), (6, 6), (7, 5)]
  (6, 6) -> [(6, 5)]
  (7, 0) -> [(6, 0), (7, 1), (8, 0)]
  (7, 1) -> [(6, 1), (7, 0), (8, 1)]
  (7, 2) -> [(6, 2)]
  (7, 3) -> [(6, 3), (7, 4)]
  (7, 4) -> [(6, 4), (7, 3)]
  (7, 5) -> [(6, 5)]
  (8, 0) -> [(7, 0), (8, 1), (9, 0)]
  (8, 1) -> [(7, 1), (8, 0)]
  (9, 0) -> [(8, 0), (9, 1), (10, 0)]
  (9, 1) -> [(9, 0), (10, 1)]
  (10, 0) -> [(9, 0), (10, 1), (11, 0)]
  (10, 1) -> [(9, 1), (10, 0), (11, 1)]
  (10, 2) -> [(11, 2)]
  (11, 0) -> [(10, 0), (11, 1)]
  (11, 1) -> [(10, 1), (11, 0), (11, 2)]
  (11, 2) -> [(10, 2), (11, 1), (11, 3)]
  (11, 3) -> [(11, 2)]
parent_path: {}
exploration_queue: [(0, 3), (11, 3), (10, 2), (7, 5), (6, 6), (5, 5), (4, 6), (1, 7)]

2025-07-31 20:36:35,292 - DEBUG - 
=== VISUAL BOARD - STEP 58 - BFS-EXPLORATION ===
   0  1  2  3  4  5  6  7  8  9 10 11
11 .  .  .  .  .  .  .  .  .  .  .  .   11
10 .  .  .  .  .  .  .  .  .  .  .  .   10
 9 .  .  .  .  .  .  .  .  .  .  .  .    9
 8 .  .  .  .  .  .  .  .  .  .  .  .    8
 7 R  V  .  .  .  .  .  .  .  .  .  .    7
 6 V  V  V  V  V  .  V  .  .  .  .  .    6
 5 V  V  V  V  V  V  V  V  .  .  .  .    5
 4 V  V  V  V  V  V  V  V  .  .  .  .    4
 3 V  V  V  V  V  V  V  V  .  .  .  V    3
 2 .  V  V  V  V  V  V  V  .  .  V  V    2
 1 V  V  V  V  V  V  V  V  V  V  V  V    1
 0 V  V  V  V  V  V  V  V  V  V  V  V    0
   0  1  2  3  4  5  6  7  8  9 10 11
Legend: R=Robot, V=Visited, P=Path, .=Unvisited

2025-07-31 20:36:35,292 - INFO - BFS Exploration Step 59: Exploring (0, 3)
2025-07-31 20:36:35,292 - DEBUG - Moving down from (0, 7) to (0, 6)
2025-07-31 20:36:35,354 - DEBUG - Moving down from (0, 6) to (0, 5)
2025-07-31 20:36:35,424 - DEBUG - Moving down from (0, 5) to (0, 4)
2025-07-31 20:36:35,502 - DEBUG - Moving down from (0, 4) to (0, 3)
2025-07-31 20:36:35,570 - DEBUG - Sensor readings: {'front': 2000.0, 'right': 279.23384179586503, 'back': 1351.626761704176, 'left': 378.8209850208819}
2025-07-31 20:36:35,570 - DEBUG - Wall detected right to (1, 3)
2025-07-31 20:36:35,570 - DEBUG - Added neighbor down: (0, 2)
2025-07-31 20:36:35,570 - DEBUG - Added 1 new neighbors. Queue size: 8
2025-07-31 20:36:35,571 - DEBUG - 
=== STEP 59 DATA STRUCTURES ===
Current Cell: (0, 3)
explored_cells: [(0, 0), (0, 1), (0, 2), (0, 3), (0, 4), (0, 5), (0, 6), (0, 7), (1, 0), (1, 1), (1, 2), (1, 3), (1, 4), (1, 5), (1, 6), (1, 7), (2, 0), (2, 1), (2, 2), (2, 3), (2, 4), (2, 5), (2, 6), (3, 0), (3, 1), (3, 2), (3, 3), (3, 4), (3, 5), (3, 6), (4, 0), (4, 1), (4, 2), (4, 3), (4, 4), (4, 5), (4, 6), (5, 0), (5, 1), (5, 2), (5, 3), (5, 4), (5, 5), (6, 0), (6, 1), (6, 2), (6, 3), (6, 4), (6, 5), (6, 6), (7, 0), (7, 1), (7, 2), (7, 3), (7, 4), (7, 5), (8, 0), (8, 1), (9, 0), (9, 1), (10, 0), (10, 1), (10, 2), (11, 0), (11, 1), (11, 2), (11, 3)]
accessible_from:
  (0, 0) -> [(0, 1), (1, 0)]
  (0, 1) -> [(0, 0), (1, 1)]
  (0, 2) -> [(0, 3)]
  (0, 3) -> [(0, 2), (0, 4)]
  (0, 4) -> [(0, 3), (0, 5)]
  (0, 5) -> [(0, 4), (0, 6), (1, 5)]
  (0, 6) -> [(0, 5), (0, 7), (1, 6)]
  (0, 7) -> [(0, 6)]
  (1, 0) -> [(0, 0), (1, 1), (2, 0)]
  (1, 1) -> [(0, 1), (1, 0), (2, 1)]
  (1, 2) -> [(1, 3), (2, 2)]
  (1, 3) -> [(1, 2), (2, 3)]
  (1, 4) -> [(1, 5), (2, 4)]
  (1, 5) -> [(0, 5), (1, 4), (2, 5)]
  (1, 6) -> [(0, 6), (1, 7)]
  (1, 7) -> [(1, 6)]
  (2, 0) -> [(1, 0), (3, 0)]
  (2, 1) -> [(1, 1), (2, 2)]
  (2, 2) -> [(1, 2), (2, 1), (3, 2)]
  (2, 3) -> [(1, 3), (2, 4), (3, 3)]
  (2, 4) -> [(1, 4), (2, 3), (3, 4)]
  (2, 5) -> [(1, 5), (2, 6), (3, 5)]
  (2, 6) -> [(2, 5), (3, 6)]
  (3, 0) -> [(2, 0), (4, 0)]
  (3, 1) -> [(3, 2), (4, 1)]
  (3, 2) -> [(2, 2), (3, 1), (4, 2)]
  (3, 3) -> [(2, 3), (3, 4), (4, 3)]
  (3, 4) -> [(2, 4), (3, 3), (4, 4)]
  (3, 5) -> [(2, 5), (3, 6), (4, 5)]
  (3, 6) -> [(2, 6), (3, 5), (4, 6)]
  (4, 0) -> [(3, 0), (5, 0)]
  (4, 1) -> [(3, 1), (4, 2), (5, 1)]
  (4, 2) -> [(3, 2), (4, 1)]
  (4, 3) -> [(3, 3), (4, 4), (5, 3)]
  (4, 4) -> [(3, 4), (4, 3), (5, 4)]
  (4, 5) -> [(3, 5), (4, 6)]
  (4, 6) -> [(3, 6), (4, 5)]
  (5, 0) -> [(4, 0), (5, 1), (6, 0)]
  (5, 1) -> [(4, 1), (5, 0), (5, 2), (6, 1)]
  (5, 2) -> [(5, 1), (6, 2)]
  (5, 3) -> [(4, 3), (5, 4), (6, 3)]
  (5, 4) -> [(4, 4), (5, 3)]
  (5, 5) -> [(6, 5)]
  (6, 0) -> [(5, 0), (6, 1), (7, 0)]
  (6, 1) -> [(5, 1), (6, 0), (7, 1)]
  (6, 2) -> [(5, 2), (7, 2)]
  (6, 3) -> [(5, 3), (6, 4), (7, 3)]
  (6, 4) -> [(6, 3), (6, 5), (7, 4)]
  (6, 5) -> [(5, 5), (6, 4), (6, 6), (7, 5)]
  (6, 6) -> [(6, 5)]
  (7, 0) -> [(6, 0), (7, 1), (8, 0)]
  (7, 1) -> [(6, 1), (7, 0), (8, 1)]
  (7, 2) -> [(6, 2)]
  (7, 3) -> [(6, 3), (7, 4)]
  (7, 4) -> [(6, 4), (7, 3)]
  (7, 5) -> [(6, 5)]
  (8, 0) -> [(7, 0), (8, 1), (9, 0)]
  (8, 1) -> [(7, 1), (8, 0)]
  (9, 0) -> [(8, 0), (9, 1), (10, 0)]
  (9, 1) -> [(9, 0), (10, 1)]
  (10, 0) -> [(9, 0), (10, 1), (11, 0)]
  (10, 1) -> [(9, 1), (10, 0), (11, 1)]
  (10, 2) -> [(11, 2)]
  (11, 0) -> [(10, 0), (11, 1)]
  (11, 1) -> [(10, 1), (11, 0), (11, 2)]
  (11, 2) -> [(10, 2), (11, 1), (11, 3)]
  (11, 3) -> [(11, 2)]
parent_path: {}
exploration_queue: [(11, 3), (10, 2), (7, 5), (6, 6), (5, 5), (4, 6), (1, 7), (0, 2)]

2025-07-31 20:36:35,571 - DEBUG - 
=== VISUAL BOARD - STEP 59 - BFS-EXPLORATION ===
   0  1  2  3  4  5  6  7  8  9 10 11
11 .  .  .  .  .  .  .  .  .  .  .  .   11
10 .  .  .  .  .  .  .  .  .  .  .  .   10
 9 .  .  .  .  .  .  .  .  .  .  .  .    9
 8 .  .  .  .  .  .  .  .  .  .  .  .    8
 7 V  V  .  .  .  .  .  .  .  .  .  .    7
 6 V  V  V  V  V  .  V  .  .  .  .  .    6
 5 V  V  V  V  V  V  V  V  .  .  .  .    5
 4 V  V  V  V  V  V  V  V  .  .  .  .    4
 3 R  V  V  V  V  V  V  V  .  .  .  V    3
 2 V  V  V  V  V  V  V  V  .  .  V  V    2
 1 V  V  V  V  V  V  V  V  V  V  V  V    1
 0 V  V  V  V  V  V  V  V  V  V  V  V    0
   0  1  2  3  4  5  6  7  8  9 10 11
Legend: R=Robot, V=Visited, P=Path, .=Unvisited

2025-07-31 20:36:35,571 - INFO - BFS Exploration Step 60: Exploring (11, 3)
2025-07-31 20:36:35,571 - DEBUG - Moving up from (0, 3) to (0, 4)
2025-07-31 20:36:35,633 - DEBUG - Moving up from (0, 4) to (0, 5)
2025-07-31 20:36:35,698 - DEBUG - Moving right from (0, 5) to (1, 5)
2025-07-31 20:36:35,809 - DEBUG - Moving down from (1, 5) to (1, 4)
2025-07-31 20:36:35,870 - DEBUG - Moving right from (1, 4) to (2, 4)
2025-07-31 20:36:35,971 - DEBUG - Moving down from (2, 4) to (2, 3)
2025-07-31 20:36:36,033 - DEBUG - Moving left from (2, 3) to (1, 3)
2025-07-31 20:36:36,136 - DEBUG - Moving down from (1, 3) to (1, 2)
2025-07-31 20:36:36,209 - DEBUG - Moving right from (1, 2) to (2, 2)
2025-07-31 20:36:36,303 - DEBUG - Moving right from (2, 2) to (3, 2)
2025-07-31 20:36:36,410 - DEBUG - Moving down from (3, 2) to (3, 1)
2025-07-31 20:36:36,475 - DEBUG - Moving right from (3, 1) to (4, 1)
2025-07-31 20:36:36,574 - DEBUG - Moving right from (4, 1) to (5, 1)
2025-07-31 20:36:36,674 - DEBUG - Moving right from (5, 1) to (6, 1)
2025-07-31 20:36:36,778 - DEBUG - Moving right from (6, 1) to (7, 1)
2025-07-31 20:36:36,875 - DEBUG - Moving down from (7, 1) to (7, 0)
2025-07-31 20:36:36,942 - DEBUG - Moving right from (7, 0) to (8, 0)
2025-07-31 20:36:37,044 - DEBUG - Moving right from (8, 0) to (9, 0)
2025-07-31 20:36:37,143 - DEBUG - Moving up from (9, 0) to (9, 1)
2025-07-31 20:36:37,214 - DEBUG - Moving right from (9, 1) to (10, 1)
2025-07-31 20:36:37,320 - DEBUG - Moving right from (10, 1) to (11, 1)
2025-07-31 20:36:37,416 - DEBUG - Moving up from (11, 1) to (11, 2)
2025-07-31 20:36:37,490 - DEBUG - Moving up from (11, 2) to (11, 3)
2025-07-31 20:36:37,567 - DEBUG - Sensor readings: {'front': 344.6993465564359, 'right': 384.07666910554866, 'back': 2000.0, 'left': 1279.5733458859984}
2025-07-31 20:36:37,568 - DEBUG - Wall detected up to (11, 4)
2025-07-31 20:36:37,568 - DEBUG - Added neighbor left: (10, 3)
2025-07-31 20:36:37,568 - DEBUG - Added 1 new neighbors. Queue size: 8
2025-07-31 20:36:37,568 - DEBUG - 
=== STEP 60 DATA STRUCTURES ===
Current Cell: (11, 3)
explored_cells: [(0, 0), (0, 1), (0, 2), (0, 3), (0, 4), (0, 5), (0, 6), (0, 7), (1, 0), (1, 1), (1, 2), (1, 3), (1, 4), (1, 5), (1, 6), (1, 7), (2, 0), (2, 1), (2, 2), (2, 3), (2, 4), (2, 5), (2, 6), (3, 0), (3, 1), (3, 2), (3, 3), (3, 4), (3, 5), (3, 6), (4, 0), (4, 1), (4, 2), (4, 3), (4, 4), (4, 5), (4, 6), (5, 0), (5, 1), (5, 2), (5, 3), (5, 4), (5, 5), (6, 0), (6, 1), (6, 2), (6, 3), (6, 4), (6, 5), (6, 6), (7, 0), (7, 1), (7, 2), (7, 3), (7, 4), (7, 5), (8, 0), (8, 1), (9, 0), (9, 1), (10, 0), (10, 1), (10, 2), (10, 3), (11, 0), (11, 1), (11, 2), (11, 3)]
accessible_from:
  (0, 0) -> [(0, 1), (1, 0)]
  (0, 1) -> [(0, 0), (1, 1)]
  (0, 2) -> [(0, 3)]
  (0, 3) -> [(0, 2), (0, 4)]
  (0, 4) -> [(0, 3), (0, 5)]
  (0, 5) -> [(0, 4), (0, 6), (1, 5)]
  (0, 6) -> [(0, 5), (0, 7), (1, 6)]
  (0, 7) -> [(0, 6)]
  (1, 0) -> [(0, 0), (1, 1), (2, 0)]
  (1, 1) -> [(0, 1), (1, 0), (2, 1)]
  (1, 2) -> [(1, 3), (2, 2)]
  (1, 3) -> [(1, 2), (2, 3)]
  (1, 4) -> [(1, 5), (2, 4)]
  (1, 5) -> [(0, 5), (1, 4), (2, 5)]
  (1, 6) -> [(0, 6), (1, 7)]
  (1, 7) -> [(1, 6)]
  (2, 0) -> [(1, 0), (3, 0)]
  (2, 1) -> [(1, 1), (2, 2)]
  (2, 2) -> [(1, 2), (2, 1), (3, 2)]
  (2, 3) -> [(1, 3), (2, 4), (3, 3)]
  (2, 4) -> [(1, 4), (2, 3), (3, 4)]
  (2, 5) -> [(1, 5), (2, 6), (3, 5)]
  (2, 6) -> [(2, 5), (3, 6)]
  (3, 0) -> [(2, 0), (4, 0)]
  (3, 1) -> [(3, 2), (4, 1)]
  (3, 2) -> [(2, 2), (3, 1), (4, 2)]
  (3, 3) -> [(2, 3), (3, 4), (4, 3)]
  (3, 4) -> [(2, 4), (3, 3), (4, 4)]
  (3, 5) -> [(2, 5), (3, 6), (4, 5)]
  (3, 6) -> [(2, 6), (3, 5), (4, 6)]
  (4, 0) -> [(3, 0), (5, 0)]
  (4, 1) -> [(3, 1), (4, 2), (5, 1)]
  (4, 2) -> [(3, 2), (4, 1)]
  (4, 3) -> [(3, 3), (4, 4), (5, 3)]
  (4, 4) -> [(3, 4), (4, 3), (5, 4)]
  (4, 5) -> [(3, 5), (4, 6)]
  (4, 6) -> [(3, 6), (4, 5)]
  (5, 0) -> [(4, 0), (5, 1), (6, 0)]
  (5, 1) -> [(4, 1), (5, 0), (5, 2), (6, 1)]
  (5, 2) -> [(5, 1), (6, 2)]
  (5, 3) -> [(4, 3), (5, 4), (6, 3)]
  (5, 4) -> [(4, 4), (5, 3)]
  (5, 5) -> [(6, 5)]
  (6, 0) -> [(5, 0), (6, 1), (7, 0)]
  (6, 1) -> [(5, 1), (6, 0), (7, 1)]
  (6, 2) -> [(5, 2), (7, 2)]
  (6, 3) -> [(5, 3), (6, 4), (7, 3)]
  (6, 4) -> [(6, 3), (6, 5), (7, 4)]
  (6, 5) -> [(5, 5), (6, 4), (6, 6), (7, 5)]
  (6, 6) -> [(6, 5)]
  (7, 0) -> [(6, 0), (7, 1), (8, 0)]
  (7, 1) -> [(6, 1), (7, 0), (8, 1)]
  (7, 2) -> [(6, 2)]
  (7, 3) -> [(6, 3), (7, 4)]
  (7, 4) -> [(6, 4), (7, 3)]
  (7, 5) -> [(6, 5)]
  (8, 0) -> [(7, 0), (8, 1), (9, 0)]
  (8, 1) -> [(7, 1), (8, 0)]
  (9, 0) -> [(8, 0), (9, 1), (10, 0)]
  (9, 1) -> [(9, 0), (10, 1)]
  (10, 0) -> [(9, 0), (10, 1), (11, 0)]
  (10, 1) -> [(9, 1), (10, 0), (11, 1)]
  (10, 2) -> [(11, 2)]
  (10, 3) -> [(11, 3)]
  (11, 0) -> [(10, 0), (11, 1)]
  (11, 1) -> [(10, 1), (11, 0), (11, 2)]
  (11, 2) -> [(10, 2), (11, 1), (11, 3)]
  (11, 3) -> [(10, 3), (11, 2)]
parent_path: {}
exploration_queue: [(10, 2), (7, 5), (6, 6), (5, 5), (4, 6), (1, 7), (0, 2), (10, 3)]

2025-07-31 20:36:37,568 - DEBUG - 
=== VISUAL BOARD - STEP 60 - BFS-EXPLORATION ===
   0  1  2  3  4  5  6  7  8  9 10 11
11 .  .  .  .  .  .  .  .  .  .  .  .   11
10 .  .  .  .  .  .  .  .  .  .  .  .   10
 9 .  .  .  .  .  .  .  .  .  .  .  .    9
 8 .  .  .  .  .  .  .  .  .  .  .  .    8
 7 V  V  .  .  .  .  .  .  .  .  .  .    7
 6 V  V  V  V  V  .  V  .  .  .  .  .    6
 5 V  V  V  V  V  V  V  V  .  .  .  .    5
 4 V  V  V  V  V  V  V  V  .  .  .  .    4
 3 V  V  V  V  V  V  V  V  .  .  V  R    3
 2 V  V  V  V  V  V  V  V  .  .  V  V    2
 1 V  V  V  V  V  V  V  V  V  V  V  V    1
 0 V  V  V  V  V  V  V  V  V  V  V  V    0
   0  1  2  3  4  5  6  7  8  9 10 11
Legend: R=Robot, V=Visited, P=Path, .=Unvisited

2025-07-31 20:36:37,568 - INFO - BFS Exploration Step 61: Exploring (10, 2)
2025-07-31 20:36:37,568 - DEBUG - Moving down from (11, 3) to (11, 2)
2025-07-31 20:36:37,650 - DEBUG - Moving left from (11, 2) to (10, 2)
2025-07-31 20:36:37,752 - DEBUG - Sensor readings: {'front': 1342.895446218155, 'right': 1300.7721434289112, 'back': 294.29602361830905, 'left': 361.51110652287787}
2025-07-31 20:36:37,752 - DEBUG - Wall detected left to (9, 2)
2025-07-31 20:36:37,752 - DEBUG - Wall detected down to (10, 1)
2025-07-31 20:36:37,752 - DEBUG - Added 0 new neighbors. Queue size: 7
2025-07-31 20:36:37,752 - DEBUG - 
=== STEP 61 DATA STRUCTURES ===
Current Cell: (10, 2)
explored_cells: [(0, 0), (0, 1), (0, 2), (0, 3), (0, 4), (0, 5), (0, 6), (0, 7), (1, 0), (1, 1), (1, 2), (1, 3), (1, 4), (1, 5), (1, 6), (1, 7), (2, 0), (2, 1), (2, 2), (2, 3), (2, 4), (2, 5), (2, 6), (3, 0), (3, 1), (3, 2), (3, 3), (3, 4), (3, 5), (3, 6), (4, 0), (4, 1), (4, 2), (4, 3), (4, 4), (4, 5), (4, 6), (5, 0), (5, 1), (5, 2), (5, 3), (5, 4), (5, 5), (6, 0), (6, 1), (6, 2), (6, 3), (6, 4), (6, 5), (6, 6), (7, 0), (7, 1), (7, 2), (7, 3), (7, 4), (7, 5), (8, 0), (8, 1), (9, 0), (9, 1), (10, 0), (10, 1), (10, 2), (10, 3), (11, 0), (11, 1), (11, 2), (11, 3)]
accessible_from:
  (0, 0) -> [(0, 1), (1, 0)]
  (0, 1) -> [(0, 0), (1, 1)]
  (0, 2) -> [(0, 3)]
  (0, 3) -> [(0, 2), (0, 4)]
  (0, 4) -> [(0, 3), (0, 5)]
  (0, 5) -> [(0, 4), (0, 6), (1, 5)]
  (0, 6) -> [(0, 5), (0, 7), (1, 6)]
  (0, 7) -> [(0, 6)]
  (1, 0) -> [(0, 0), (1, 1), (2, 0)]
  (1, 1) -> [(0, 1), (1, 0), (2, 1)]
  (1, 2) -> [(1, 3), (2, 2)]
  (1, 3) -> [(1, 2), (2, 3)]
  (1, 4) -> [(1, 5), (2, 4)]
  (1, 5) -> [(0, 5), (1, 4), (2, 5)]
  (1, 6) -> [(0, 6), (1, 7)]
  (1, 7) -> [(1, 6)]
  (2, 0) -> [(1, 0), (3, 0)]
  (2, 1) -> [(1, 1), (2, 2)]
  (2, 2) -> [(1, 2), (2, 1), (3, 2)]
  (2, 3) -> [(1, 3), (2, 4), (3, 3)]
  (2, 4) -> [(1, 4), (2, 3), (3, 4)]
  (2, 5) -> [(1, 5), (2, 6), (3, 5)]
  (2, 6) -> [(2, 5), (3, 6)]
  (3, 0) -> [(2, 0), (4, 0)]
  (3, 1) -> [(3, 2), (4, 1)]
  (3, 2) -> [(2, 2), (3, 1), (4, 2)]
  (3, 3) -> [(2, 3), (3, 4), (4, 3)]
  (3, 4) -> [(2, 4), (3, 3), (4, 4)]
  (3, 5) -> [(2, 5), (3, 6), (4, 5)]
  (3, 6) -> [(2, 6), (3, 5), (4, 6)]
  (4, 0) -> [(3, 0), (5, 0)]
  (4, 1) -> [(3, 1), (4, 2), (5, 1)]
  (4, 2) -> [(3, 2), (4, 1)]
  (4, 3) -> [(3, 3), (4, 4), (5, 3)]
  (4, 4) -> [(3, 4), (4, 3), (5, 4)]
  (4, 5) -> [(3, 5), (4, 6)]
  (4, 6) -> [(3, 6), (4, 5)]
  (5, 0) -> [(4, 0), (5, 1), (6, 0)]
  (5, 1) -> [(4, 1), (5, 0), (5, 2), (6, 1)]
  (5, 2) -> [(5, 1), (6, 2)]
  (5, 3) -> [(4, 3), (5, 4), (6, 3)]
  (5, 4) -> [(4, 4), (5, 3)]
  (5, 5) -> [(6, 5)]
  (6, 0) -> [(5, 0), (6, 1), (7, 0)]
  (6, 1) -> [(5, 1), (6, 0), (7, 1)]
  (6, 2) -> [(5, 2), (7, 2)]
  (6, 3) -> [(5, 3), (6, 4), (7, 3)]
  (6, 4) -> [(6, 3), (6, 5), (7, 4)]
  (6, 5) -> [(5, 5), (6, 4), (6, 6), (7, 5)]
  (6, 6) -> [(6, 5)]
  (7, 0) -> [(6, 0), (7, 1), (8, 0)]
  (7, 1) -> [(6, 1), (7, 0), (8, 1)]
  (7, 2) -> [(6, 2)]
  (7, 3) -> [(6, 3), (7, 4)]
  (7, 4) -> [(6, 4), (7, 3)]
  (7, 5) -> [(6, 5)]
  (8, 0) -> [(7, 0), (8, 1), (9, 0)]
  (8, 1) -> [(7, 1), (8, 0)]
  (9, 0) -> [(8, 0), (9, 1), (10, 0)]
  (9, 1) -> [(9, 0), (10, 1)]
  (10, 0) -> [(9, 0), (10, 1), (11, 0)]
  (10, 1) -> [(9, 1), (10, 0), (11, 1)]
  (10, 2) -> [(10, 3), (11, 2)]
  (10, 3) -> [(10, 2), (11, 3)]
  (11, 0) -> [(10, 0), (11, 1)]
  (11, 1) -> [(10, 1), (11, 0), (11, 2)]
  (11, 2) -> [(10, 2), (11, 1), (11, 3)]
  (11, 3) -> [(10, 3), (11, 2)]
parent_path: {}
exploration_queue: [(7, 5), (6, 6), (5, 5), (4, 6), (1, 7), (0, 2), (10, 3)]

2025-07-31 20:36:37,752 - DEBUG - 
=== VISUAL BOARD - STEP 61 - BFS-EXPLORATION ===
   0  1  2  3  4  5  6  7  8  9 10 11
11 .  .  .  .  .  .  .  .  .  .  .  .   11
10 .  .  .  .  .  .  .  .  .  .  .  .   10
 9 .  .  .  .  .  .  .  .  .  .  .  .    9
 8 .  .  .  .  .  .  .  .  .  .  .  .    8
 7 V  V  .  .  .  .  .  .  .  .  .  .    7
 6 V  V  V  V  V  .  V  .  .  .  .  .    6
 5 V  V  V  V  V  V  V  V  .  .  .  .    5
 4 V  V  V  V  V  V  V  V  .  .  .  .    4
 3 V  V  V  V  V  V  V  V  .  .  V  V    3
 2 V  V  V  V  V  V  V  V  .  .  R  V    2
 1 V  V  V  V  V  V  V  V  V  V  V  V    1
 0 V  V  V  V  V  V  V  V  V  V  V  V    0
   0  1  2  3  4  5  6  7  8  9 10 11
Legend: R=Robot, V=Visited, P=Path, .=Unvisited

2025-07-31 20:36:37,752 - INFO - BFS Exploration Step 62: Exploring (7, 5)
2025-07-31 20:36:37,752 - DEBUG - Moving right from (10, 2) to (11, 2)
2025-07-31 20:36:37,848 - DEBUG - Moving down from (11, 2) to (11, 1)
2025-07-31 20:36:37,919 - DEBUG - Moving left from (11, 1) to (10, 1)
2025-07-31 20:36:38,023 - DEBUG - Moving left from (10, 1) to (9, 1)
2025-07-31 20:36:38,126 - DEBUG - Moving down from (9, 1) to (9, 0)
2025-07-31 20:36:38,192 - DEBUG - Moving left from (9, 0) to (8, 0)
2025-07-31 20:36:38,301 - DEBUG - Moving left from (8, 0) to (7, 0)
2025-07-31 20:36:38,401 - DEBUG - Moving up from (7, 0) to (7, 1)
2025-07-31 20:36:38,468 - DEBUG - Moving left from (7, 1) to (6, 1)
2025-07-31 20:36:38,575 - DEBUG - Moving left from (6, 1) to (5, 1)
2025-07-31 20:36:38,673 - DEBUG - Moving left from (5, 1) to (4, 1)
2025-07-31 20:36:38,780 - DEBUG - Moving left from (4, 1) to (3, 1)
2025-07-31 20:36:38,898 - DEBUG - Moving up from (3, 1) to (3, 2)
2025-07-31 20:36:38,964 - DEBUG - Moving left from (3, 2) to (2, 2)
2025-07-31 20:36:39,068 - DEBUG - Moving left from (2, 2) to (1, 2)
2025-07-31 20:36:39,173 - DEBUG - Moving up from (1, 2) to (1, 3)
2025-07-31 20:36:39,238 - DEBUG - Moving right from (1, 3) to (2, 3)
2025-07-31 20:36:39,329 - DEBUG - Moving right from (2, 3) to (3, 3)
2025-07-31 20:36:39,438 - DEBUG - Moving right from (3, 3) to (4, 3)
2025-07-31 20:36:39,530 - DEBUG - Moving right from (4, 3) to (5, 3)
2025-07-31 20:36:39,632 - DEBUG - Moving right from (5, 3) to (6, 3)
2025-07-31 20:36:39,735 - DEBUG - Moving up from (6, 3) to (6, 4)
2025-07-31 20:36:39,809 - DEBUG - Moving up from (6, 4) to (6, 5)
2025-07-31 20:36:39,881 - DEBUG - Moving right from (6, 5) to (7, 5)
2025-07-31 20:36:39,994 - DEBUG - Sensor readings: {'front': 2000.0, 'right': 2000.0, 'back': 339.27577709623404, 'left': 2000.0}
2025-07-31 20:36:39,994 - DEBUG - Added neighbor right: (8, 5)
2025-07-31 20:36:39,994 - DEBUG - Added neighbor up: (7, 6)
2025-07-31 20:36:39,994 - DEBUG - Wall detected down to (7, 4)
2025-07-31 20:36:39,994 - DEBUG - Added 2 new neighbors. Queue size: 8
2025-07-31 20:36:39,994 - DEBUG - 
=== STEP 62 DATA STRUCTURES ===
Current Cell: (7, 5)
explored_cells: [(0, 0), (0, 1), (0, 2), (0, 3), (0, 4), (0, 5), (0, 6), (0, 7), (1, 0), (1, 1), (1, 2), (1, 3), (1, 4), (1, 5), (1, 6), (1, 7), (2, 0), (2, 1), (2, 2), (2, 3), (2, 4), (2, 5), (2, 6), (3, 0), (3, 1), (3, 2), (3, 3), (3, 4), (3, 5), (3, 6), (4, 0), (4, 1), (4, 2), (4, 3), (4, 4), (4, 5), (4, 6), (5, 0), (5, 1), (5, 2), (5, 3), (5, 4), (5, 5), (6, 0), (6, 1), (6, 2), (6, 3), (6, 4), (6, 5), (6, 6), (7, 0), (7, 1), (7, 2), (7, 3), (7, 4), (7, 5), (7, 6), (8, 0), (8, 1), (8, 5), (9, 0), (9, 1), (10, 0), (10, 1), (10, 2), (10, 3), (11, 0), (11, 1), (11, 2), (11, 3)]
accessible_from:
  (0, 0) -> [(0, 1), (1, 0)]
  (0, 1) -> [(0, 0), (1, 1)]
  (0, 2) -> [(0, 3)]
  (0, 3) -> [(0, 2), (0, 4)]
  (0, 4) -> [(0, 3), (0, 5)]
  (0, 5) -> [(0, 4), (0, 6), (1, 5)]
  (0, 6) -> [(0, 5), (0, 7), (1, 6)]
  (0, 7) -> [(0, 6)]
  (1, 0) -> [(0, 0), (1, 1), (2, 0)]
  (1, 1) -> [(0, 1), (1, 0), (2, 1)]
  (1, 2) -> [(1, 3), (2, 2)]
  (1, 3) -> [(1, 2), (2, 3)]
  (1, 4) -> [(1, 5), (2, 4)]
  (1, 5) -> [(0, 5), (1, 4), (2, 5)]
  (1, 6) -> [(0, 6), (1, 7)]
  (1, 7) -> [(1, 6)]
  (2, 0) -> [(1, 0), (3, 0)]
  (2, 1) -> [(1, 1), (2, 2)]
  (2, 2) -> [(1, 2), (2, 1), (3, 2)]
  (2, 3) -> [(1, 3), (2, 4), (3, 3)]
  (2, 4) -> [(1, 4), (2, 3), (3, 4)]
  (2, 5) -> [(1, 5), (2, 6), (3, 5)]
  (2, 6) -> [(2, 5), (3, 6)]
  (3, 0) -> [(2, 0), (4, 0)]
  (3, 1) -> [(3, 2), (4, 1)]
  (3, 2) -> [(2, 2), (3, 1), (4, 2)]
  (3, 3) -> [(2, 3), (3, 4), (4, 3)]
  (3, 4) -> [(2, 4), (3, 3), (4, 4)]
  (3, 5) -> [(2, 5), (3, 6), (4, 5)]
  (3, 6) -> [(2, 6), (3, 5), (4, 6)]
  (4, 0) -> [(3, 0), (5, 0)]
  (4, 1) -> [(3, 1), (4, 2), (5, 1)]
  (4, 2) -> [(3, 2), (4, 1)]
  (4, 3) -> [(3, 3), (4, 4), (5, 3)]
  (4, 4) -> [(3, 4), (4, 3), (5, 4)]
  (4, 5) -> [(3, 5), (4, 6)]
  (4, 6) -> [(3, 6), (4, 5)]
  (5, 0) -> [(4, 0), (5, 1), (6, 0)]
  (5, 1) -> [(4, 1), (5, 0), (5, 2), (6, 1)]
  (5, 2) -> [(5, 1), (6, 2)]
  (5, 3) -> [(4, 3), (5, 4), (6, 3)]
  (5, 4) -> [(4, 4), (5, 3)]
  (5, 5) -> [(6, 5)]
  (6, 0) -> [(5, 0), (6, 1), (7, 0)]
  (6, 1) -> [(5, 1), (6, 0), (7, 1)]
  (6, 2) -> [(5, 2), (7, 2)]
  (6, 3) -> [(5, 3), (6, 4), (7, 3)]
  (6, 4) -> [(6, 3), (6, 5), (7, 4)]
  (6, 5) -> [(5, 5), (6, 4), (6, 6), (7, 5)]
  (6, 6) -> [(6, 5)]
  (7, 0) -> [(6, 0), (7, 1), (8, 0)]
  (7, 1) -> [(6, 1), (7, 0), (8, 1)]
  (7, 2) -> [(6, 2)]
  (7, 3) -> [(6, 3), (7, 4)]
  (7, 4) -> [(6, 4), (7, 3)]
  (7, 5) -> [(6, 5), (7, 6), (8, 5)]
  (7, 6) -> [(7, 5)]
  (8, 0) -> [(7, 0), (8, 1), (9, 0)]
  (8, 1) -> [(7, 1), (8, 0)]
  (8, 5) -> [(7, 5)]
  (9, 0) -> [(8, 0), (9, 1), (10, 0)]
  (9, 1) -> [(9, 0), (10, 1)]
  (10, 0) -> [(9, 0), (10, 1), (11, 0)]
  (10, 1) -> [(9, 1), (10, 0), (11, 1)]
  (10, 2) -> [(10, 3), (11, 2)]
  (10, 3) -> [(10, 2), (11, 3)]
  (11, 0) -> [(10, 0), (11, 1)]
  (11, 1) -> [(10, 1), (11, 0), (11, 2)]
  (11, 2) -> [(10, 2), (11, 1), (11, 3)]
  (11, 3) -> [(10, 3), (11, 2)]
parent_path: {}
exploration_queue: [(6, 6), (5, 5), (4, 6), (1, 7), (0, 2), (10, 3), (8, 5), (7, 6)]

2025-07-31 20:36:39,994 - DEBUG - 
=== VISUAL BOARD - STEP 62 - BFS-EXPLORATION ===
   0  1  2  3  4  5  6  7  8  9 10 11
11 .  .  .  .  .  .  .  .  .  .  .  .   11
10 .  .  .  .  .  .  .  .  .  .  .  .   10
 9 .  .  .  .  .  .  .  .  .  .  .  .    9
 8 .  .  .  .  .  .  .  .  .  .  .  .    8
 7 V  V  .  .  .  .  .  .  .  .  .  .    7
 6 V  V  V  V  V  .  V  V  .  .  .  .    6
 5 V  V  V  V  V  V  V  R  V  .  .  .    5
 4 V  V  V  V  V  V  V  V  .  .  .  .    4
 3 V  V  V  V  V  V  V  V  .  .  V  V    3
 2 V  V  V  V  V  V  V  V  .  .  V  V    2
 1 V  V  V  V  V  V  V  V  V  V  V  V    1
 0 V  V  V  V  V  V  V  V  V  V  V  V    0
   0  1  2  3  4  5  6  7  8  9 10 11
Legend: R=Robot, V=Visited, P=Path, .=Unvisited

2025-07-31 20:36:39,994 - INFO - BFS Exploration Step 63: Exploring (6, 6)
2025-07-31 20:36:39,994 - DEBUG - Moving left from (7, 5) to (6, 5)
2025-07-31 20:36:40,093 - DEBUG - Moving up from (6, 5) to (6, 6)
2025-07-31 20:36:40,158 - DEBUG - Sensor readings: {'front': 352.1175300403894, 'right': 2000.0, 'back': 2000.0, 'left': 1286.3440266225755}
2025-07-31 20:36:40,158 - DEBUG - Wall detected up to (6, 7)
2025-07-31 20:36:40,158 - DEBUG - Added neighbor left: (5, 6)
2025-07-31 20:36:40,158 - DEBUG - Added 1 new neighbors. Queue size: 8
2025-07-31 20:36:40,158 - DEBUG - 
=== STEP 63 DATA STRUCTURES ===
Current Cell: (6, 6)
explored_cells: [(0, 0), (0, 1), (0, 2), (0, 3), (0, 4), (0, 5), (0, 6), (0, 7), (1, 0), (1, 1), (1, 2), (1, 3), (1, 4), (1, 5), (1, 6), (1, 7), (2, 0), (2, 1), (2, 2), (2, 3), (2, 4), (2, 5), (2, 6), (3, 0), (3, 1), (3, 2), (3, 3), (3, 4), (3, 5), (3, 6), (4, 0), (4, 1), (4, 2), (4, 3), (4, 4), (4, 5), (4, 6), (5, 0), (5, 1), (5, 2), (5, 3), (5, 4), (5, 5), (5, 6), (6, 0), (6, 1), (6, 2), (6, 3), (6, 4), (6, 5), (6, 6), (7, 0), (7, 1), (7, 2), (7, 3), (7, 4), (7, 5), (7, 6), (8, 0), (8, 1), (8, 5), (9, 0), (9, 1), (10, 0), (10, 1), (10, 2), (10, 3), (11, 0), (11, 1), (11, 2), (11, 3)]
accessible_from:
  (0, 0) -> [(0, 1), (1, 0)]
  (0, 1) -> [(0, 0), (1, 1)]
  (0, 2) -> [(0, 3)]
  (0, 3) -> [(0, 2), (0, 4)]
  (0, 4) -> [(0, 3), (0, 5)]
  (0, 5) -> [(0, 4), (0, 6), (1, 5)]
  (0, 6) -> [(0, 5), (0, 7), (1, 6)]
  (0, 7) -> [(0, 6)]
  (1, 0) -> [(0, 0), (1, 1), (2, 0)]
  (1, 1) -> [(0, 1), (1, 0), (2, 1)]
  (1, 2) -> [(1, 3), (2, 2)]
  (1, 3) -> [(1, 2), (2, 3)]
  (1, 4) -> [(1, 5), (2, 4)]
  (1, 5) -> [(0, 5), (1, 4), (2, 5)]
  (1, 6) -> [(0, 6), (1, 7)]
  (1, 7) -> [(1, 6)]
  (2, 0) -> [(1, 0), (3, 0)]
  (2, 1) -> [(1, 1), (2, 2)]
  (2, 2) -> [(1, 2), (2, 1), (3, 2)]
  (2, 3) -> [(1, 3), (2, 4), (3, 3)]
  (2, 4) -> [(1, 4), (2, 3), (3, 4)]
  (2, 5) -> [(1, 5), (2, 6), (3, 5)]
  (2, 6) -> [(2, 5), (3, 6)]
  (3, 0) -> [(2, 0), (4, 0)]
  (3, 1) -> [(3, 2), (4, 1)]
  (3, 2) -> [(2, 2), (3, 1), (4, 2)]
  (3, 3) -> [(2, 3), (3, 4), (4, 3)]
  (3, 4) -> [(2, 4), (3, 3), (4, 4)]
  (3, 5) -> [(2, 5), (3, 6), (4, 5)]
  (3, 6) -> [(2, 6), (3, 5), (4, 6)]
  (4, 0) -> [(3, 0), (5, 0)]
  (4, 1) -> [(3, 1), (4, 2), (5, 1)]
  (4, 2) -> [(3, 2), (4, 1)]
  (4, 3) -> [(3, 3), (4, 4), (5, 3)]
  (4, 4) -> [(3, 4), (4, 3), (5, 4)]
  (4, 5) -> [(3, 5), (4, 6)]
  (4, 6) -> [(3, 6), (4, 5)]
  (5, 0) -> [(4, 0), (5, 1), (6, 0)]
  (5, 1) -> [(4, 1), (5, 0), (5, 2), (6, 1)]
  (5, 2) -> [(5, 1), (6, 2)]
  (5, 3) -> [(4, 3), (5, 4), (6, 3)]
  (5, 4) -> [(4, 4), (5, 3)]
  (5, 5) -> [(6, 5)]
  (5, 6) -> [(6, 6)]
  (6, 0) -> [(5, 0), (6, 1), (7, 0)]
  (6, 1) -> [(5, 1), (6, 0), (7, 1)]
  (6, 2) -> [(5, 2), (7, 2)]
  (6, 3) -> [(5, 3), (6, 4), (7, 3)]
  (6, 4) -> [(6, 3), (6, 5), (7, 4)]
  (6, 5) -> [(5, 5), (6, 4), (6, 6), (7, 5)]
  (6, 6) -> [(5, 6), (6, 5), (7, 6)]
  (7, 0) -> [(6, 0), (7, 1), (8, 0)]
  (7, 1) -> [(6, 1), (7, 0), (8, 1)]
  (7, 2) -> [(6, 2)]
  (7, 3) -> [(6, 3), (7, 4)]
  (7, 4) -> [(6, 4), (7, 3)]
  (7, 5) -> [(6, 5), (7, 6), (8, 5)]
  (7, 6) -> [(6, 6), (7, 5)]
  (8, 0) -> [(7, 0), (8, 1), (9, 0)]
  (8, 1) -> [(7, 1), (8, 0)]
  (8, 5) -> [(7, 5)]
  (9, 0) -> [(8, 0), (9, 1), (10, 0)]
  (9, 1) -> [(9, 0), (10, 1)]
  (10, 0) -> [(9, 0), (10, 1), (11, 0)]
  (10, 1) -> [(9, 1), (10, 0), (11, 1)]
  (10, 2) -> [(10, 3), (11, 2)]
  (10, 3) -> [(10, 2), (11, 3)]
  (11, 0) -> [(10, 0), (11, 1)]
  (11, 1) -> [(10, 1), (11, 0), (11, 2)]
  (11, 2) -> [(10, 2), (11, 1), (11, 3)]
  (11, 3) -> [(10, 3), (11, 2)]
parent_path: {}
exploration_queue: [(5, 5), (4, 6), (1, 7), (0, 2), (10, 3), (8, 5), (7, 6), (5, 6)]

2025-07-31 20:36:40,158 - DEBUG - 
=== VISUAL BOARD - STEP 63 - BFS-EXPLORATION ===
   0  1  2  3  4  5  6  7  8  9 10 11
11 .  .  .  .  .  .  .  .  .  .  .  .   11
10 .  .  .  .  .  .  .  .  .  .  .  .   10
 9 .  .  .  .  .  .  .  .  .  .  .  .    9
 8 .  .  .  .  .  .  .  .  .  .  .  .    8
 7 V  V  .  .  .  .  .  .  .  .  .  .    7
 6 V  V  V  V  V  V  R  V  .  .  .  .    6
 5 V  V  V  V  V  V  V  V  V  .  .  .    5
 4 V  V  V  V  V  V  V  V  .  .  .  .    4
 3 V  V  V  V  V  V  V  V  .  .  V  V    3
 2 V  V  V  V  V  V  V  V  .  .  V  V    2
 1 V  V  V  V  V  V  V  V  V  V  V  V    1
 0 V  V  V  V  V  V  V  V  V  V  V  V    0
   0  1  2  3  4  5  6  7  8  9 10 11
Legend: R=Robot, V=Visited, P=Path, .=Unvisited

2025-07-31 20:36:40,159 - INFO - BFS Exploration Step 64: Exploring (5, 5)
2025-07-31 20:36:40,159 - DEBUG - Moving down from (6, 6) to (6, 5)
2025-07-31 20:36:40,230 - DEBUG - Moving left from (6, 5) to (5, 5)
2025-07-31 20:36:40,331 - DEBUG - Sensor readings: {'front': 1345.2042649654345, 'right': 2000.0, 'back': 296.6713998396748, 'left': 363.69720332060047}
2025-07-31 20:36:40,332 - DEBUG - Wall detected left to (4, 5)
2025-07-31 20:36:40,332 - DEBUG - Wall detected down to (5, 4)
2025-07-31 20:36:40,332 - DEBUG - Added 0 new neighbors. Queue size: 7
2025-07-31 20:36:40,332 - DEBUG - 
=== STEP 64 DATA STRUCTURES ===
Current Cell: (5, 5)
explored_cells: [(0, 0), (0, 1), (0, 2), (0, 3), (0, 4), (0, 5), (0, 6), (0, 7), (1, 0), (1, 1), (1, 2), (1, 3), (1, 4), (1, 5), (1, 6), (1, 7), (2, 0), (2, 1), (2, 2), (2, 3), (2, 4), (2, 5), (2, 6), (3, 0), (3, 1), (3, 2), (3, 3), (3, 4), (3, 5), (3, 6), (4, 0), (4, 1), (4, 2), (4, 3), (4, 4), (4, 5), (4, 6), (5, 0), (5, 1), (5, 2), (5, 3), (5, 4), (5, 5), (5, 6), (6, 0), (6, 1), (6, 2), (6, 3), (6, 4), (6, 5), (6, 6), (7, 0), (7, 1), (7, 2), (7, 3), (7, 4), (7, 5), (7, 6), (8, 0), (8, 1), (8, 5), (9, 0), (9, 1), (10, 0), (10, 1), (10, 2), (10, 3), (11, 0), (11, 1), (11, 2), (11, 3)]
accessible_from:
  (0, 0) -> [(0, 1), (1, 0)]
  (0, 1) -> [(0, 0), (1, 1)]
  (0, 2) -> [(0, 3)]
  (0, 3) -> [(0, 2), (0, 4)]
  (0, 4) -> [(0, 3), (0, 5)]
  (0, 5) -> [(0, 4), (0, 6), (1, 5)]
  (0, 6) -> [(0, 5), (0, 7), (1, 6)]
  (0, 7) -> [(0, 6)]
  (1, 0) -> [(0, 0), (1, 1), (2, 0)]
  (1, 1) -> [(0, 1), (1, 0), (2, 1)]
  (1, 2) -> [(1, 3), (2, 2)]
  (1, 3) -> [(1, 2), (2, 3)]
  (1, 4) -> [(1, 5), (2, 4)]
  (1, 5) -> [(0, 5), (1, 4), (2, 5)]
  (1, 6) -> [(0, 6), (1, 7)]
  (1, 7) -> [(1, 6)]
  (2, 0) -> [(1, 0), (3, 0)]
  (2, 1) -> [(1, 1), (2, 2)]
  (2, 2) -> [(1, 2), (2, 1), (3, 2)]
  (2, 3) -> [(1, 3), (2, 4), (3, 3)]
  (2, 4) -> [(1, 4), (2, 3), (3, 4)]
  (2, 5) -> [(1, 5), (2, 6), (3, 5)]
  (2, 6) -> [(2, 5), (3, 6)]
  (3, 0) -> [(2, 0), (4, 0)]
  (3, 1) -> [(3, 2), (4, 1)]
  (3, 2) -> [(2, 2), (3, 1), (4, 2)]
  (3, 3) -> [(2, 3), (3, 4), (4, 3)]
  (3, 4) -> [(2, 4), (3, 3), (4, 4)]
  (3, 5) -> [(2, 5), (3, 6), (4, 5)]
  (3, 6) -> [(2, 6), (3, 5), (4, 6)]
  (4, 0) -> [(3, 0), (5, 0)]
  (4, 1) -> [(3, 1), (4, 2), (5, 1)]
  (4, 2) -> [(3, 2), (4, 1)]
  (4, 3) -> [(3, 3), (4, 4), (5, 3)]
  (4, 4) -> [(3, 4), (4, 3), (5, 4)]
  (4, 5) -> [(3, 5), (4, 6)]
  (4, 6) -> [(3, 6), (4, 5)]
  (5, 0) -> [(4, 0), (5, 1), (6, 0)]
  (5, 1) -> [(4, 1), (5, 0), (5, 2), (6, 1)]
  (5, 2) -> [(5, 1), (6, 2)]
  (5, 3) -> [(4, 3), (5, 4), (6, 3)]
  (5, 4) -> [(4, 4), (5, 3)]
  (5, 5) -> [(5, 6), (6, 5)]
  (5, 6) -> [(5, 5), (6, 6)]
  (6, 0) -> [(5, 0), (6, 1), (7, 0)]
  (6, 1) -> [(5, 1), (6, 0), (7, 1)]
  (6, 2) -> [(5, 2), (7, 2)]
  (6, 3) -> [(5, 3), (6, 4), (7, 3)]
  (6, 4) -> [(6, 3), (6, 5), (7, 4)]
  (6, 5) -> [(5, 5), (6, 4), (6, 6), (7, 5)]
  (6, 6) -> [(5, 6), (6, 5), (7, 6)]
  (7, 0) -> [(6, 0), (7, 1), (8, 0)]
  (7, 1) -> [(6, 1), (7, 0), (8, 1)]
  (7, 2) -> [(6, 2)]
  (7, 3) -> [(6, 3), (7, 4)]
  (7, 4) -> [(6, 4), (7, 3)]
  (7, 5) -> [(6, 5), (7, 6), (8, 5)]
  (7, 6) -> [(6, 6), (7, 5)]
  (8, 0) -> [(7, 0), (8, 1), (9, 0)]
  (8, 1) -> [(7, 1), (8, 0)]
  (8, 5) -> [(7, 5)]
  (9, 0) -> [(8, 0), (9, 1), (10, 0)]
  (9, 1) -> [(9, 0), (10, 1)]
  (10, 0) -> [(9, 0), (10, 1), (11, 0)]
  (10, 1) -> [(9, 1), (10, 0), (11, 1)]
  (10, 2) -> [(10, 3), (11, 2)]
  (10, 3) -> [(10, 2), (11, 3)]
  (11, 0) -> [(10, 0), (11, 1)]
  (11, 1) -> [(10, 1), (11, 0), (11, 2)]
  (11, 2) -> [(10, 2), (11, 1), (11, 3)]
  (11, 3) -> [(10, 3), (11, 2)]
parent_path: {}
exploration_queue: [(4, 6), (1, 7), (0, 2), (10, 3), (8, 5), (7, 6), (5, 6)]

2025-07-31 20:36:40,332 - DEBUG - 
=== VISUAL BOARD - STEP 64 - BFS-EXPLORATION ===
   0  1  2  3  4  5  6  7  8  9 10 11
11 .  .  .  .  .  .  .  .  .  .  .  .   11
10 .  .  .  .  .  .  .  .  .  .  .  .   10
 9 .  .  .  .  .  .  .  .  .  .  .  .    9
 8 .  .  .  .  .  .  .  .  .  .  .  .    8
 7 V  V  .  .  .  .  .  .  .  .  .  .    7
 6 V  V  V  V  V  V  V  V  .  .  .  .    6
 5 V  V  V  V  V  R  V  V  V  .  .  .    5
 4 V  V  V  V  V  V  V  V  .  .  .  .    4
 3 V  V  V  V  V  V  V  V  .  .  V  V    3
 2 V  V  V  V  V  V  V  V  .  .  V  V    2
 1 V  V  V  V  V  V  V  V  V  V  V  V    1
 0 V  V  V  V  V  V  V  V  V  V  V  V    0
   0  1  2  3  4  5  6  7  8  9 10 11
Legend: R=Robot, V=Visited, P=Path, .=Unvisited

2025-07-31 20:36:40,332 - INFO - BFS Exploration Step 65: Exploring (4, 6)
2025-07-31 20:36:40,332 - DEBUG - Moving right from (5, 5) to (6, 5)
2025-07-31 20:36:40,423 - DEBUG - Moving down from (6, 5) to (6, 4)
2025-07-31 20:36:40,491 - DEBUG - Moving down from (6, 4) to (6, 3)
2025-07-31 20:36:40,563 - DEBUG - Moving left from (6, 3) to (5, 3)
2025-07-31 20:36:40,680 - DEBUG - Moving up from (5, 3) to (5, 4)
2025-07-31 20:36:40,756 - DEBUG - Moving left from (5, 4) to (4, 4)
2025-07-31 20:36:40,848 - DEBUG - Moving left from (4, 4) to (3, 4)
2025-07-31 20:36:40,952 - DEBUG - Moving left from (3, 4) to (2, 4)
2025-07-31 20:36:41,048 - DEBUG - Moving left from (2, 4) to (1, 4)
2025-07-31 20:36:41,152 - DEBUG - Moving up from (1, 4) to (1, 5)
2025-07-31 20:36:41,222 - DEBUG - Moving right from (1, 5) to (2, 5)
2025-07-31 20:36:41,322 - DEBUG - Moving up from (2, 5) to (2, 6)
2025-07-31 20:36:41,393 - DEBUG - Moving right from (2, 6) to (3, 6)
2025-07-31 20:36:41,501 - DEBUG - Moving right from (3, 6) to (4, 6)
2025-07-31 20:36:41,604 - DEBUG - Sensor readings: {'front': 295.2921071253994, 'right': 362.3484225427751, 'back': 1345.741345096313, 'left': 2000.0}
2025-07-31 20:36:41,604 - DEBUG - Wall detected right to (5, 6)
2025-07-31 20:36:41,604 - DEBUG - Wall detected up to (4, 7)
2025-07-31 20:36:41,604 - DEBUG - Added 0 new neighbors. Queue size: 6
2025-07-31 20:36:41,604 - DEBUG - 
=== STEP 65 DATA STRUCTURES ===
Current Cell: (4, 6)
explored_cells: [(0, 0), (0, 1), (0, 2), (0, 3), (0, 4), (0, 5), (0, 6), (0, 7), (1, 0), (1, 1), (1, 2), (1, 3), (1, 4), (1, 5), (1, 6), (1, 7), (2, 0), (2, 1), (2, 2), (2, 3), (2, 4), (2, 5), (2, 6), (3, 0), (3, 1), (3, 2), (3, 3), (3, 4), (3, 5), (3, 6), (4, 0), (4, 1), (4, 2), (4, 3), (4, 4), (4, 5), (4, 6), (5, 0), (5, 1), (5, 2), (5, 3), (5, 4), (5, 5), (5, 6), (6, 0), (6, 1), (6, 2), (6, 3), (6, 4), (6, 5), (6, 6), (7, 0), (7, 1), (7, 2), (7, 3), (7, 4), (7, 5), (7, 6), (8, 0), (8, 1), (8, 5), (9, 0), (9, 1), (10, 0), (10, 1), (10, 2), (10, 3), (11, 0), (11, 1), (11, 2), (11, 3)]
accessible_from:
  (0, 0) -> [(0, 1), (1, 0)]
  (0, 1) -> [(0, 0), (1, 1)]
  (0, 2) -> [(0, 3)]
  (0, 3) -> [(0, 2), (0, 4)]
  (0, 4) -> [(0, 3), (0, 5)]
  (0, 5) -> [(0, 4), (0, 6), (1, 5)]
  (0, 6) -> [(0, 5), (0, 7), (1, 6)]
  (0, 7) -> [(0, 6)]
  (1, 0) -> [(0, 0), (1, 1), (2, 0)]
  (1, 1) -> [(0, 1), (1, 0), (2, 1)]
  (1, 2) -> [(1, 3), (2, 2)]
  (1, 3) -> [(1, 2), (2, 3)]
  (1, 4) -> [(1, 5), (2, 4)]
  (1, 5) -> [(0, 5), (1, 4), (2, 5)]
  (1, 6) -> [(0, 6), (1, 7)]
  (1, 7) -> [(1, 6)]
  (2, 0) -> [(1, 0), (3, 0)]
  (2, 1) -> [(1, 1), (2, 2)]
  (2, 2) -> [(1, 2), (2, 1), (3, 2)]
  (2, 3) -> [(1, 3), (2, 4), (3, 3)]
  (2, 4) -> [(1, 4), (2, 3), (3, 4)]
  (2, 5) -> [(1, 5), (2, 6), (3, 5)]
  (2, 6) -> [(2, 5), (3, 6)]
  (3, 0) -> [(2, 0), (4, 0)]
  (3, 1) -> [(3, 2), (4, 1)]
  (3, 2) -> [(2, 2), (3, 1), (4, 2)]
  (3, 3) -> [(2, 3), (3, 4), (4, 3)]
  (3, 4) -> [(2, 4), (3, 3), (4, 4)]
  (3, 5) -> [(2, 5), (3, 6), (4, 5)]
  (3, 6) -> [(2, 6), (3, 5), (4, 6)]
  (4, 0) -> [(3, 0), (5, 0)]
  (4, 1) -> [(3, 1), (4, 2), (5, 1)]
  (4, 2) -> [(3, 2), (4, 1)]
  (4, 3) -> [(3, 3), (4, 4), (5, 3)]
  (4, 4) -> [(3, 4), (4, 3), (5, 4)]
  (4, 5) -> [(3, 5), (4, 6)]
  (4, 6) -> [(3, 6), (4, 5)]
  (5, 0) -> [(4, 0), (5, 1), (6, 0)]
  (5, 1) -> [(4, 1), (5, 0), (5, 2), (6, 1)]
  (5, 2) -> [(5, 1), (6, 2)]
  (5, 3) -> [(4, 3), (5, 4), (6, 3)]
  (5, 4) -> [(4, 4), (5, 3)]
  (5, 5) -> [(5, 6), (6, 5)]
  (5, 6) -> [(5, 5), (6, 6)]
  (6, 0) -> [(5, 0), (6, 1), (7, 0)]
  (6, 1) -> [(5, 1), (6, 0), (7, 1)]
  (6, 2) -> [(5, 2), (7, 2)]
  (6, 3) -> [(5, 3), (6, 4), (7, 3)]
  (6, 4) -> [(6, 3), (6, 5), (7, 4)]
  (6, 5) -> [(5, 5), (6, 4), (6, 6), (7, 5)]
  (6, 6) -> [(5, 6), (6, 5), (7, 6)]
  (7, 0) -> [(6, 0), (7, 1), (8, 0)]
  (7, 1) -> [(6, 1), (7, 0), (8, 1)]
  (7, 2) -> [(6, 2)]
  (7, 3) -> [(6, 3), (7, 4)]
  (7, 4) -> [(6, 4), (7, 3)]
  (7, 5) -> [(6, 5), (7, 6), (8, 5)]
  (7, 6) -> [(6, 6), (7, 5)]
  (8, 0) -> [(7, 0), (8, 1), (9, 0)]
  (8, 1) -> [(7, 1), (8, 0)]
  (8, 5) -> [(7, 5)]
  (9, 0) -> [(8, 0), (9, 1), (10, 0)]
  (9, 1) -> [(9, 0), (10, 1)]
  (10, 0) -> [(9, 0), (10, 1), (11, 0)]
  (10, 1) -> [(9, 1), (10, 0), (11, 1)]
  (10, 2) -> [(10, 3), (11, 2)]
  (10, 3) -> [(10, 2), (11, 3)]
  (11, 0) -> [(10, 0), (11, 1)]
  (11, 1) -> [(10, 1), (11, 0), (11, 2)]
  (11, 2) -> [(10, 2), (11, 1), (11, 3)]
  (11, 3) -> [(10, 3), (11, 2)]
parent_path: {}
exploration_queue: [(1, 7), (0, 2), (10, 3), (8, 5), (7, 6), (5, 6)]

2025-07-31 20:36:41,604 - DEBUG - 
=== VISUAL BOARD - STEP 65 - BFS-EXPLORATION ===
   0  1  2  3  4  5  6  7  8  9 10 11
11 .  .  .  .  .  .  .  .  .  .  .  .   11
10 .  .  .  .  .  .  .  .  .  .  .  .   10
 9 .  .  .  .  .  .  .  .  .  .  .  .    9
 8 .  .  .  .  .  .  .  .  .  .  .  .    8
 7 V  V  .  .  .  .  .  .  .  .  .  .    7
 6 V  V  V  V  R  V  V  V  .  .  .  .    6
 5 V  V  V  V  V  V  V  V  V  .  .  .    5
 4 V  V  V  V  V  V  V  V  .  .  .  .    4
 3 V  V  V  V  V  V  V  V  .  .  V  V    3
 2 V  V  V  V  V  V  V  V  .  .  V  V    2
 1 V  V  V  V  V  V  V  V  V  V  V  V    1
 0 V  V  V  V  V  V  V  V  V  V  V  V    0
   0  1  2  3  4  5  6  7  8  9 10 11
Legend: R=Robot, V=Visited, P=Path, .=Unvisited

2025-07-31 20:36:41,604 - INFO - BFS Exploration Step 66: Exploring (1, 7)
2025-07-31 20:36:41,605 - DEBUG - Moving down from (4, 6) to (4, 5)
2025-07-31 20:36:41,678 - DEBUG - Moving left from (4, 5) to (3, 5)
2025-07-31 20:36:41,789 - DEBUG - Moving left from (3, 5) to (2, 5)
2025-07-31 20:36:41,891 - DEBUG - Moving left from (2, 5) to (1, 5)
2025-07-31 20:36:41,992 - DEBUG - Moving left from (1, 5) to (0, 5)
2025-07-31 20:36:42,095 - DEBUG - Moving up from (0, 5) to (0, 6)
2025-07-31 20:36:42,166 - DEBUG - Moving right from (0, 6) to (1, 6)
2025-07-31 20:36:42,266 - DEBUG - Moving up from (1, 6) to (1, 7)
2025-07-31 20:36:42,338 - DEBUG - Sensor readings: {'front': 341.71572310121917, 'right': 2000.0, 'back': 1301.9728704571744, 'left': 275.32589437783787}
2025-07-31 20:36:42,339 - DEBUG - Added neighbor right: (2, 7)
2025-07-31 20:36:42,339 - DEBUG - Wall detected up to (1, 8)
2025-07-31 20:36:42,339 - DEBUG - Wall detected left to (0, 7)
2025-07-31 20:36:42,339 - DEBUG - Added 1 new neighbors. Queue size: 6
2025-07-31 20:36:42,339 - DEBUG - 
=== STEP 66 DATA STRUCTURES ===
Current Cell: (1, 7)
explored_cells: [(0, 0), (0, 1), (0, 2), (0, 3), (0, 4), (0, 5), (0, 6), (0, 7), (1, 0), (1, 1), (1, 2), (1, 3), (1, 4), (1, 5), (1, 6), (1, 7), (2, 0), (2, 1), (2, 2), (2, 3), (2, 4), (2, 5), (2, 6), (2, 7), (3, 0), (3, 1), (3, 2), (3, 3), (3, 4), (3, 5), (3, 6), (4, 0), (4, 1), (4, 2), (4, 3), (4, 4), (4, 5), (4, 6), (5, 0), (5, 1), (5, 2), (5, 3), (5, 4), (5, 5), (5, 6), (6, 0), (6, 1), (6, 2), (6, 3), (6, 4), (6, 5), (6, 6), (7, 0), (7, 1), (7, 2), (7, 3), (7, 4), (7, 5), (7, 6), (8, 0), (8, 1), (8, 5), (9, 0), (9, 1), (10, 0), (10, 1), (10, 2), (10, 3), (11, 0), (11, 1), (11, 2), (11, 3)]
accessible_from:
  (0, 0) -> [(0, 1), (1, 0)]
  (0, 1) -> [(0, 0), (1, 1)]
  (0, 2) -> [(0, 3)]
  (0, 3) -> [(0, 2), (0, 4)]
  (0, 4) -> [(0, 3), (0, 5)]
  (0, 5) -> [(0, 4), (0, 6), (1, 5)]
  (0, 6) -> [(0, 5), (0, 7), (1, 6)]
  (0, 7) -> [(0, 6)]
  (1, 0) -> [(0, 0), (1, 1), (2, 0)]
  (1, 1) -> [(0, 1), (1, 0), (2, 1)]
  (1, 2) -> [(1, 3), (2, 2)]
  (1, 3) -> [(1, 2), (2, 3)]
  (1, 4) -> [(1, 5), (2, 4)]
  (1, 5) -> [(0, 5), (1, 4), (2, 5)]
  (1, 6) -> [(0, 6), (1, 7)]
  (1, 7) -> [(1, 6), (2, 7)]
  (2, 0) -> [(1, 0), (3, 0)]
  (2, 1) -> [(1, 1), (2, 2)]
  (2, 2) -> [(1, 2), (2, 1), (3, 2)]
  (2, 3) -> [(1, 3), (2, 4), (3, 3)]
  (2, 4) -> [(1, 4), (2, 3), (3, 4)]
  (2, 5) -> [(1, 5), (2, 6), (3, 5)]
  (2, 6) -> [(2, 5), (3, 6)]
  (2, 7) -> [(1, 7)]
  (3, 0) -> [(2, 0), (4, 0)]
  (3, 1) -> [(3, 2), (4, 1)]
  (3, 2) -> [(2, 2), (3, 1), (4, 2)]
  (3, 3) -> [(2, 3), (3, 4), (4, 3)]
  (3, 4) -> [(2, 4), (3, 3), (4, 4)]
  (3, 5) -> [(2, 5), (3, 6), (4, 5)]
  (3, 6) -> [(2, 6), (3, 5), (4, 6)]
  (4, 0) -> [(3, 0), (5, 0)]
  (4, 1) -> [(3, 1), (4, 2), (5, 1)]
  (4, 2) -> [(3, 2), (4, 1)]
  (4, 3) -> [(3, 3), (4, 4), (5, 3)]
  (4, 4) -> [(3, 4), (4, 3), (5, 4)]
  (4, 5) -> [(3, 5), (4, 6)]
  (4, 6) -> [(3, 6), (4, 5)]
  (5, 0) -> [(4, 0), (5, 1), (6, 0)]
  (5, 1) -> [(4, 1), (5, 0), (5, 2), (6, 1)]
  (5, 2) -> [(5, 1), (6, 2)]
  (5, 3) -> [(4, 3), (5, 4), (6, 3)]
  (5, 4) -> [(4, 4), (5, 3)]
  (5, 5) -> [(5, 6), (6, 5)]
  (5, 6) -> [(5, 5), (6, 6)]
  (6, 0) -> [(5, 0), (6, 1), (7, 0)]
  (6, 1) -> [(5, 1), (6, 0), (7, 1)]
  (6, 2) -> [(5, 2), (7, 2)]
  (6, 3) -> [(5, 3), (6, 4), (7, 3)]
  (6, 4) -> [(6, 3), (6, 5), (7, 4)]
  (6, 5) -> [(5, 5), (6, 4), (6, 6), (7, 5)]
  (6, 6) -> [(5, 6), (6, 5), (7, 6)]
  (7, 0) -> [(6, 0), (7, 1), (8, 0)]
  (7, 1) -> [(6, 1), (7, 0), (8, 1)]
  (7, 2) -> [(6, 2)]
  (7, 3) -> [(6, 3), (7, 4)]
  (7, 4) -> [(6, 4), (7, 3)]
  (7, 5) -> [(6, 5), (7, 6), (8, 5)]
  (7, 6) -> [(6, 6), (7, 5)]
  (8, 0) -> [(7, 0), (8, 1), (9, 0)]
  (8, 1) -> [(7, 1), (8, 0)]
  (8, 5) -> [(7, 5)]
  (9, 0) -> [(8, 0), (9, 1), (10, 0)]
  (9, 1) -> [(9, 0), (10, 1)]
  (10, 0) -> [(9, 0), (10, 1), (11, 0)]
  (10, 1) -> [(9, 1), (10, 0), (11, 1)]
  (10, 2) -> [(10, 3), (11, 2)]
  (10, 3) -> [(10, 2), (11, 3)]
  (11, 0) -> [(10, 0), (11, 1)]
  (11, 1) -> [(10, 1), (11, 0), (11, 2)]
  (11, 2) -> [(10, 2), (11, 1), (11, 3)]
  (11, 3) -> [(10, 3), (11, 2)]
parent_path: {}
exploration_queue: [(0, 2), (10, 3), (8, 5), (7, 6), (5, 6), (2, 7)]

2025-07-31 20:36:42,339 - DEBUG - 
=== VISUAL BOARD - STEP 66 - BFS-EXPLORATION ===
   0  1  2  3  4  5  6  7  8  9 10 11
11 .  .  .  .  .  .  .  .  .  .  .  .   11
10 .  .  .  .  .  .  .  .  .  .  .  .   10
 9 .  .  .  .  .  .  .  .  .  .  .  .    9
 8 .  .  .  .  .  .  .  .  .  .  .  .    8
 7 V  R  V  .  .  .  .  .  .  .  .  .    7
 6 V  V  V  V  V  V  V  V  .  .  .  .    6
 5 V  V  V  V  V  V  V  V  V  .  .  .    5
 4 V  V  V  V  V  V  V  V  .  .  .  .    4
 3 V  V  V  V  V  V  V  V  .  .  V  V    3
 2 V  V  V  V  V  V  V  V  .  .  V  V    2
 1 V  V  V  V  V  V  V  V  V  V  V  V    1
 0 V  V  V  V  V  V  V  V  V  V  V  V    0
   0  1  2  3  4  5  6  7  8  9 10 11
Legend: R=Robot, V=Visited, P=Path, .=Unvisited

2025-07-31 20:36:42,339 - INFO - BFS Exploration Step 67: Exploring (0, 2)
2025-07-31 20:36:42,339 - DEBUG - Moving down from (1, 7) to (1, 6)
2025-07-31 20:36:42,403 - DEBUG - Moving left from (1, 6) to (0, 6)
2025-07-31 20:36:42,503 - DEBUG - Moving down from (0, 6) to (0, 5)
2025-07-31 20:36:42,573 - DEBUG - Moving down from (0, 5) to (0, 4)
2025-07-31 20:36:42,647 - DEBUG - Moving down from (0, 4) to (0, 3)
2025-07-31 20:36:42,726 - DEBUG - Moving down from (0, 3) to (0, 2)
2025-07-31 20:36:42,801 - DEBUG - Sensor readings: {'front': 2000.0, 'right': 275.91558584590393, 'back': 344.35027808110937, 'left': 388.7802744648603}
2025-07-31 20:36:42,801 - DEBUG - Wall detected right to (1, 2)
2025-07-31 20:36:42,801 - DEBUG - Wall detected down to (0, 1)
2025-07-31 20:36:42,801 - DEBUG - Added 0 new neighbors. Queue size: 5
2025-07-31 20:36:42,801 - DEBUG - 
=== STEP 67 DATA STRUCTURES ===
Current Cell: (0, 2)
explored_cells: [(0, 0), (0, 1), (0, 2), (0, 3), (0, 4), (0, 5), (0, 6), (0, 7), (1, 0), (1, 1), (1, 2), (1, 3), (1, 4), (1, 5), (1, 6), (1, 7), (2, 0), (2, 1), (2, 2), (2, 3), (2, 4), (2, 5), (2, 6), (2, 7), (3, 0), (3, 1), (3, 2), (3, 3), (3, 4), (3, 5), (3, 6), (4, 0), (4, 1), (4, 2), (4, 3), (4, 4), (4, 5), (4, 6), (5, 0), (5, 1), (5, 2), (5, 3), (5, 4), (5, 5), (5, 6), (6, 0), (6, 1), (6, 2), (6, 3), (6, 4), (6, 5), (6, 6), (7, 0), (7, 1), (7, 2), (7, 3), (7, 4), (7, 5), (7, 6), (8, 0), (8, 1), (8, 5), (9, 0), (9, 1), (10, 0), (10, 1), (10, 2), (10, 3), (11, 0), (11, 1), (11, 2), (11, 3)]
accessible_from:
  (0, 0) -> [(0, 1), (1, 0)]
  (0, 1) -> [(0, 0), (1, 1)]
  (0, 2) -> [(0, 3)]
  (0, 3) -> [(0, 2), (0, 4)]
  (0, 4) -> [(0, 3), (0, 5)]
  (0, 5) -> [(0, 4), (0, 6), (1, 5)]
  (0, 6) -> [(0, 5), (0, 7), (1, 6)]
  (0, 7) -> [(0, 6)]
  (1, 0) -> [(0, 0), (1, 1), (2, 0)]
  (1, 1) -> [(0, 1), (1, 0), (2, 1)]
  (1, 2) -> [(1, 3), (2, 2)]
  (1, 3) -> [(1, 2), (2, 3)]
  (1, 4) -> [(1, 5), (2, 4)]
  (1, 5) -> [(0, 5), (1, 4), (2, 5)]
  (1, 6) -> [(0, 6), (1, 7)]
  (1, 7) -> [(1, 6), (2, 7)]
  (2, 0) -> [(1, 0), (3, 0)]
  (2, 1) -> [(1, 1), (2, 2)]
  (2, 2) -> [(1, 2), (2, 1), (3, 2)]
  (2, 3) -> [(1, 3), (2, 4), (3, 3)]
  (2, 4) -> [(1, 4), (2, 3), (3, 4)]
  (2, 5) -> [(1, 5), (2, 6), (3, 5)]
  (2, 6) -> [(2, 5), (3, 6)]
  (2, 7) -> [(1, 7)]
  (3, 0) -> [(2, 0), (4, 0)]
  (3, 1) -> [(3, 2), (4, 1)]
  (3, 2) -> [(2, 2), (3, 1), (4, 2)]
  (3, 3) -> [(2, 3), (3, 4), (4, 3)]
  (3, 4) -> [(2, 4), (3, 3), (4, 4)]
  (3, 5) -> [(2, 5), (3, 6), (4, 5)]
  (3, 6) -> [(2, 6), (3, 5), (4, 6)]
  (4, 0) -> [(3, 0), (5, 0)]
  (4, 1) -> [(3, 1), (4, 2), (5, 1)]
  (4, 2) -> [(3, 2), (4, 1)]
  (4, 3) -> [(3, 3), (4, 4), (5, 3)]
  (4, 4) -> [(3, 4), (4, 3), (5, 4)]
  (4, 5) -> [(3, 5), (4, 6)]
  (4, 6) -> [(3, 6), (4, 5)]
  (5, 0) -> [(4, 0), (5, 1), (6, 0)]
  (5, 1) -> [(4, 1), (5, 0), (5, 2), (6, 1)]
  (5, 2) -> [(5, 1), (6, 2)]
  (5, 3) -> [(4, 3), (5, 4), (6, 3)]
  (5, 4) -> [(4, 4), (5, 3)]
  (5, 5) -> [(5, 6), (6, 5)]
  (5, 6) -> [(5, 5), (6, 6)]
  (6, 0) -> [(5, 0), (6, 1), (7, 0)]
  (6, 1) -> [(5, 1), (6, 0), (7, 1)]
  (6, 2) -> [(5, 2), (7, 2)]
  (6, 3) -> [(5, 3), (6, 4), (7, 3)]
  (6, 4) -> [(6, 3), (6, 5), (7, 4)]
  (6, 5) -> [(5, 5), (6, 4), (6, 6), (7, 5)]
  (6, 6) -> [(5, 6), (6, 5), (7, 6)]
  (7, 0) -> [(6, 0), (7, 1), (8, 0)]
  (7, 1) -> [(6, 1), (7, 0), (8, 1)]
  (7, 2) -> [(6, 2)]
  (7, 3) -> [(6, 3), (7, 4)]
  (7, 4) -> [(6, 4), (7, 3)]
  (7, 5) -> [(6, 5), (7, 6), (8, 5)]
  (7, 6) -> [(6, 6), (7, 5)]
  (8, 0) -> [(7, 0), (8, 1), (9, 0)]
  (8, 1) -> [(7, 1), (8, 0)]
  (8, 5) -> [(7, 5)]
  (9, 0) -> [(8, 0), (9, 1), (10, 0)]
  (9, 1) -> [(9, 0), (10, 1)]
  (10, 0) -> [(9, 0), (10, 1), (11, 0)]
  (10, 1) -> [(9, 1), (10, 0), (11, 1)]
  (10, 2) -> [(10, 3), (11, 2)]
  (10, 3) -> [(10, 2), (11, 3)]
  (11, 0) -> [(10, 0), (11, 1)]
  (11, 1) -> [(10, 1), (11, 0), (11, 2)]
  (11, 2) -> [(10, 2), (11, 1), (11, 3)]
  (11, 3) -> [(10, 3), (11, 2)]
parent_path: {}
exploration_queue: [(10, 3), (8, 5), (7, 6), (5, 6), (2, 7)]

2025-07-31 20:36:42,801 - DEBUG - 
=== VISUAL BOARD - STEP 67 - BFS-EXPLORATION ===
   0  1  2  3  4  5  6  7  8  9 10 11
11 .  .  .  .  .  .  .  .  .  .  .  .   11
10 .  .  .  .  .  .  .  .  .  .  .  .   10
 9 .  .  .  .  .  .  .  .  .  .  .  .    9
 8 .  .  .  .  .  .  .  .  .  .  .  .    8
 7 V  V  V  .  .  .  .  .  .  .  .  .    7
 6 V  V  V  V  V  V  V  V  .  .  .  .    6
 5 V  V  V  V  V  V  V  V  V  .  .  .    5
 4 V  V  V  V  V  V  V  V  .  .  .  .    4
 3 V  V  V  V  V  V  V  V  .  .  V  V    3
 2 R  V  V  V  V  V  V  V  .  .  V  V    2
 1 V  V  V  V  V  V  V  V  V  V  V  V    1
 0 V  V  V  V  V  V  V  V  V  V  V  V    0
   0  1  2  3  4  5  6  7  8  9 10 11
Legend: R=Robot, V=Visited, P=Path, .=Unvisited

2025-07-31 20:36:42,801 - INFO - BFS Exploration Step 68: Exploring (10, 3)
2025-07-31 20:36:42,801 - DEBUG - Moving up from (0, 2) to (0, 3)
2025-07-31 20:36:42,874 - DEBUG - Moving up from (0, 3) to (0, 4)
2025-07-31 20:36:42,946 - DEBUG - Moving up from (0, 4) to (0, 5)
2025-07-31 20:36:43,021 - DEBUG - Moving right from (0, 5) to (1, 5)
2025-07-31 20:36:43,122 - DEBUG - Moving down from (1, 5) to (1, 4)
2025-07-31 20:36:43,182 - DEBUG - Moving right from (1, 4) to (2, 4)
2025-07-31 20:36:43,272 - DEBUG - Moving down from (2, 4) to (2, 3)
2025-07-31 20:36:43,350 - DEBUG - Moving left from (2, 3) to (1, 3)
2025-07-31 20:36:43,448 - DEBUG - Moving down from (1, 3) to (1, 2)
2025-07-31 20:36:43,518 - DEBUG - Moving right from (1, 2) to (2, 2)
2025-07-31 20:36:43,617 - DEBUG - Moving right from (2, 2) to (3, 2)
2025-07-31 20:36:43,719 - DEBUG - Moving down from (3, 2) to (3, 1)
2025-07-31 20:36:43,790 - DEBUG - Moving right from (3, 1) to (4, 1)
2025-07-31 20:36:43,892 - DEBUG - Moving right from (4, 1) to (5, 1)
2025-07-31 20:36:43,999 - DEBUG - Moving right from (5, 1) to (6, 1)
2025-07-31 20:36:44,097 - DEBUG - Moving right from (6, 1) to (7, 1)
2025-07-31 20:36:44,199 - DEBUG - Moving down from (7, 1) to (7, 0)
2025-07-31 20:36:44,265 - DEBUG - Moving right from (7, 0) to (8, 0)
2025-07-31 20:36:44,358 - DEBUG - Moving right from (8, 0) to (9, 0)
2025-07-31 20:36:44,459 - DEBUG - Moving up from (9, 0) to (9, 1)
2025-07-31 20:36:44,534 - DEBUG - Moving right from (9, 1) to (10, 1)
2025-07-31 20:36:44,631 - DEBUG - Moving right from (10, 1) to (11, 1)
2025-07-31 20:36:44,734 - DEBUG - Moving up from (11, 1) to (11, 2)
2025-07-31 20:36:44,813 - DEBUG - Moving up from (11, 2) to (11, 3)
2025-07-31 20:36:44,888 - DEBUG - Moving left from (11, 3) to (10, 3)
2025-07-31 20:36:44,986 - DEBUG - Sensor readings: {'front': 344.67427908201523, 'right': 1313.6429874779185, 'back': 1306.5841462766039, 'left': 363.03697631119513}
2025-07-31 20:36:44,986 - DEBUG - Wall detected up to (10, 4)
2025-07-31 20:36:44,986 - DEBUG - Wall detected left to (9, 3)
2025-07-31 20:36:44,986 - DEBUG - Added 0 new neighbors. Queue size: 4
2025-07-31 20:36:44,986 - DEBUG - 
=== STEP 68 DATA STRUCTURES ===
Current Cell: (10, 3)
explored_cells: [(0, 0), (0, 1), (0, 2), (0, 3), (0, 4), (0, 5), (0, 6), (0, 7), (1, 0), (1, 1), (1, 2), (1, 3), (1, 4), (1, 5), (1, 6), (1, 7), (2, 0), (2, 1), (2, 2), (2, 3), (2, 4), (2, 5), (2, 6), (2, 7), (3, 0), (3, 1), (3, 2), (3, 3), (3, 4), (3, 5), (3, 6), (4, 0), (4, 1), (4, 2), (4, 3), (4, 4), (4, 5), (4, 6), (5, 0), (5, 1), (5, 2), (5, 3), (5, 4), (5, 5), (5, 6), (6, 0), (6, 1), (6, 2), (6, 3), (6, 4), (6, 5), (6, 6), (7, 0), (7, 1), (7, 2), (7, 3), (7, 4), (7, 5), (7, 6), (8, 0), (8, 1), (8, 5), (9, 0), (9, 1), (10, 0), (10, 1), (10, 2), (10, 3), (11, 0), (11, 1), (11, 2), (11, 3)]
accessible_from:
  (0, 0) -> [(0, 1), (1, 0)]
  (0, 1) -> [(0, 0), (1, 1)]
  (0, 2) -> [(0, 3)]
  (0, 3) -> [(0, 2), (0, 4)]
  (0, 4) -> [(0, 3), (0, 5)]
  (0, 5) -> [(0, 4), (0, 6), (1, 5)]
  (0, 6) -> [(0, 5), (0, 7), (1, 6)]
  (0, 7) -> [(0, 6)]
  (1, 0) -> [(0, 0), (1, 1), (2, 0)]
  (1, 1) -> [(0, 1), (1, 0), (2, 1)]
  (1, 2) -> [(1, 3), (2, 2)]
  (1, 3) -> [(1, 2), (2, 3)]
  (1, 4) -> [(1, 5), (2, 4)]
  (1, 5) -> [(0, 5), (1, 4), (2, 5)]
  (1, 6) -> [(0, 6), (1, 7)]
  (1, 7) -> [(1, 6), (2, 7)]
  (2, 0) -> [(1, 0), (3, 0)]
  (2, 1) -> [(1, 1), (2, 2)]
  (2, 2) -> [(1, 2), (2, 1), (3, 2)]
  (2, 3) -> [(1, 3), (2, 4), (3, 3)]
  (2, 4) -> [(1, 4), (2, 3), (3, 4)]
  (2, 5) -> [(1, 5), (2, 6), (3, 5)]
  (2, 6) -> [(2, 5), (3, 6)]
  (2, 7) -> [(1, 7)]
  (3, 0) -> [(2, 0), (4, 0)]
  (3, 1) -> [(3, 2), (4, 1)]
  (3, 2) -> [(2, 2), (3, 1), (4, 2)]
  (3, 3) -> [(2, 3), (3, 4), (4, 3)]
  (3, 4) -> [(2, 4), (3, 3), (4, 4)]
  (3, 5) -> [(2, 5), (3, 6), (4, 5)]
  (3, 6) -> [(2, 6), (3, 5), (4, 6)]
  (4, 0) -> [(3, 0), (5, 0)]
  (4, 1) -> [(3, 1), (4, 2), (5, 1)]
  (4, 2) -> [(3, 2), (4, 1)]
  (4, 3) -> [(3, 3), (4, 4), (5, 3)]
  (4, 4) -> [(3, 4), (4, 3), (5, 4)]
  (4, 5) -> [(3, 5), (4, 6)]
  (4, 6) -> [(3, 6), (4, 5)]
  (5, 0) -> [(4, 0), (5, 1), (6, 0)]
  (5, 1) -> [(4, 1), (5, 0), (5, 2), (6, 1)]
  (5, 2) -> [(5, 1), (6, 2)]
  (5, 3) -> [(4, 3), (5, 4), (6, 3)]
  (5, 4) -> [(4, 4), (5, 3)]
  (5, 5) -> [(5, 6), (6, 5)]
  (5, 6) -> [(5, 5), (6, 6)]
  (6, 0) -> [(5, 0), (6, 1), (7, 0)]
  (6, 1) -> [(5, 1), (6, 0), (7, 1)]
  (6, 2) -> [(5, 2), (7, 2)]
  (6, 3) -> [(5, 3), (6, 4), (7, 3)]
  (6, 4) -> [(6, 3), (6, 5), (7, 4)]
  (6, 5) -> [(5, 5), (6, 4), (6, 6), (7, 5)]
  (6, 6) -> [(5, 6), (6, 5), (7, 6)]
  (7, 0) -> [(6, 0), (7, 1), (8, 0)]
  (7, 1) -> [(6, 1), (7, 0), (8, 1)]
  (7, 2) -> [(6, 2)]
  (7, 3) -> [(6, 3), (7, 4)]
  (7, 4) -> [(6, 4), (7, 3)]
  (7, 5) -> [(6, 5), (7, 6), (8, 5)]
  (7, 6) -> [(6, 6), (7, 5)]
  (8, 0) -> [(7, 0), (8, 1), (9, 0)]
  (8, 1) -> [(7, 1), (8, 0)]
  (8, 5) -> [(7, 5)]
  (9, 0) -> [(8, 0), (9, 1), (10, 0)]
  (9, 1) -> [(9, 0), (10, 1)]
  (10, 0) -> [(9, 0), (10, 1), (11, 0)]
  (10, 1) -> [(9, 1), (10, 0), (11, 1)]
  (10, 2) -> [(10, 3), (11, 2)]
  (10, 3) -> [(10, 2), (11, 3)]
  (11, 0) -> [(10, 0), (11, 1)]
  (11, 1) -> [(10, 1), (11, 0), (11, 2)]
  (11, 2) -> [(10, 2), (11, 1), (11, 3)]
  (11, 3) -> [(10, 3), (11, 2)]
parent_path: {}
exploration_queue: [(8, 5), (7, 6), (5, 6), (2, 7)]

2025-07-31 20:36:44,986 - DEBUG - 
=== VISUAL BOARD - STEP 68 - BFS-EXPLORATION ===
   0  1  2  3  4  5  6  7  8  9 10 11
11 .  .  .  .  .  .  .  .  .  .  .  .   11
10 .  .  .  .  .  .  .  .  .  .  .  .   10
 9 .  .  .  .  .  .  .  .  .  .  .  .    9
 8 .  .  .  .  .  .  .  .  .  .  .  .    8
 7 V  V  V  .  .  .  .  .  .  .  .  .    7
 6 V  V  V  V  V  V  V  V  .  .  .  .    6
 5 V  V  V  V  V  V  V  V  V  .  .  .    5
 4 V  V  V  V  V  V  V  V  .  .  .  .    4
 3 V  V  V  V  V  V  V  V  .  .  R  V    3
 2 V  V  V  V  V  V  V  V  .  .  V  V    2
 1 V  V  V  V  V  V  V  V  V  V  V  V    1
 0 V  V  V  V  V  V  V  V  V  V  V  V    0
   0  1  2  3  4  5  6  7  8  9 10 11
Legend: R=Robot, V=Visited, P=Path, .=Unvisited

2025-07-31 20:36:44,986 - INFO - BFS Exploration Step 69: Exploring (8, 5)
2025-07-31 20:36:44,987 - DEBUG - Moving right from (10, 3) to (11, 3)
2025-07-31 20:36:45,077 - DEBUG - Moving down from (11, 3) to (11, 2)
2025-07-31 20:36:45,156 - DEBUG - Moving down from (11, 2) to (11, 1)
2025-07-31 20:36:45,232 - DEBUG - Moving left from (11, 1) to (10, 1)
2025-07-31 20:36:45,337 - DEBUG - Moving left from (10, 1) to (9, 1)
2025-07-31 20:36:45,443 - DEBUG - Moving down from (9, 1) to (9, 0)
2025-07-31 20:36:45,517 - DEBUG - Moving left from (9, 0) to (8, 0)
2025-07-31 20:36:45,619 - DEBUG - Moving left from (8, 0) to (7, 0)
2025-07-31 20:36:45,724 - DEBUG - Moving up from (7, 0) to (7, 1)
2025-07-31 20:36:45,792 - DEBUG - Moving left from (7, 1) to (6, 1)
2025-07-31 20:36:45,881 - DEBUG - Moving left from (6, 1) to (5, 1)
2025-07-31 20:36:45,982 - DEBUG - Moving left from (5, 1) to (4, 1)
2025-07-31 20:36:46,082 - DEBUG - Moving left from (4, 1) to (3, 1)
2025-07-31 20:36:46,179 - DEBUG - Moving up from (3, 1) to (3, 2)
2025-07-31 20:36:46,248 - DEBUG - Moving left from (3, 2) to (2, 2)
2025-07-31 20:36:46,350 - DEBUG - Moving left from (2, 2) to (1, 2)
2025-07-31 20:36:46,452 - DEBUG - Moving up from (1, 2) to (1, 3)
2025-07-31 20:36:46,527 - DEBUG - Moving right from (1, 3) to (2, 3)
2025-07-31 20:36:46,632 - DEBUG - Moving right from (2, 3) to (3, 3)
2025-07-31 20:36:46,732 - DEBUG - Moving right from (3, 3) to (4, 3)
2025-07-31 20:36:46,832 - DEBUG - Moving right from (4, 3) to (5, 3)
2025-07-31 20:36:46,942 - DEBUG - Moving right from (5, 3) to (6, 3)
2025-07-31 20:36:47,043 - DEBUG - Moving up from (6, 3) to (6, 4)
2025-07-31 20:36:47,115 - DEBUG - Moving up from (6, 4) to (6, 5)
2025-07-31 20:36:47,197 - DEBUG - Moving right from (6, 5) to (7, 5)
2025-07-31 20:36:47,295 - DEBUG - Moving right from (7, 5) to (8, 5)
2025-07-31 20:36:47,391 - DEBUG - Sensor readings: {'front': 299.2208526554831, 'right': 2000.0, 'back': 349.3306103268538, 'left': 2000.0}
2025-07-31 20:36:47,391 - DEBUG - Added neighbor right: (9, 5)
2025-07-31 20:36:47,391 - DEBUG - Wall detected up to (8, 6)
2025-07-31 20:36:47,391 - DEBUG - Wall detected down to (8, 4)
2025-07-31 20:36:47,391 - DEBUG - Added 1 new neighbors. Queue size: 4
2025-07-31 20:36:47,391 - DEBUG - 
=== STEP 69 DATA STRUCTURES ===
Current Cell: (8, 5)
explored_cells: [(0, 0), (0, 1), (0, 2), (0, 3), (0, 4), (0, 5), (0, 6), (0, 7), (1, 0), (1, 1), (1, 2), (1, 3), (1, 4), (1, 5), (1, 6), (1, 7), (2, 0), (2, 1), (2, 2), (2, 3), (2, 4), (2, 5), (2, 6), (2, 7), (3, 0), (3, 1), (3, 2), (3, 3), (3, 4), (3, 5), (3, 6), (4, 0), (4, 1), (4, 2), (4, 3), (4, 4), (4, 5), (4, 6), (5, 0), (5, 1), (5, 2), (5, 3), (5, 4), (5, 5), (5, 6), (6, 0), (6, 1), (6, 2), (6, 3), (6, 4), (6, 5), (6, 6), (7, 0), (7, 1), (7, 2), (7, 3), (7, 4), (7, 5), (7, 6), (8, 0), (8, 1), (8, 5), (9, 0), (9, 1), (9, 5), (10, 0), (10, 1), (10, 2), (10, 3), (11, 0), (11, 1), (11, 2), (11, 3)]
accessible_from:
  (0, 0) -> [(0, 1), (1, 0)]
  (0, 1) -> [(0, 0), (1, 1)]
  (0, 2) -> [(0, 3)]
  (0, 3) -> [(0, 2), (0, 4)]
  (0, 4) -> [(0, 3), (0, 5)]
  (0, 5) -> [(0, 4), (0, 6), (1, 5)]
  (0, 6) -> [(0, 5), (0, 7), (1, 6)]
  (0, 7) -> [(0, 6)]
  (1, 0) -> [(0, 0), (1, 1), (2, 0)]
  (1, 1) -> [(0, 1), (1, 0), (2, 1)]
  (1, 2) -> [(1, 3), (2, 2)]
  (1, 3) -> [(1, 2), (2, 3)]
  (1, 4) -> [(1, 5), (2, 4)]
  (1, 5) -> [(0, 5), (1, 4), (2, 5)]
  (1, 6) -> [(0, 6), (1, 7)]
  (1, 7) -> [(1, 6), (2, 7)]
  (2, 0) -> [(1, 0), (3, 0)]
  (2, 1) -> [(1, 1), (2, 2)]
  (2, 2) -> [(1, 2), (2, 1), (3, 2)]
  (2, 3) -> [(1, 3), (2, 4), (3, 3)]
  (2, 4) -> [(1, 4), (2, 3), (3, 4)]
  (2, 5) -> [(1, 5), (2, 6), (3, 5)]
  (2, 6) -> [(2, 5), (3, 6)]
  (2, 7) -> [(1, 7)]
  (3, 0) -> [(2, 0), (4, 0)]
  (3, 1) -> [(3, 2), (4, 1)]
  (3, 2) -> [(2, 2), (3, 1), (4, 2)]
  (3, 3) -> [(2, 3), (3, 4), (4, 3)]
  (3, 4) -> [(2, 4), (3, 3), (4, 4)]
  (3, 5) -> [(2, 5), (3, 6), (4, 5)]
  (3, 6) -> [(2, 6), (3, 5), (4, 6)]
  (4, 0) -> [(3, 0), (5, 0)]
  (4, 1) -> [(3, 1), (4, 2), (5, 1)]
  (4, 2) -> [(3, 2), (4, 1)]
  (4, 3) -> [(3, 3), (4, 4), (5, 3)]
  (4, 4) -> [(3, 4), (4, 3), (5, 4)]
  (4, 5) -> [(3, 5), (4, 6)]
  (4, 6) -> [(3, 6), (4, 5)]
  (5, 0) -> [(4, 0), (5, 1), (6, 0)]
  (5, 1) -> [(4, 1), (5, 0), (5, 2), (6, 1)]
  (5, 2) -> [(5, 1), (6, 2)]
  (5, 3) -> [(4, 3), (5, 4), (6, 3)]
  (5, 4) -> [(4, 4), (5, 3)]
  (5, 5) -> [(5, 6), (6, 5)]
  (5, 6) -> [(5, 5), (6, 6)]
  (6, 0) -> [(5, 0), (6, 1), (7, 0)]
  (6, 1) -> [(5, 1), (6, 0), (7, 1)]
  (6, 2) -> [(5, 2), (7, 2)]
  (6, 3) -> [(5, 3), (6, 4), (7, 3)]
  (6, 4) -> [(6, 3), (6, 5), (7, 4)]
  (6, 5) -> [(5, 5), (6, 4), (6, 6), (7, 5)]
  (6, 6) -> [(5, 6), (6, 5), (7, 6)]
  (7, 0) -> [(6, 0), (7, 1), (8, 0)]
  (7, 1) -> [(6, 1), (7, 0), (8, 1)]
  (7, 2) -> [(6, 2)]
  (7, 3) -> [(6, 3), (7, 4)]
  (7, 4) -> [(6, 4), (7, 3)]
  (7, 5) -> [(6, 5), (7, 6), (8, 5)]
  (7, 6) -> [(6, 6), (7, 5)]
  (8, 0) -> [(7, 0), (8, 1), (9, 0)]
  (8, 1) -> [(7, 1), (8, 0)]
  (8, 5) -> [(7, 5), (9, 5)]
  (9, 0) -> [(8, 0), (9, 1), (10, 0)]
  (9, 1) -> [(9, 0), (10, 1)]
  (9, 5) -> [(8, 5)]
  (10, 0) -> [(9, 0), (10, 1), (11, 0)]
  (10, 1) -> [(9, 1), (10, 0), (11, 1)]
  (10, 2) -> [(10, 3), (11, 2)]
  (10, 3) -> [(10, 2), (11, 3)]
  (11, 0) -> [(10, 0), (11, 1)]
  (11, 1) -> [(10, 1), (11, 0), (11, 2)]
  (11, 2) -> [(10, 2), (11, 1), (11, 3)]
  (11, 3) -> [(10, 3), (11, 2)]
parent_path: {}
exploration_queue: [(7, 6), (5, 6), (2, 7), (9, 5)]

2025-07-31 20:36:47,391 - DEBUG - 
=== VISUAL BOARD - STEP 69 - BFS-EXPLORATION ===
   0  1  2  3  4  5  6  7  8  9 10 11
11 .  .  .  .  .  .  .  .  .  .  .  .   11
10 .  .  .  .  .  .  .  .  .  .  .  .   10
 9 .  .  .  .  .  .  .  .  .  .  .  .    9
 8 .  .  .  .  .  .  .  .  .  .  .  .    8
 7 V  V  V  .  .  .  .  .  .  .  .  .    7
 6 V  V  V  V  V  V  V  V  .  .  .  .    6
 5 V  V  V  V  V  V  V  V  R  V  .  .    5
 4 V  V  V  V  V  V  V  V  .  .  .  .    4
 3 V  V  V  V  V  V  V  V  .  .  V  V    3
 2 V  V  V  V  V  V  V  V  .  .  V  V    2
 1 V  V  V  V  V  V  V  V  V  V  V  V    1
 0 V  V  V  V  V  V  V  V  V  V  V  V    0
   0  1  2  3  4  5  6  7  8  9 10 11
Legend: R=Robot, V=Visited, P=Path, .=Unvisited

2025-07-31 20:36:47,391 - INFO - BFS Exploration Step 70: Exploring (7, 6)
2025-07-31 20:36:47,391 - DEBUG - Moving left from (8, 5) to (7, 5)
2025-07-31 20:36:47,483 - DEBUG - Moving up from (7, 5) to (7, 6)
2025-07-31 20:36:47,563 - DEBUG - Sensor readings: {'front': 2000.0, 'right': 1386.6215074640347, 'back': 1318.8490269293175, 'left': 2000.0}
2025-07-31 20:36:47,563 - DEBUG - Added neighbor right: (8, 6)
2025-07-31 20:36:47,563 - DEBUG - Added neighbor up: (7, 7)
2025-07-31 20:36:47,563 - DEBUG - Added 2 new neighbors. Queue size: 5
2025-07-31 20:36:47,563 - DEBUG - 
=== STEP 70 DATA STRUCTURES ===
Current Cell: (7, 6)
explored_cells: [(0, 0), (0, 1), (0, 2), (0, 3), (0, 4), (0, 5), (0, 6), (0, 7), (1, 0), (1, 1), (1, 2), (1, 3), (1, 4), (1, 5), (1, 6), (1, 7), (2, 0), (2, 1), (2, 2), (2, 3), (2, 4), (2, 5), (2, 6), (2, 7), (3, 0), (3, 1), (3, 2), (3, 3), (3, 4), (3, 5), (3, 6), (4, 0), (4, 1), (4, 2), (4, 3), (4, 4), (4, 5), (4, 6), (5, 0), (5, 1), (5, 2), (5, 3), (5, 4), (5, 5), (5, 6), (6, 0), (6, 1), (6, 2), (6, 3), (6, 4), (6, 5), (6, 6), (7, 0), (7, 1), (7, 2), (7, 3), (7, 4), (7, 5), (7, 6), (7, 7), (8, 0), (8, 1), (8, 5), (8, 6), (9, 0), (9, 1), (9, 5), (10, 0), (10, 1), (10, 2), (10, 3), (11, 0), (11, 1), (11, 2), (11, 3)]
accessible_from:
  (0, 0) -> [(0, 1), (1, 0)]
  (0, 1) -> [(0, 0), (1, 1)]
  (0, 2) -> [(0, 3)]
  (0, 3) -> [(0, 2), (0, 4)]
  (0, 4) -> [(0, 3), (0, 5)]
  (0, 5) -> [(0, 4), (0, 6), (1, 5)]
  (0, 6) -> [(0, 5), (0, 7), (1, 6)]
  (0, 7) -> [(0, 6)]
  (1, 0) -> [(0, 0), (1, 1), (2, 0)]
  (1, 1) -> [(0, 1), (1, 0), (2, 1)]
  (1, 2) -> [(1, 3), (2, 2)]
  (1, 3) -> [(1, 2), (2, 3)]
  (1, 4) -> [(1, 5), (2, 4)]
  (1, 5) -> [(0, 5), (1, 4), (2, 5)]
  (1, 6) -> [(0, 6), (1, 7)]
  (1, 7) -> [(1, 6), (2, 7)]
  (2, 0) -> [(1, 0), (3, 0)]
  (2, 1) -> [(1, 1), (2, 2)]
  (2, 2) -> [(1, 2), (2, 1), (3, 2)]
  (2, 3) -> [(1, 3), (2, 4), (3, 3)]
  (2, 4) -> [(1, 4), (2, 3), (3, 4)]
  (2, 5) -> [(1, 5), (2, 6), (3, 5)]
  (2, 6) -> [(2, 5), (3, 6)]
  (2, 7) -> [(1, 7)]
  (3, 0) -> [(2, 0), (4, 0)]
  (3, 1) -> [(3, 2), (4, 1)]
  (3, 2) -> [(2, 2), (3, 1), (4, 2)]
  (3, 3) -> [(2, 3), (3, 4), (4, 3)]
  (3, 4) -> [(2, 4), (3, 3), (4, 4)]
  (3, 5) -> [(2, 5), (3, 6), (4, 5)]
  (3, 6) -> [(2, 6), (3, 5), (4, 6)]
  (4, 0) -> [(3, 0), (5, 0)]
  (4, 1) -> [(3, 1), (4, 2), (5, 1)]
  (4, 2) -> [(3, 2), (4, 1)]
  (4, 3) -> [(3, 3), (4, 4), (5, 3)]
  (4, 4) -> [(3, 4), (4, 3), (5, 4)]
  (4, 5) -> [(3, 5), (4, 6)]
  (4, 6) -> [(3, 6), (4, 5)]
  (5, 0) -> [(4, 0), (5, 1), (6, 0)]
  (5, 1) -> [(4, 1), (5, 0), (5, 2), (6, 1)]
  (5, 2) -> [(5, 1), (6, 2)]
  (5, 3) -> [(4, 3), (5, 4), (6, 3)]
  (5, 4) -> [(4, 4), (5, 3)]
  (5, 5) -> [(5, 6), (6, 5)]
  (5, 6) -> [(5, 5), (6, 6)]
  (6, 0) -> [(5, 0), (6, 1), (7, 0)]
  (6, 1) -> [(5, 1), (6, 0), (7, 1)]
  (6, 2) -> [(5, 2), (7, 2)]
  (6, 3) -> [(5, 3), (6, 4), (7, 3)]
  (6, 4) -> [(6, 3), (6, 5), (7, 4)]
  (6, 5) -> [(5, 5), (6, 4), (6, 6), (7, 5)]
  (6, 6) -> [(5, 6), (6, 5), (7, 6)]
  (7, 0) -> [(6, 0), (7, 1), (8, 0)]
  (7, 1) -> [(6, 1), (7, 0), (8, 1)]
  (7, 2) -> [(6, 2)]
  (7, 3) -> [(6, 3), (7, 4)]
  (7, 4) -> [(6, 4), (7, 3)]
  (7, 5) -> [(6, 5), (7, 6), (8, 5)]
  (7, 6) -> [(6, 6), (7, 5), (7, 7), (8, 6)]
  (7, 7) -> [(7, 6)]
  (8, 0) -> [(7, 0), (8, 1), (9, 0)]
  (8, 1) -> [(7, 1), (8, 0)]
  (8, 5) -> [(7, 5), (9, 5)]
  (8, 6) -> [(7, 6)]
  (9, 0) -> [(8, 0), (9, 1), (10, 0)]
  (9, 1) -> [(9, 0), (10, 1)]
  (9, 5) -> [(8, 5)]
  (10, 0) -> [(9, 0), (10, 1), (11, 0)]
  (10, 1) -> [(9, 1), (10, 0), (11, 1)]
  (10, 2) -> [(10, 3), (11, 2)]
  (10, 3) -> [(10, 2), (11, 3)]
  (11, 0) -> [(10, 0), (11, 1)]
  (11, 1) -> [(10, 1), (11, 0), (11, 2)]
  (11, 2) -> [(10, 2), (11, 1), (11, 3)]
  (11, 3) -> [(10, 3), (11, 2)]
parent_path: {}
exploration_queue: [(5, 6), (2, 7), (9, 5), (8, 6), (7, 7)]

2025-07-31 20:36:47,563 - DEBUG - 
=== VISUAL BOARD - STEP 70 - BFS-EXPLORATION ===
   0  1  2  3  4  5  6  7  8  9 10 11
11 .  .  .  .  .  .  .  .  .  .  .  .   11
10 .  .  .  .  .  .  .  .  .  .  .  .   10
 9 .  .  .  .  .  .  .  .  .  .  .  .    9
 8 .  .  .  .  .  .  .  .  .  .  .  .    8
 7 V  V  V  .  .  .  .  V  .  .  .  .    7
 6 V  V  V  V  V  V  V  R  V  .  .  .    6
 5 V  V  V  V  V  V  V  V  V  V  .  .    5
 4 V  V  V  V  V  V  V  V  .  .  .  .    4
 3 V  V  V  V  V  V  V  V  .  .  V  V    3
 2 V  V  V  V  V  V  V  V  .  .  V  V    2
 1 V  V  V  V  V  V  V  V  V  V  V  V    1
 0 V  V  V  V  V  V  V  V  V  V  V  V    0
   0  1  2  3  4  5  6  7  8  9 10 11
Legend: R=Robot, V=Visited, P=Path, .=Unvisited

2025-07-31 20:36:47,563 - INFO - BFS Exploration Step 71: Exploring (5, 6)
2025-07-31 20:36:47,563 - DEBUG - Moving left from (7, 6) to (6, 6)
2025-07-31 20:36:47,656 - DEBUG - Moving left from (6, 6) to (5, 6)
2025-07-31 20:36:47,757 - DEBUG - Sensor readings: {'front': 354.71365099182805, 'right': 2000.0, 'back': 1314.8322317826567, 'left': 367.0748120922178}
2025-07-31 20:36:47,757 - DEBUG - Wall detected up to (5, 7)
2025-07-31 20:36:47,757 - DEBUG - Wall detected left to (4, 6)
2025-07-31 20:36:47,757 - DEBUG - Added 0 new neighbors. Queue size: 4
2025-07-31 20:36:47,757 - DEBUG - 
=== STEP 71 DATA STRUCTURES ===
Current Cell: (5, 6)
explored_cells: [(0, 0), (0, 1), (0, 2), (0, 3), (0, 4), (0, 5), (0, 6), (0, 7), (1, 0), (1, 1), (1, 2), (1, 3), (1, 4), (1, 5), (1, 6), (1, 7), (2, 0), (2, 1), (2, 2), (2, 3), (2, 4), (2, 5), (2, 6), (2, 7), (3, 0), (3, 1), (3, 2), (3, 3), (3, 4), (3, 5), (3, 6), (4, 0), (4, 1), (4, 2), (4, 3), (4, 4), (4, 5), (4, 6), (5, 0), (5, 1), (5, 2), (5, 3), (5, 4), (5, 5), (5, 6), (6, 0), (6, 1), (6, 2), (6, 3), (6, 4), (6, 5), (6, 6), (7, 0), (7, 1), (7, 2), (7, 3), (7, 4), (7, 5), (7, 6), (7, 7), (8, 0), (8, 1), (8, 5), (8, 6), (9, 0), (9, 1), (9, 5), (10, 0), (10, 1), (10, 2), (10, 3), (11, 0), (11, 1), (11, 2), (11, 3)]
accessible_from:
  (0, 0) -> [(0, 1), (1, 0)]
  (0, 1) -> [(0, 0), (1, 1)]
  (0, 2) -> [(0, 3)]
  (0, 3) -> [(0, 2), (0, 4)]
  (0, 4) -> [(0, 3), (0, 5)]
  (0, 5) -> [(0, 4), (0, 6), (1, 5)]
  (0, 6) -> [(0, 5), (0, 7), (1, 6)]
  (0, 7) -> [(0, 6)]
  (1, 0) -> [(0, 0), (1, 1), (2, 0)]
  (1, 1) -> [(0, 1), (1, 0), (2, 1)]
  (1, 2) -> [(1, 3), (2, 2)]
  (1, 3) -> [(1, 2), (2, 3)]
  (1, 4) -> [(1, 5), (2, 4)]
  (1, 5) -> [(0, 5), (1, 4), (2, 5)]
  (1, 6) -> [(0, 6), (1, 7)]
  (1, 7) -> [(1, 6), (2, 7)]
  (2, 0) -> [(1, 0), (3, 0)]
  (2, 1) -> [(1, 1), (2, 2)]
  (2, 2) -> [(1, 2), (2, 1), (3, 2)]
  (2, 3) -> [(1, 3), (2, 4), (3, 3)]
  (2, 4) -> [(1, 4), (2, 3), (3, 4)]
  (2, 5) -> [(1, 5), (2, 6), (3, 5)]
  (2, 6) -> [(2, 5), (3, 6)]
  (2, 7) -> [(1, 7)]
  (3, 0) -> [(2, 0), (4, 0)]
  (3, 1) -> [(3, 2), (4, 1)]
  (3, 2) -> [(2, 2), (3, 1), (4, 2)]
  (3, 3) -> [(2, 3), (3, 4), (4, 3)]
  (3, 4) -> [(2, 4), (3, 3), (4, 4)]
  (3, 5) -> [(2, 5), (3, 6), (4, 5)]
  (3, 6) -> [(2, 6), (3, 5), (4, 6)]
  (4, 0) -> [(3, 0), (5, 0)]
  (4, 1) -> [(3, 1), (4, 2), (5, 1)]
  (4, 2) -> [(3, 2), (4, 1)]
  (4, 3) -> [(3, 3), (4, 4), (5, 3)]
  (4, 4) -> [(3, 4), (4, 3), (5, 4)]
  (4, 5) -> [(3, 5), (4, 6)]
  (4, 6) -> [(3, 6), (4, 5)]
  (5, 0) -> [(4, 0), (5, 1), (6, 0)]
  (5, 1) -> [(4, 1), (5, 0), (5, 2), (6, 1)]
  (5, 2) -> [(5, 1), (6, 2)]
  (5, 3) -> [(4, 3), (5, 4), (6, 3)]
  (5, 4) -> [(4, 4), (5, 3)]
  (5, 5) -> [(5, 6), (6, 5)]
  (5, 6) -> [(5, 5), (6, 6)]
  (6, 0) -> [(5, 0), (6, 1), (7, 0)]
  (6, 1) -> [(5, 1), (6, 0), (7, 1)]
  (6, 2) -> [(5, 2), (7, 2)]
  (6, 3) -> [(5, 3), (6, 4), (7, 3)]
  (6, 4) -> [(6, 3), (6, 5), (7, 4)]
  (6, 5) -> [(5, 5), (6, 4), (6, 6), (7, 5)]
  (6, 6) -> [(5, 6), (6, 5), (7, 6)]
  (7, 0) -> [(6, 0), (7, 1), (8, 0)]
  (7, 1) -> [(6, 1), (7, 0), (8, 1)]
  (7, 2) -> [(6, 2)]
  (7, 3) -> [(6, 3), (7, 4)]
  (7, 4) -> [(6, 4), (7, 3)]
  (7, 5) -> [(6, 5), (7, 6), (8, 5)]
  (7, 6) -> [(6, 6), (7, 5), (7, 7), (8, 6)]
  (7, 7) -> [(7, 6)]
  (8, 0) -> [(7, 0), (8, 1), (9, 0)]
  (8, 1) -> [(7, 1), (8, 0)]
  (8, 5) -> [(7, 5), (9, 5)]
  (8, 6) -> [(7, 6)]
  (9, 0) -> [(8, 0), (9, 1), (10, 0)]
  (9, 1) -> [(9, 0), (10, 1)]
  (9, 5) -> [(8, 5)]
  (10, 0) -> [(9, 0), (10, 1), (11, 0)]
  (10, 1) -> [(9, 1), (10, 0), (11, 1)]
  (10, 2) -> [(10, 3), (11, 2)]
  (10, 3) -> [(10, 2), (11, 3)]
  (11, 0) -> [(10, 0), (11, 1)]
  (11, 1) -> [(10, 1), (11, 0), (11, 2)]
  (11, 2) -> [(10, 2), (11, 1), (11, 3)]
  (11, 3) -> [(10, 3), (11, 2)]
parent_path: {}
exploration_queue: [(2, 7), (9, 5), (8, 6), (7, 7)]

2025-07-31 20:36:47,757 - DEBUG - 
=== VISUAL BOARD - STEP 71 - BFS-EXPLORATION ===
   0  1  2  3  4  5  6  7  8  9 10 11
11 .  .  .  .  .  .  .  .  .  .  .  .   11
10 .  .  .  .  .  .  .  .  .  .  .  .   10
 9 .  .  .  .  .  .  .  .  .  .  .  .    9
 8 .  .  .  .  .  .  .  .  .  .  .  .    8
 7 V  V  V  .  .  .  .  V  .  .  .  .    7
 6 V  V  V  V  V  R  V  V  V  .  .  .    6
 5 V  V  V  V  V  V  V  V  V  V  .  .    5
 4 V  V  V  V  V  V  V  V  .  .  .  .    4
 3 V  V  V  V  V  V  V  V  .  .  V  V    3
 2 V  V  V  V  V  V  V  V  .  .  V  V    2
 1 V  V  V  V  V  V  V  V  V  V  V  V    1
 0 V  V  V  V  V  V  V  V  V  V  V  V    0
   0  1  2  3  4  5  6  7  8  9 10 11
Legend: R=Robot, V=Visited, P=Path, .=Unvisited

2025-07-31 20:36:47,757 - INFO - BFS Exploration Step 72: Exploring (2, 7)
2025-07-31 20:36:47,757 - DEBUG - Moving right from (5, 6) to (6, 6)
2025-07-31 20:36:47,859 - DEBUG - Moving down from (6, 6) to (6, 5)
2025-07-31 20:36:47,931 - DEBUG - Moving down from (6, 5) to (6, 4)
2025-07-31 20:36:48,006 - DEBUG - Moving down from (6, 4) to (6, 3)
2025-07-31 20:36:48,099 - DEBUG - Moving left from (6, 3) to (5, 3)
2025-07-31 20:36:48,196 - DEBUG - Moving up from (5, 3) to (5, 4)
2025-07-31 20:36:48,271 - DEBUG - Moving left from (5, 4) to (4, 4)
2025-07-31 20:36:48,364 - DEBUG - Moving left from (4, 4) to (3, 4)
2025-07-31 20:36:48,464 - DEBUG - Moving left from (3, 4) to (2, 4)
2025-07-31 20:36:48,559 - DEBUG - Moving left from (2, 4) to (1, 4)
2025-07-31 20:36:48,665 - DEBUG - Moving up from (1, 4) to (1, 5)
2025-07-31 20:36:48,744 - DEBUG - Moving left from (1, 5) to (0, 5)
2025-07-31 20:36:48,845 - DEBUG - Moving up from (0, 5) to (0, 6)
2025-07-31 20:36:48,916 - DEBUG - Moving right from (0, 6) to (1, 6)
2025-07-31 20:36:49,029 - DEBUG - Moving up from (1, 6) to (1, 7)
2025-07-31 20:36:49,109 - DEBUG - Moving right from (1, 7) to (2, 7)
2025-07-31 20:36:49,204 - DEBUG - Sensor readings: {'front': 1309.5777207161507, 'right': 2000.0, 'back': 345.6135530446611, 'left': 1289.7220648207763}
2025-07-31 20:36:49,205 - DEBUG - Added neighbor right: (3, 7)
2025-07-31 20:36:49,205 - DEBUG - Added neighbor up: (2, 8)
2025-07-31 20:36:49,205 - DEBUG - Wall detected down to (2, 6)
2025-07-31 20:36:49,205 - DEBUG - Added 2 new neighbors. Queue size: 5
2025-07-31 20:36:49,205 - DEBUG - 
=== STEP 72 DATA STRUCTURES ===
Current Cell: (2, 7)
explored_cells: [(0, 0), (0, 1), (0, 2), (0, 3), (0, 4), (0, 5), (0, 6), (0, 7), (1, 0), (1, 1), (1, 2), (1, 3), (1, 4), (1, 5), (1, 6), (1, 7), (2, 0), (2, 1), (2, 2), (2, 3), (2, 4), (2, 5), (2, 6), (2, 7), (2, 8), (3, 0), (3, 1), (3, 2), (3, 3), (3, 4), (3, 5), (3, 6), (3, 7), (4, 0), (4, 1), (4, 2), (4, 3), (4, 4), (4, 5), (4, 6), (5, 0), (5, 1), (5, 2), (5, 3), (5, 4), (5, 5), (5, 6), (6, 0), (6, 1), (6, 2), (6, 3), (6, 4), (6, 5), (6, 6), (7, 0), (7, 1), (7, 2), (7, 3), (7, 4), (7, 5), (7, 6), (7, 7), (8, 0), (8, 1), (8, 5), (8, 6), (9, 0), (9, 1), (9, 5), (10, 0), (10, 1), (10, 2), (10, 3), (11, 0), (11, 1), (11, 2), (11, 3)]
accessible_from:
  (0, 0) -> [(0, 1), (1, 0)]
  (0, 1) -> [(0, 0), (1, 1)]
  (0, 2) -> [(0, 3)]
  (0, 3) -> [(0, 2), (0, 4)]
  (0, 4) -> [(0, 3), (0, 5)]
  (0, 5) -> [(0, 4), (0, 6), (1, 5)]
  (0, 6) -> [(0, 5), (0, 7), (1, 6)]
  (0, 7) -> [(0, 6)]
  (1, 0) -> [(0, 0), (1, 1), (2, 0)]
  (1, 1) -> [(0, 1), (1, 0), (2, 1)]
  (1, 2) -> [(1, 3), (2, 2)]
  (1, 3) -> [(1, 2), (2, 3)]
  (1, 4) -> [(1, 5), (2, 4)]
  (1, 5) -> [(0, 5), (1, 4), (2, 5)]
  (1, 6) -> [(0, 6), (1, 7)]
  (1, 7) -> [(1, 6), (2, 7)]
  (2, 0) -> [(1, 0), (3, 0)]
  (2, 1) -> [(1, 1), (2, 2)]
  (2, 2) -> [(1, 2), (2, 1), (3, 2)]
  (2, 3) -> [(1, 3), (2, 4), (3, 3)]
  (2, 4) -> [(1, 4), (2, 3), (3, 4)]
  (2, 5) -> [(1, 5), (2, 6), (3, 5)]
  (2, 6) -> [(2, 5), (3, 6)]
  (2, 7) -> [(1, 7), (2, 8), (3, 7)]
  (2, 8) -> [(2, 7)]
  (3, 0) -> [(2, 0), (4, 0)]
  (3, 1) -> [(3, 2), (4, 1)]
  (3, 2) -> [(2, 2), (3, 1), (4, 2)]
  (3, 3) -> [(2, 3), (3, 4), (4, 3)]
  (3, 4) -> [(2, 4), (3, 3), (4, 4)]
  (3, 5) -> [(2, 5), (3, 6), (4, 5)]
  (3, 6) -> [(2, 6), (3, 5), (4, 6)]
  (3, 7) -> [(2, 7)]
  (4, 0) -> [(3, 0), (5, 0)]
  (4, 1) -> [(3, 1), (4, 2), (5, 1)]
  (4, 2) -> [(3, 2), (4, 1)]
  (4, 3) -> [(3, 3), (4, 4), (5, 3)]
  (4, 4) -> [(3, 4), (4, 3), (5, 4)]
  (4, 5) -> [(3, 5), (4, 6)]
  (4, 6) -> [(3, 6), (4, 5)]
  (5, 0) -> [(4, 0), (5, 1), (6, 0)]
  (5, 1) -> [(4, 1), (5, 0), (5, 2), (6, 1)]
  (5, 2) -> [(5, 1), (6, 2)]
  (5, 3) -> [(4, 3), (5, 4), (6, 3)]
  (5, 4) -> [(4, 4), (5, 3)]
  (5, 5) -> [(5, 6), (6, 5)]
  (5, 6) -> [(5, 5), (6, 6)]
  (6, 0) -> [(5, 0), (6, 1), (7, 0)]
  (6, 1) -> [(5, 1), (6, 0), (7, 1)]
  (6, 2) -> [(5, 2), (7, 2)]
  (6, 3) -> [(5, 3), (6, 4), (7, 3)]
  (6, 4) -> [(6, 3), (6, 5), (7, 4)]
  (6, 5) -> [(5, 5), (6, 4), (6, 6), (7, 5)]
  (6, 6) -> [(5, 6), (6, 5), (7, 6)]
  (7, 0) -> [(6, 0), (7, 1), (8, 0)]
  (7, 1) -> [(6, 1), (7, 0), (8, 1)]
  (7, 2) -> [(6, 2)]
  (7, 3) -> [(6, 3), (7, 4)]
  (7, 4) -> [(6, 4), (7, 3)]
  (7, 5) -> [(6, 5), (7, 6), (8, 5)]
  (7, 6) -> [(6, 6), (7, 5), (7, 7), (8, 6)]
  (7, 7) -> [(7, 6)]
  (8, 0) -> [(7, 0), (8, 1), (9, 0)]
  (8, 1) -> [(7, 1), (8, 0)]
  (8, 5) -> [(7, 5), (9, 5)]
  (8, 6) -> [(7, 6)]
  (9, 0) -> [(8, 0), (9, 1), (10, 0)]
  (9, 1) -> [(9, 0), (10, 1)]
  (9, 5) -> [(8, 5)]
  (10, 0) -> [(9, 0), (10, 1), (11, 0)]
  (10, 1) -> [(9, 1), (10, 0), (11, 1)]
  (10, 2) -> [(10, 3), (11, 2)]
  (10, 3) -> [(10, 2), (11, 3)]
  (11, 0) -> [(10, 0), (11, 1)]
  (11, 1) -> [(10, 1), (11, 0), (11, 2)]
  (11, 2) -> [(10, 2), (11, 1), (11, 3)]
  (11, 3) -> [(10, 3), (11, 2)]
parent_path: {}
exploration_queue: [(9, 5), (8, 6), (7, 7), (3, 7), (2, 8)]

2025-07-31 20:36:49,205 - DEBUG - 
=== VISUAL BOARD - STEP 72 - BFS-EXPLORATION ===
   0  1  2  3  4  5  6  7  8  9 10 11
11 .  .  .  .  .  .  .  .  .  .  .  .   11
10 .  .  .  .  .  .  .  .  .  .  .  .   10
 9 .  .  .  .  .  .  .  .  .  .  .  .    9
 8 .  .  V  .  .  .  .  .  .  .  .  .    8
 7 V  V  R  V  .  .  .  V  .  .  .  .    7
 6 V  V  V  V  V  V  V  V  V  .  .  .    6
 5 V  V  V  V  V  V  V  V  V  V  .  .    5
 4 V  V  V  V  V  V  V  V  .  .  .  .    4
 3 V  V  V  V  V  V  V  V  .  .  V  V    3
 2 V  V  V  V  V  V  V  V  .  .  V  V    2
 1 V  V  V  V  V  V  V  V  V  V  V  V    1
 0 V  V  V  V  V  V  V  V  V  V  V  V    0
   0  1  2  3  4  5  6  7  8  9 10 11
Legend: R=Robot, V=Visited, P=Path, .=Unvisited

2025-07-31 20:36:49,205 - INFO - BFS Exploration Step 73: Exploring (9, 5)
2025-07-31 20:36:49,205 - DEBUG - Moving left from (2, 7) to (1, 7)
2025-07-31 20:36:49,309 - DEBUG - Moving down from (1, 7) to (1, 6)
2025-07-31 20:36:49,383 - DEBUG - Moving left from (1, 6) to (0, 6)
2025-07-31 20:36:49,482 - DEBUG - Moving down from (0, 6) to (0, 5)
2025-07-31 20:36:49,553 - DEBUG - Moving right from (0, 5) to (1, 5)
2025-07-31 20:36:49,646 - DEBUG - Moving down from (1, 5) to (1, 4)
2025-07-31 20:36:49,711 - DEBUG - Moving right from (1, 4) to (2, 4)
2025-07-31 20:36:49,802 - DEBUG - Moving down from (2, 4) to (2, 3)
2025-07-31 20:36:49,871 - DEBUG - Moving right from (2, 3) to (3, 3)
2025-07-31 20:36:49,967 - DEBUG - Moving right from (3, 3) to (4, 3)
2025-07-31 20:36:50,069 - DEBUG - Moving right from (4, 3) to (5, 3)
2025-07-31 20:36:50,165 - DEBUG - Moving right from (5, 3) to (6, 3)
2025-07-31 20:36:50,269 - DEBUG - Moving up from (6, 3) to (6, 4)
2025-07-31 20:36:50,342 - DEBUG - Moving up from (6, 4) to (6, 5)
2025-07-31 20:36:50,421 - DEBUG - Moving right from (6, 5) to (7, 5)
2025-07-31 20:36:50,526 - DEBUG - Moving right from (7, 5) to (8, 5)
2025-07-31 20:36:50,623 - DEBUG - Moving right from (8, 5) to (9, 5)
2025-07-31 20:36:50,723 - DEBUG - Sensor readings: {'front': 298.07573599581116, 'right': 2000.0, 'back': 1361.0968465746998, 'left': 2000.0}
2025-07-31 20:36:50,723 - DEBUG - Added neighbor right: (10, 5)
2025-07-31 20:36:50,723 - DEBUG - Wall detected up to (9, 6)
2025-07-31 20:36:50,723 - DEBUG - Added neighbor down: (9, 4)
2025-07-31 20:36:50,723 - DEBUG - Added 2 new neighbors. Queue size: 6
2025-07-31 20:36:50,723 - DEBUG - 
=== STEP 73 DATA STRUCTURES ===
Current Cell: (9, 5)
explored_cells: [(0, 0), (0, 1), (0, 2), (0, 3), (0, 4), (0, 5), (0, 6), (0, 7), (1, 0), (1, 1), (1, 2), (1, 3), (1, 4), (1, 5), (1, 6), (1, 7), (2, 0), (2, 1), (2, 2), (2, 3), (2, 4), (2, 5), (2, 6), (2, 7), (2, 8), (3, 0), (3, 1), (3, 2), (3, 3), (3, 4), (3, 5), (3, 6), (3, 7), (4, 0), (4, 1), (4, 2), (4, 3), (4, 4), (4, 5), (4, 6), (5, 0), (5, 1), (5, 2), (5, 3), (5, 4), (5, 5), (5, 6), (6, 0), (6, 1), (6, 2), (6, 3), (6, 4), (6, 5), (6, 6), (7, 0), (7, 1), (7, 2), (7, 3), (7, 4), (7, 5), (7, 6), (7, 7), (8, 0), (8, 1), (8, 5), (8, 6), (9, 0), (9, 1), (9, 4), (9, 5), (10, 0), (10, 1), (10, 2), (10, 3), (10, 5), (11, 0), (11, 1), (11, 2), (11, 3)]
accessible_from:
  (0, 0) -> [(0, 1), (1, 0)]
  (0, 1) -> [(0, 0), (1, 1)]
  (0, 2) -> [(0, 3)]
  (0, 3) -> [(0, 2), (0, 4)]
  (0, 4) -> [(0, 3), (0, 5)]
  (0, 5) -> [(0, 4), (0, 6), (1, 5)]
  (0, 6) -> [(0, 5), (0, 7), (1, 6)]
  (0, 7) -> [(0, 6)]
  (1, 0) -> [(0, 0), (1, 1), (2, 0)]
  (1, 1) -> [(0, 1), (1, 0), (2, 1)]
  (1, 2) -> [(1, 3), (2, 2)]
  (1, 3) -> [(1, 2), (2, 3)]
  (1, 4) -> [(1, 5), (2, 4)]
  (1, 5) -> [(0, 5), (1, 4), (2, 5)]
  (1, 6) -> [(0, 6), (1, 7)]
  (1, 7) -> [(1, 6), (2, 7)]
  (2, 0) -> [(1, 0), (3, 0)]
  (2, 1) -> [(1, 1), (2, 2)]
  (2, 2) -> [(1, 2), (2, 1), (3, 2)]
  (2, 3) -> [(1, 3), (2, 4), (3, 3)]
  (2, 4) -> [(1, 4), (2, 3), (3, 4)]
  (2, 5) -> [(1, 5), (2, 6), (3, 5)]
  (2, 6) -> [(2, 5), (3, 6)]
  (2, 7) -> [(1, 7), (2, 8), (3, 7)]
  (2, 8) -> [(2, 7)]
  (3, 0) -> [(2, 0), (4, 0)]
  (3, 1) -> [(3, 2), (4, 1)]
  (3, 2) -> [(2, 2), (3, 1), (4, 2)]
  (3, 3) -> [(2, 3), (3, 4), (4, 3)]
  (3, 4) -> [(2, 4), (3, 3), (4, 4)]
  (3, 5) -> [(2, 5), (3, 6), (4, 5)]
  (3, 6) -> [(2, 6), (3, 5), (4, 6)]
  (3, 7) -> [(2, 7)]
  (4, 0) -> [(3, 0), (5, 0)]
  (4, 1) -> [(3, 1), (4, 2), (5, 1)]
  (4, 2) -> [(3, 2), (4, 1)]
  (4, 3) -> [(3, 3), (4, 4), (5, 3)]
  (4, 4) -> [(3, 4), (4, 3), (5, 4)]
  (4, 5) -> [(3, 5), (4, 6)]
  (4, 6) -> [(3, 6), (4, 5)]
  (5, 0) -> [(4, 0), (5, 1), (6, 0)]
  (5, 1) -> [(4, 1), (5, 0), (5, 2), (6, 1)]
  (5, 2) -> [(5, 1), (6, 2)]
  (5, 3) -> [(4, 3), (5, 4), (6, 3)]
  (5, 4) -> [(4, 4), (5, 3)]
  (5, 5) -> [(5, 6), (6, 5)]
  (5, 6) -> [(5, 5), (6, 6)]
  (6, 0) -> [(5, 0), (6, 1), (7, 0)]
  (6, 1) -> [(5, 1), (6, 0), (7, 1)]
  (6, 2) -> [(5, 2), (7, 2)]
  (6, 3) -> [(5, 3), (6, 4), (7, 3)]
  (6, 4) -> [(6, 3), (6, 5), (7, 4)]
  (6, 5) -> [(5, 5), (6, 4), (6, 6), (7, 5)]
  (6, 6) -> [(5, 6), (6, 5), (7, 6)]
  (7, 0) -> [(6, 0), (7, 1), (8, 0)]
  (7, 1) -> [(6, 1), (7, 0), (8, 1)]
  (7, 2) -> [(6, 2)]
  (7, 3) -> [(6, 3), (7, 4)]
  (7, 4) -> [(6, 4), (7, 3)]
  (7, 5) -> [(6, 5), (7, 6), (8, 5)]
  (7, 6) -> [(6, 6), (7, 5), (7, 7), (8, 6)]
  (7, 7) -> [(7, 6)]
  (8, 0) -> [(7, 0), (8, 1), (9, 0)]
  (8, 1) -> [(7, 1), (8, 0)]
  (8, 5) -> [(7, 5), (9, 5)]
  (8, 6) -> [(7, 6)]
  (9, 0) -> [(8, 0), (9, 1), (10, 0)]
  (9, 1) -> [(9, 0), (10, 1)]
  (9, 4) -> [(9, 5)]
  (9, 5) -> [(8, 5), (9, 4), (10, 5)]
  (10, 0) -> [(9, 0), (10, 1), (11, 0)]
  (10, 1) -> [(9, 1), (10, 0), (11, 1)]
  (10, 2) -> [(10, 3), (11, 2)]
  (10, 3) -> [(10, 2), (11, 3)]
  (10, 5) -> [(9, 5)]
  (11, 0) -> [(10, 0), (11, 1)]
  (11, 1) -> [(10, 1), (11, 0), (11, 2)]
  (11, 2) -> [(10, 2), (11, 1), (11, 3)]
  (11, 3) -> [(10, 3), (11, 2)]
parent_path: {}
exploration_queue: [(8, 6), (7, 7), (3, 7), (2, 8), (10, 5), (9, 4)]

2025-07-31 20:36:50,724 - DEBUG - 
=== VISUAL BOARD - STEP 73 - BFS-EXPLORATION ===
   0  1  2  3  4  5  6  7  8  9 10 11
11 .  .  .  .  .  .  .  .  .  .  .  .   11
10 .  .  .  .  .  .  .  .  .  .  .  .   10
 9 .  .  .  .  .  .  .  .  .  .  .  .    9
 8 .  .  V  .  .  .  .  .  .  .  .  .    8
 7 V  V  V  V  .  .  .  V  .  .  .  .    7
 6 V  V  V  V  V  V  V  V  V  .  .  .    6
 5 V  V  V  V  V  V  V  V  V  R  V  .    5
 4 V  V  V  V  V  V  V  V  .  V  .  .    4
 3 V  V  V  V  V  V  V  V  .  .  V  V    3
 2 V  V  V  V  V  V  V  V  .  .  V  V    2
 1 V  V  V  V  V  V  V  V  V  V  V  V    1
 0 V  V  V  V  V  V  V  V  V  V  V  V    0
   0  1  2  3  4  5  6  7  8  9 10 11
Legend: R=Robot, V=Visited, P=Path, .=Unvisited

2025-07-31 20:36:50,724 - INFO - BFS Exploration Step 74: Exploring (8, 6)
2025-07-31 20:36:50,724 - DEBUG - Moving left from (9, 5) to (8, 5)
2025-07-31 20:36:50,825 - DEBUG - Moving left from (8, 5) to (7, 5)
2025-07-31 20:36:50,922 - DEBUG - Moving up from (7, 5) to (7, 6)
2025-07-31 20:36:50,997 - DEBUG - Moving right from (7, 6) to (8, 6)
2025-07-31 20:36:51,106 - DEBUG - Sensor readings: {'front': 2000.0, 'right': 364.9839078707068, 'back': 348.4692350265569, 'left': 2000.0}
2025-07-31 20:36:51,106 - DEBUG - Wall detected right to (9, 6)
2025-07-31 20:36:51,106 - DEBUG - Added neighbor up: (8, 7)
2025-07-31 20:36:51,106 - DEBUG - Wall detected down to (8, 5)
2025-07-31 20:36:51,106 - DEBUG - Added 1 new neighbors. Queue size: 6
2025-07-31 20:36:51,107 - DEBUG - 
=== STEP 74 DATA STRUCTURES ===
Current Cell: (8, 6)
explored_cells: [(0, 0), (0, 1), (0, 2), (0, 3), (0, 4), (0, 5), (0, 6), (0, 7), (1, 0), (1, 1), (1, 2), (1, 3), (1, 4), (1, 5), (1, 6), (1, 7), (2, 0), (2, 1), (2, 2), (2, 3), (2, 4), (2, 5), (2, 6), (2, 7), (2, 8), (3, 0), (3, 1), (3, 2), (3, 3), (3, 4), (3, 5), (3, 6), (3, 7), (4, 0), (4, 1), (4, 2), (4, 3), (4, 4), (4, 5), (4, 6), (5, 0), (5, 1), (5, 2), (5, 3), (5, 4), (5, 5), (5, 6), (6, 0), (6, 1), (6, 2), (6, 3), (6, 4), (6, 5), (6, 6), (7, 0), (7, 1), (7, 2), (7, 3), (7, 4), (7, 5), (7, 6), (7, 7), (8, 0), (8, 1), (8, 5), (8, 6), (8, 7), (9, 0), (9, 1), (9, 4), (9, 5), (10, 0), (10, 1), (10, 2), (10, 3), (10, 5), (11, 0), (11, 1), (11, 2), (11, 3)]
accessible_from:
  (0, 0) -> [(0, 1), (1, 0)]
  (0, 1) -> [(0, 0), (1, 1)]
  (0, 2) -> [(0, 3)]
  (0, 3) -> [(0, 2), (0, 4)]
  (0, 4) -> [(0, 3), (0, 5)]
  (0, 5) -> [(0, 4), (0, 6), (1, 5)]
  (0, 6) -> [(0, 5), (0, 7), (1, 6)]
  (0, 7) -> [(0, 6)]
  (1, 0) -> [(0, 0), (1, 1), (2, 0)]
  (1, 1) -> [(0, 1), (1, 0), (2, 1)]
  (1, 2) -> [(1, 3), (2, 2)]
  (1, 3) -> [(1, 2), (2, 3)]
  (1, 4) -> [(1, 5), (2, 4)]
  (1, 5) -> [(0, 5), (1, 4), (2, 5)]
  (1, 6) -> [(0, 6), (1, 7)]
  (1, 7) -> [(1, 6), (2, 7)]
  (2, 0) -> [(1, 0), (3, 0)]
  (2, 1) -> [(1, 1), (2, 2)]
  (2, 2) -> [(1, 2), (2, 1), (3, 2)]
  (2, 3) -> [(1, 3), (2, 4), (3, 3)]
  (2, 4) -> [(1, 4), (2, 3), (3, 4)]
  (2, 5) -> [(1, 5), (2, 6), (3, 5)]
  (2, 6) -> [(2, 5), (3, 6)]
  (2, 7) -> [(1, 7), (2, 8), (3, 7)]
  (2, 8) -> [(2, 7)]
  (3, 0) -> [(2, 0), (4, 0)]
  (3, 1) -> [(3, 2), (4, 1)]
  (3, 2) -> [(2, 2), (3, 1), (4, 2)]
  (3, 3) -> [(2, 3), (3, 4), (4, 3)]
  (3, 4) -> [(2, 4), (3, 3), (4, 4)]
  (3, 5) -> [(2, 5), (3, 6), (4, 5)]
  (3, 6) -> [(2, 6), (3, 5), (4, 6)]
  (3, 7) -> [(2, 7)]
  (4, 0) -> [(3, 0), (5, 0)]
  (4, 1) -> [(3, 1), (4, 2), (5, 1)]
  (4, 2) -> [(3, 2), (4, 1)]
  (4, 3) -> [(3, 3), (4, 4), (5, 3)]
  (4, 4) -> [(3, 4), (4, 3), (5, 4)]
  (4, 5) -> [(3, 5), (4, 6)]
  (4, 6) -> [(3, 6), (4, 5)]
  (5, 0) -> [(4, 0), (5, 1), (6, 0)]
  (5, 1) -> [(4, 1), (5, 0), (5, 2), (6, 1)]
  (5, 2) -> [(5, 1), (6, 2)]
  (5, 3) -> [(4, 3), (5, 4), (6, 3)]
  (5, 4) -> [(4, 4), (5, 3)]
  (5, 5) -> [(5, 6), (6, 5)]
  (5, 6) -> [(5, 5), (6, 6)]
  (6, 0) -> [(5, 0), (6, 1), (7, 0)]
  (6, 1) -> [(5, 1), (6, 0), (7, 1)]
  (6, 2) -> [(5, 2), (7, 2)]
  (6, 3) -> [(5, 3), (6, 4), (7, 3)]
  (6, 4) -> [(6, 3), (6, 5), (7, 4)]
  (6, 5) -> [(5, 5), (6, 4), (6, 6), (7, 5)]
  (6, 6) -> [(5, 6), (6, 5), (7, 6)]
  (7, 0) -> [(6, 0), (7, 1), (8, 0)]
  (7, 1) -> [(6, 1), (7, 0), (8, 1)]
  (7, 2) -> [(6, 2)]
  (7, 3) -> [(6, 3), (7, 4)]
  (7, 4) -> [(6, 4), (7, 3)]
  (7, 5) -> [(6, 5), (7, 6), (8, 5)]
  (7, 6) -> [(6, 6), (7, 5), (7, 7), (8, 6)]
  (7, 7) -> [(7, 6)]
  (8, 0) -> [(7, 0), (8, 1), (9, 0)]
  (8, 1) -> [(7, 1), (8, 0)]
  (8, 5) -> [(7, 5), (9, 5)]
  (8, 6) -> [(7, 6), (8, 7)]
  (8, 7) -> [(8, 6)]
  (9, 0) -> [(8, 0), (9, 1), (10, 0)]
  (9, 1) -> [(9, 0), (10, 1)]
  (9, 4) -> [(9, 5)]
  (9, 5) -> [(8, 5), (9, 4), (10, 5)]
  (10, 0) -> [(9, 0), (10, 1), (11, 0)]
  (10, 1) -> [(9, 1), (10, 0), (11, 1)]
  (10, 2) -> [(10, 3), (11, 2)]
  (10, 3) -> [(10, 2), (11, 3)]
  (10, 5) -> [(9, 5)]
  (11, 0) -> [(10, 0), (11, 1)]
  (11, 1) -> [(10, 1), (11, 0), (11, 2)]
  (11, 2) -> [(10, 2), (11, 1), (11, 3)]
  (11, 3) -> [(10, 3), (11, 2)]
parent_path: {}
exploration_queue: [(7, 7), (3, 7), (2, 8), (10, 5), (9, 4), (8, 7)]

2025-07-31 20:36:51,107 - DEBUG - 
=== VISUAL BOARD - STEP 74 - BFS-EXPLORATION ===
   0  1  2  3  4  5  6  7  8  9 10 11
11 .  .  .  .  .  .  .  .  .  .  .  .   11
10 .  .  .  .  .  .  .  .  .  .  .  .   10
 9 .  .  .  .  .  .  .  .  .  .  .  .    9
 8 .  .  V  .  .  .  .  .  .  .  .  .    8
 7 V  V  V  V  .  .  .  V  V  .  .  .    7
 6 V  V  V  V  V  V  V  V  R  .  .  .    6
 5 V  V  V  V  V  V  V  V  V  V  V  .    5
 4 V  V  V  V  V  V  V  V  .  V  .  .    4
 3 V  V  V  V  V  V  V  V  .  .  V  V    3
 2 V  V  V  V  V  V  V  V  .  .  V  V    2
 1 V  V  V  V  V  V  V  V  V  V  V  V    1
 0 V  V  V  V  V  V  V  V  V  V  V  V    0
   0  1  2  3  4  5  6  7  8  9 10 11
Legend: R=Robot, V=Visited, P=Path, .=Unvisited

2025-07-31 20:36:51,107 - INFO - BFS Exploration Step 75: Exploring (7, 7)
2025-07-31 20:36:51,107 - DEBUG - Moving left from (8, 6) to (7, 6)
2025-07-31 20:36:51,203 - DEBUG - Moving up from (7, 6) to (7, 7)
2025-07-31 20:36:51,275 - DEBUG - Sensor readings: {'front': 2000.0, 'right': 2000.0, 'back': 2000.0, 'left': 278.7079258456215}
2025-07-31 20:36:51,275 - DEBUG - Added neighbor up: (7, 8)
2025-07-31 20:36:51,275 - DEBUG - Wall detected left to (6, 7)
2025-07-31 20:36:51,275 - DEBUG - Added 1 new neighbors. Queue size: 6
2025-07-31 20:36:51,275 - DEBUG - 
=== STEP 75 DATA STRUCTURES ===
Current Cell: (7, 7)
explored_cells: [(0, 0), (0, 1), (0, 2), (0, 3), (0, 4), (0, 5), (0, 6), (0, 7), (1, 0), (1, 1), (1, 2), (1, 3), (1, 4), (1, 5), (1, 6), (1, 7), (2, 0), (2, 1), (2, 2), (2, 3), (2, 4), (2, 5), (2, 6), (2, 7), (2, 8), (3, 0), (3, 1), (3, 2), (3, 3), (3, 4), (3, 5), (3, 6), (3, 7), (4, 0), (4, 1), (4, 2), (4, 3), (4, 4), (4, 5), (4, 6), (5, 0), (5, 1), (5, 2), (5, 3), (5, 4), (5, 5), (5, 6), (6, 0), (6, 1), (6, 2), (6, 3), (6, 4), (6, 5), (6, 6), (7, 0), (7, 1), (7, 2), (7, 3), (7, 4), (7, 5), (7, 6), (7, 7), (7, 8), (8, 0), (8, 1), (8, 5), (8, 6), (8, 7), (9, 0), (9, 1), (9, 4), (9, 5), (10, 0), (10, 1), (10, 2), (10, 3), (10, 5), (11, 0), (11, 1), (11, 2), (11, 3)]
accessible_from:
  (0, 0) -> [(0, 1), (1, 0)]
  (0, 1) -> [(0, 0), (1, 1)]
  (0, 2) -> [(0, 3)]
  (0, 3) -> [(0, 2), (0, 4)]
  (0, 4) -> [(0, 3), (0, 5)]
  (0, 5) -> [(0, 4), (0, 6), (1, 5)]
  (0, 6) -> [(0, 5), (0, 7), (1, 6)]
  (0, 7) -> [(0, 6)]
  (1, 0) -> [(0, 0), (1, 1), (2, 0)]
  (1, 1) -> [(0, 1), (1, 0), (2, 1)]
  (1, 2) -> [(1, 3), (2, 2)]
  (1, 3) -> [(1, 2), (2, 3)]
  (1, 4) -> [(1, 5), (2, 4)]
  (1, 5) -> [(0, 5), (1, 4), (2, 5)]
  (1, 6) -> [(0, 6), (1, 7)]
  (1, 7) -> [(1, 6), (2, 7)]
  (2, 0) -> [(1, 0), (3, 0)]
  (2, 1) -> [(1, 1), (2, 2)]
  (2, 2) -> [(1, 2), (2, 1), (3, 2)]
  (2, 3) -> [(1, 3), (2, 4), (3, 3)]
  (2, 4) -> [(1, 4), (2, 3), (3, 4)]
  (2, 5) -> [(1, 5), (2, 6), (3, 5)]
  (2, 6) -> [(2, 5), (3, 6)]
  (2, 7) -> [(1, 7), (2, 8), (3, 7)]
  (2, 8) -> [(2, 7)]
  (3, 0) -> [(2, 0), (4, 0)]
  (3, 1) -> [(3, 2), (4, 1)]
  (3, 2) -> [(2, 2), (3, 1), (4, 2)]
  (3, 3) -> [(2, 3), (3, 4), (4, 3)]
  (3, 4) -> [(2, 4), (3, 3), (4, 4)]
  (3, 5) -> [(2, 5), (3, 6), (4, 5)]
  (3, 6) -> [(2, 6), (3, 5), (4, 6)]
  (3, 7) -> [(2, 7)]
  (4, 0) -> [(3, 0), (5, 0)]
  (4, 1) -> [(3, 1), (4, 2), (5, 1)]
  (4, 2) -> [(3, 2), (4, 1)]
  (4, 3) -> [(3, 3), (4, 4), (5, 3)]
  (4, 4) -> [(3, 4), (4, 3), (5, 4)]
  (4, 5) -> [(3, 5), (4, 6)]
  (4, 6) -> [(3, 6), (4, 5)]
  (5, 0) -> [(4, 0), (5, 1), (6, 0)]
  (5, 1) -> [(4, 1), (5, 0), (5, 2), (6, 1)]
  (5, 2) -> [(5, 1), (6, 2)]
  (5, 3) -> [(4, 3), (5, 4), (6, 3)]
  (5, 4) -> [(4, 4), (5, 3)]
  (5, 5) -> [(5, 6), (6, 5)]
  (5, 6) -> [(5, 5), (6, 6)]
  (6, 0) -> [(5, 0), (6, 1), (7, 0)]
  (6, 1) -> [(5, 1), (6, 0), (7, 1)]
  (6, 2) -> [(5, 2), (7, 2)]
  (6, 3) -> [(5, 3), (6, 4), (7, 3)]
  (6, 4) -> [(6, 3), (6, 5), (7, 4)]
  (6, 5) -> [(5, 5), (6, 4), (6, 6), (7, 5)]
  (6, 6) -> [(5, 6), (6, 5), (7, 6)]
  (7, 0) -> [(6, 0), (7, 1), (8, 0)]
  (7, 1) -> [(6, 1), (7, 0), (8, 1)]
  (7, 2) -> [(6, 2)]
  (7, 3) -> [(6, 3), (7, 4)]
  (7, 4) -> [(6, 4), (7, 3)]
  (7, 5) -> [(6, 5), (7, 6), (8, 5)]
  (7, 6) -> [(6, 6), (7, 5), (7, 7), (8, 6)]
  (7, 7) -> [(7, 6), (7, 8), (8, 7)]
  (7, 8) -> [(7, 7)]
  (8, 0) -> [(7, 0), (8, 1), (9, 0)]
  (8, 1) -> [(7, 1), (8, 0)]
  (8, 5) -> [(7, 5), (9, 5)]
  (8, 6) -> [(7, 6), (8, 7)]
  (8, 7) -> [(7, 7), (8, 6)]
  (9, 0) -> [(8, 0), (9, 1), (10, 0)]
  (9, 1) -> [(9, 0), (10, 1)]
  (9, 4) -> [(9, 5)]
  (9, 5) -> [(8, 5), (9, 4), (10, 5)]
  (10, 0) -> [(9, 0), (10, 1), (11, 0)]
  (10, 1) -> [(9, 1), (10, 0), (11, 1)]
  (10, 2) -> [(10, 3), (11, 2)]
  (10, 3) -> [(10, 2), (11, 3)]
  (10, 5) -> [(9, 5)]
  (11, 0) -> [(10, 0), (11, 1)]
  (11, 1) -> [(10, 1), (11, 0), (11, 2)]
  (11, 2) -> [(10, 2), (11, 1), (11, 3)]
  (11, 3) -> [(10, 3), (11, 2)]
parent_path: {}
exploration_queue: [(3, 7), (2, 8), (10, 5), (9, 4), (8, 7), (7, 8)]

2025-07-31 20:36:51,275 - DEBUG - 
=== VISUAL BOARD - STEP 75 - BFS-EXPLORATION ===
   0  1  2  3  4  5  6  7  8  9 10 11
11 .  .  .  .  .  .  .  .  .  .  .  .   11
10 .  .  .  .  .  .  .  .  .  .  .  .   10
 9 .  .  .  .  .  .  .  .  .  .  .  .    9
 8 .  .  V  .  .  .  .  V  .  .  .  .    8
 7 V  V  V  V  .  .  .  R  V  .  .  .    7
 6 V  V  V  V  V  V  V  V  V  .  .  .    6
 5 V  V  V  V  V  V  V  V  V  V  V  .    5
 4 V  V  V  V  V  V  V  V  .  V  .  .    4
 3 V  V  V  V  V  V  V  V  .  .  V  V    3
 2 V  V  V  V  V  V  V  V  .  .  V  V    2
 1 V  V  V  V  V  V  V  V  V  V  V  V    1
 0 V  V  V  V  V  V  V  V  V  V  V  V    0
   0  1  2  3  4  5  6  7  8  9 10 11
Legend: R=Robot, V=Visited, P=Path, .=Unvisited

2025-07-31 20:36:51,275 - INFO - BFS Exploration Step 76: Exploring (3, 7)
2025-07-31 20:36:51,276 - DEBUG - Moving down from (7, 7) to (7, 6)
2025-07-31 20:36:51,351 - DEBUG - Moving left from (7, 6) to (6, 6)
2025-07-31 20:36:51,466 - DEBUG - Moving down from (6, 6) to (6, 5)
2025-07-31 20:36:51,544 - DEBUG - Moving down from (6, 5) to (6, 4)
2025-07-31 20:36:51,625 - DEBUG - Moving down from (6, 4) to (6, 3)
2025-07-31 20:36:51,708 - DEBUG - Moving left from (6, 3) to (5, 3)
2025-07-31 20:36:51,811 - DEBUG - Moving up from (5, 3) to (5, 4)
2025-07-31 20:36:51,879 - DEBUG - Moving left from (5, 4) to (4, 4)
2025-07-31 20:36:51,973 - DEBUG - Moving left from (4, 4) to (3, 4)
2025-07-31 20:36:52,075 - DEBUG - Moving left from (3, 4) to (2, 4)
2025-07-31 20:36:52,173 - DEBUG - Moving left from (2, 4) to (1, 4)
2025-07-31 20:36:52,274 - DEBUG - Moving up from (1, 4) to (1, 5)
2025-07-31 20:36:52,355 - DEBUG - Moving left from (1, 5) to (0, 5)
2025-07-31 20:36:52,454 - DEBUG - Moving up from (0, 5) to (0, 6)
2025-07-31 20:36:52,522 - DEBUG - Moving right from (0, 6) to (1, 6)
2025-07-31 20:36:52,628 - DEBUG - Moving up from (1, 6) to (1, 7)
2025-07-31 20:36:52,704 - DEBUG - Moving right from (1, 7) to (2, 7)
2025-07-31 20:36:52,809 - DEBUG - Moving right from (2, 7) to (3, 7)
2025-07-31 20:36:52,910 - DEBUG - Sensor readings: {'front': 1308.768474233565, 'right': 1378.8282153997734, 'back': 345.1963066952374, 'left': 2000.0}
2025-07-31 20:36:52,910 - DEBUG - Added neighbor right: (4, 7)
2025-07-31 20:36:52,910 - DEBUG - Added neighbor up: (3, 8)
2025-07-31 20:36:52,910 - DEBUG - Wall detected down to (3, 6)
2025-07-31 20:36:52,910 - DEBUG - Added 2 new neighbors. Queue size: 7
2025-07-31 20:36:52,910 - DEBUG - 
=== STEP 76 DATA STRUCTURES ===
Current Cell: (3, 7)
explored_cells: [(0, 0), (0, 1), (0, 2), (0, 3), (0, 4), (0, 5), (0, 6), (0, 7), (1, 0), (1, 1), (1, 2), (1, 3), (1, 4), (1, 5), (1, 6), (1, 7), (2, 0), (2, 1), (2, 2), (2, 3), (2, 4), (2, 5), (2, 6), (2, 7), (2, 8), (3, 0), (3, 1), (3, 2), (3, 3), (3, 4), (3, 5), (3, 6), (3, 7), (3, 8), (4, 0), (4, 1), (4, 2), (4, 3), (4, 4), (4, 5), (4, 6), (4, 7), (5, 0), (5, 1), (5, 2), (5, 3), (5, 4), (5, 5), (5, 6), (6, 0), (6, 1), (6, 2), (6, 3), (6, 4), (6, 5), (6, 6), (7, 0), (7, 1), (7, 2), (7, 3), (7, 4), (7, 5), (7, 6), (7, 7), (7, 8), (8, 0), (8, 1), (8, 5), (8, 6), (8, 7), (9, 0), (9, 1), (9, 4), (9, 5), (10, 0), (10, 1), (10, 2), (10, 3), (10, 5), (11, 0), (11, 1), (11, 2), (11, 3)]
accessible_from:
  (0, 0) -> [(0, 1), (1, 0)]
  (0, 1) -> [(0, 0), (1, 1)]
  (0, 2) -> [(0, 3)]
  (0, 3) -> [(0, 2), (0, 4)]
  (0, 4) -> [(0, 3), (0, 5)]
  (0, 5) -> [(0, 4), (0, 6), (1, 5)]
  (0, 6) -> [(0, 5), (0, 7), (1, 6)]
  (0, 7) -> [(0, 6)]
  (1, 0) -> [(0, 0), (1, 1), (2, 0)]
  (1, 1) -> [(0, 1), (1, 0), (2, 1)]
  (1, 2) -> [(1, 3), (2, 2)]
  (1, 3) -> [(1, 2), (2, 3)]
  (1, 4) -> [(1, 5), (2, 4)]
  (1, 5) -> [(0, 5), (1, 4), (2, 5)]
  (1, 6) -> [(0, 6), (1, 7)]
  (1, 7) -> [(1, 6), (2, 7)]
  (2, 0) -> [(1, 0), (3, 0)]
  (2, 1) -> [(1, 1), (2, 2)]
  (2, 2) -> [(1, 2), (2, 1), (3, 2)]
  (2, 3) -> [(1, 3), (2, 4), (3, 3)]
  (2, 4) -> [(1, 4), (2, 3), (3, 4)]
  (2, 5) -> [(1, 5), (2, 6), (3, 5)]
  (2, 6) -> [(2, 5), (3, 6)]
  (2, 7) -> [(1, 7), (2, 8), (3, 7)]
  (2, 8) -> [(2, 7)]
  (3, 0) -> [(2, 0), (4, 0)]
  (3, 1) -> [(3, 2), (4, 1)]
  (3, 2) -> [(2, 2), (3, 1), (4, 2)]
  (3, 3) -> [(2, 3), (3, 4), (4, 3)]
  (3, 4) -> [(2, 4), (3, 3), (4, 4)]
  (3, 5) -> [(2, 5), (3, 6), (4, 5)]
  (3, 6) -> [(2, 6), (3, 5), (4, 6)]
  (3, 7) -> [(2, 7), (3, 8), (4, 7)]
  (3, 8) -> [(3, 7)]
  (4, 0) -> [(3, 0), (5, 0)]
  (4, 1) -> [(3, 1), (4, 2), (5, 1)]
  (4, 2) -> [(3, 2), (4, 1)]
  (4, 3) -> [(3, 3), (4, 4), (5, 3)]
  (4, 4) -> [(3, 4), (4, 3), (5, 4)]
  (4, 5) -> [(3, 5), (4, 6)]
  (4, 6) -> [(3, 6), (4, 5)]
  (4, 7) -> [(3, 7)]
  (5, 0) -> [(4, 0), (5, 1), (6, 0)]
  (5, 1) -> [(4, 1), (5, 0), (5, 2), (6, 1)]
  (5, 2) -> [(5, 1), (6, 2)]
  (5, 3) -> [(4, 3), (5, 4), (6, 3)]
  (5, 4) -> [(4, 4), (5, 3)]
  (5, 5) -> [(5, 6), (6, 5)]
  (5, 6) -> [(5, 5), (6, 6)]
  (6, 0) -> [(5, 0), (6, 1), (7, 0)]
  (6, 1) -> [(5, 1), (6, 0), (7, 1)]
  (6, 2) -> [(5, 2), (7, 2)]
  (6, 3) -> [(5, 3), (6, 4), (7, 3)]
  (6, 4) -> [(6, 3), (6, 5), (7, 4)]
  (6, 5) -> [(5, 5), (6, 4), (6, 6), (7, 5)]
  (6, 6) -> [(5, 6), (6, 5), (7, 6)]
  (7, 0) -> [(6, 0), (7, 1), (8, 0)]
  (7, 1) -> [(6, 1), (7, 0), (8, 1)]
  (7, 2) -> [(6, 2)]
  (7, 3) -> [(6, 3), (7, 4)]
  (7, 4) -> [(6, 4), (7, 3)]
  (7, 5) -> [(6, 5), (7, 6), (8, 5)]
  (7, 6) -> [(6, 6), (7, 5), (7, 7), (8, 6)]
  (7, 7) -> [(7, 6), (7, 8), (8, 7)]
  (7, 8) -> [(7, 7)]
  (8, 0) -> [(7, 0), (8, 1), (9, 0)]
  (8, 1) -> [(7, 1), (8, 0)]
  (8, 5) -> [(7, 5), (9, 5)]
  (8, 6) -> [(7, 6), (8, 7)]
  (8, 7) -> [(7, 7), (8, 6)]
  (9, 0) -> [(8, 0), (9, 1), (10, 0)]
  (9, 1) -> [(9, 0), (10, 1)]
  (9, 4) -> [(9, 5)]
  (9, 5) -> [(8, 5), (9, 4), (10, 5)]
  (10, 0) -> [(9, 0), (10, 1), (11, 0)]
  (10, 1) -> [(9, 1), (10, 0), (11, 1)]
  (10, 2) -> [(10, 3), (11, 2)]
  (10, 3) -> [(10, 2), (11, 3)]
  (10, 5) -> [(9, 5)]
  (11, 0) -> [(10, 0), (11, 1)]
  (11, 1) -> [(10, 1), (11, 0), (11, 2)]
  (11, 2) -> [(10, 2), (11, 1), (11, 3)]
  (11, 3) -> [(10, 3), (11, 2)]
parent_path: {}
exploration_queue: [(2, 8), (10, 5), (9, 4), (8, 7), (7, 8), (4, 7), (3, 8)]

2025-07-31 20:36:52,910 - DEBUG - 
=== VISUAL BOARD - STEP 76 - BFS-EXPLORATION ===
   0  1  2  3  4  5  6  7  8  9 10 11
11 .  .  .  .  .  .  .  .  .  .  .  .   11
10 .  .  .  .  .  .  .  .  .  .  .  .   10
 9 .  .  .  .  .  .  .  .  .  .  .  .    9
 8 .  .  V  V  .  .  .  V  .  .  .  .    8
 7 V  V  V  R  V  .  .  V  V  .  .  .    7
 6 V  V  V  V  V  V  V  V  V  .  .  .    6
 5 V  V  V  V  V  V  V  V  V  V  V  .    5
 4 V  V  V  V  V  V  V  V  .  V  .  .    4
 3 V  V  V  V  V  V  V  V  .  .  V  V    3
 2 V  V  V  V  V  V  V  V  .  .  V  V    2
 1 V  V  V  V  V  V  V  V  V  V  V  V    1
 0 V  V  V  V  V  V  V  V  V  V  V  V    0
   0  1  2  3  4  5  6  7  8  9 10 11
Legend: R=Robot, V=Visited, P=Path, .=Unvisited

2025-07-31 20:36:52,910 - INFO - BFS Exploration Step 77: Exploring (2, 8)
2025-07-31 20:36:52,910 - DEBUG - Moving left from (3, 7) to (2, 7)
2025-07-31 20:36:53,006 - DEBUG - Moving up from (2, 7) to (2, 8)
2025-07-31 20:36:53,082 - DEBUG - Sensor readings: {'front': 344.71027358358305, 'right': 1380.7441864314646, 'back': 1318.773324168657, 'left': 1297.5473738515232}
2025-07-31 20:36:53,082 - DEBUG - Wall detected up to (2, 9)
2025-07-31 20:36:53,082 - DEBUG - Added neighbor left: (1, 8)
2025-07-31 20:36:53,082 - DEBUG - Added 1 new neighbors. Queue size: 7
2025-07-31 20:36:53,083 - DEBUG - 
=== STEP 77 DATA STRUCTURES ===
Current Cell: (2, 8)
explored_cells: [(0, 0), (0, 1), (0, 2), (0, 3), (0, 4), (0, 5), (0, 6), (0, 7), (1, 0), (1, 1), (1, 2), (1, 3), (1, 4), (1, 5), (1, 6), (1, 7), (1, 8), (2, 0), (2, 1), (2, 2), (2, 3), (2, 4), (2, 5), (2, 6), (2, 7), (2, 8), (3, 0), (3, 1), (3, 2), (3, 3), (3, 4), (3, 5), (3, 6), (3, 7), (3, 8), (4, 0), (4, 1), (4, 2), (4, 3), (4, 4), (4, 5), (4, 6), (4, 7), (5, 0), (5, 1), (5, 2), (5, 3), (5, 4), (5, 5), (5, 6), (6, 0), (6, 1), (6, 2), (6, 3), (6, 4), (6, 5), (6, 6), (7, 0), (7, 1), (7, 2), (7, 3), (7, 4), (7, 5), (7, 6), (7, 7), (7, 8), (8, 0), (8, 1), (8, 5), (8, 6), (8, 7), (9, 0), (9, 1), (9, 4), (9, 5), (10, 0), (10, 1), (10, 2), (10, 3), (10, 5), (11, 0), (11, 1), (11, 2), (11, 3)]
accessible_from:
  (0, 0) -> [(0, 1), (1, 0)]
  (0, 1) -> [(0, 0), (1, 1)]
  (0, 2) -> [(0, 3)]
  (0, 3) -> [(0, 2), (0, 4)]
  (0, 4) -> [(0, 3), (0, 5)]
  (0, 5) -> [(0, 4), (0, 6), (1, 5)]
  (0, 6) -> [(0, 5), (0, 7), (1, 6)]
  (0, 7) -> [(0, 6)]
  (1, 0) -> [(0, 0), (1, 1), (2, 0)]
  (1, 1) -> [(0, 1), (1, 0), (2, 1)]
  (1, 2) -> [(1, 3), (2, 2)]
  (1, 3) -> [(1, 2), (2, 3)]
  (1, 4) -> [(1, 5), (2, 4)]
  (1, 5) -> [(0, 5), (1, 4), (2, 5)]
  (1, 6) -> [(0, 6), (1, 7)]
  (1, 7) -> [(1, 6), (2, 7)]
  (1, 8) -> [(2, 8)]
  (2, 0) -> [(1, 0), (3, 0)]
  (2, 1) -> [(1, 1), (2, 2)]
  (2, 2) -> [(1, 2), (2, 1), (3, 2)]
  (2, 3) -> [(1, 3), (2, 4), (3, 3)]
  (2, 4) -> [(1, 4), (2, 3), (3, 4)]
  (2, 5) -> [(1, 5), (2, 6), (3, 5)]
  (2, 6) -> [(2, 5), (3, 6)]
  (2, 7) -> [(1, 7), (2, 8), (3, 7)]
  (2, 8) -> [(1, 8), (2, 7), (3, 8)]
  (3, 0) -> [(2, 0), (4, 0)]
  (3, 1) -> [(3, 2), (4, 1)]
  (3, 2) -> [(2, 2), (3, 1), (4, 2)]
  (3, 3) -> [(2, 3), (3, 4), (4, 3)]
  (3, 4) -> [(2, 4), (3, 3), (4, 4)]
  (3, 5) -> [(2, 5), (3, 6), (4, 5)]
  (3, 6) -> [(2, 6), (3, 5), (4, 6)]
  (3, 7) -> [(2, 7), (3, 8), (4, 7)]
  (3, 8) -> [(2, 8), (3, 7)]
  (4, 0) -> [(3, 0), (5, 0)]
  (4, 1) -> [(3, 1), (4, 2), (5, 1)]
  (4, 2) -> [(3, 2), (4, 1)]
  (4, 3) -> [(3, 3), (4, 4), (5, 3)]
  (4, 4) -> [(3, 4), (4, 3), (5, 4)]
  (4, 5) -> [(3, 5), (4, 6)]
  (4, 6) -> [(3, 6), (4, 5)]
  (4, 7) -> [(3, 7)]
  (5, 0) -> [(4, 0), (5, 1), (6, 0)]
  (5, 1) -> [(4, 1), (5, 0), (5, 2), (6, 1)]
  (5, 2) -> [(5, 1), (6, 2)]
  (5, 3) -> [(4, 3), (5, 4), (6, 3)]
  (5, 4) -> [(4, 4), (5, 3)]
  (5, 5) -> [(5, 6), (6, 5)]
  (5, 6) -> [(5, 5), (6, 6)]
  (6, 0) -> [(5, 0), (6, 1), (7, 0)]
  (6, 1) -> [(5, 1), (6, 0), (7, 1)]
  (6, 2) -> [(5, 2), (7, 2)]
  (6, 3) -> [(5, 3), (6, 4), (7, 3)]
  (6, 4) -> [(6, 3), (6, 5), (7, 4)]
  (6, 5) -> [(5, 5), (6, 4), (6, 6), (7, 5)]
  (6, 6) -> [(5, 6), (6, 5), (7, 6)]
  (7, 0) -> [(6, 0), (7, 1), (8, 0)]
  (7, 1) -> [(6, 1), (7, 0), (8, 1)]
  (7, 2) -> [(6, 2)]
  (7, 3) -> [(6, 3), (7, 4)]
  (7, 4) -> [(6, 4), (7, 3)]
  (7, 5) -> [(6, 5), (7, 6), (8, 5)]
  (7, 6) -> [(6, 6), (7, 5), (7, 7), (8, 6)]
  (7, 7) -> [(7, 6), (7, 8), (8, 7)]
  (7, 8) -> [(7, 7)]
  (8, 0) -> [(7, 0), (8, 1), (9, 0)]
  (8, 1) -> [(7, 1), (8, 0)]
  (8, 5) -> [(7, 5), (9, 5)]
  (8, 6) -> [(7, 6), (8, 7)]
  (8, 7) -> [(7, 7), (8, 6)]
  (9, 0) -> [(8, 0), (9, 1), (10, 0)]
  (9, 1) -> [(9, 0), (10, 1)]
  (9, 4) -> [(9, 5)]
  (9, 5) -> [(8, 5), (9, 4), (10, 5)]
  (10, 0) -> [(9, 0), (10, 1), (11, 0)]
  (10, 1) -> [(9, 1), (10, 0), (11, 1)]
  (10, 2) -> [(10, 3), (11, 2)]
  (10, 3) -> [(10, 2), (11, 3)]
  (10, 5) -> [(9, 5)]
  (11, 0) -> [(10, 0), (11, 1)]
  (11, 1) -> [(10, 1), (11, 0), (11, 2)]
  (11, 2) -> [(10, 2), (11, 1), (11, 3)]
  (11, 3) -> [(10, 3), (11, 2)]
parent_path: {}
exploration_queue: [(10, 5), (9, 4), (8, 7), (7, 8), (4, 7), (3, 8), (1, 8)]

2025-07-31 20:36:53,083 - DEBUG - 
=== VISUAL BOARD - STEP 77 - BFS-EXPLORATION ===
   0  1  2  3  4  5  6  7  8  9 10 11
11 .  .  .  .  .  .  .  .  .  .  .  .   11
10 .  .  .  .  .  .  .  .  .  .  .  .   10
 9 .  .  .  .  .  .  .  .  .  .  .  .    9
 8 .  V  R  V  .  .  .  V  .  .  .  .    8
 7 V  V  V  V  V  .  .  V  V  .  .  .    7
 6 V  V  V  V  V  V  V  V  V  .  .  .    6
 5 V  V  V  V  V  V  V  V  V  V  V  .    5
 4 V  V  V  V  V  V  V  V  .  V  .  .    4
 3 V  V  V  V  V  V  V  V  .  .  V  V    3
 2 V  V  V  V  V  V  V  V  .  .  V  V    2
 1 V  V  V  V  V  V  V  V  V  V  V  V    1
 0 V  V  V  V  V  V  V  V  V  V  V  V    0
   0  1  2  3  4  5  6  7  8  9 10 11
Legend: R=Robot, V=Visited, P=Path, .=Unvisited

2025-07-31 20:36:53,083 - INFO - BFS Exploration Step 78: Exploring (10, 5)
2025-07-31 20:36:53,083 - DEBUG - Moving down from (2, 8) to (2, 7)
2025-07-31 20:36:53,152 - DEBUG - Moving left from (2, 7) to (1, 7)
2025-07-31 20:36:53,254 - DEBUG - Moving down from (1, 7) to (1, 6)
2025-07-31 20:36:53,329 - DEBUG - Moving left from (1, 6) to (0, 6)
2025-07-31 20:36:53,434 - DEBUG - Moving down from (0, 6) to (0, 5)
2025-07-31 20:36:53,510 - DEBUG - Moving right from (0, 5) to (1, 5)
2025-07-31 20:36:53,605 - DEBUG - Moving down from (1, 5) to (1, 4)
2025-07-31 20:36:53,671 - DEBUG - Moving right from (1, 4) to (2, 4)
2025-07-31 20:36:53,769 - DEBUG - Moving down from (2, 4) to (2, 3)
2025-07-31 20:36:53,854 - DEBUG - Moving right from (2, 3) to (3, 3)
2025-07-31 20:36:53,950 - DEBUG - Moving right from (3, 3) to (4, 3)
2025-07-31 20:36:54,053 - DEBUG - Moving right from (4, 3) to (5, 3)
2025-07-31 20:36:54,160 - DEBUG - Moving right from (5, 3) to (6, 3)
2025-07-31 20:36:54,257 - DEBUG - Moving up from (6, 3) to (6, 4)
2025-07-31 20:36:54,333 - DEBUG - Moving up from (6, 4) to (6, 5)
2025-07-31 20:36:54,418 - DEBUG - Moving right from (6, 5) to (7, 5)
2025-07-31 20:36:54,519 - DEBUG - Moving right from (7, 5) to (8, 5)
2025-07-31 20:36:54,617 - DEBUG - Moving right from (8, 5) to (9, 5)
2025-07-31 20:36:54,717 - DEBUG - Moving right from (9, 5) to (10, 5)
2025-07-31 20:36:54,815 - DEBUG - Sensor readings: {'front': 297.1292464569028, 'right': 1416.3611116590005, 'back': 1372.4795548234936, 'left': 2000.0}
2025-07-31 20:36:54,816 - DEBUG - Added neighbor right: (11, 5)
2025-07-31 20:36:54,816 - DEBUG - Wall detected up to (10, 6)
2025-07-31 20:36:54,816 - DEBUG - Added neighbor down: (10, 4)
2025-07-31 20:36:54,816 - DEBUG - Added 2 new neighbors. Queue size: 8
2025-07-31 20:36:54,816 - DEBUG - 
=== STEP 78 DATA STRUCTURES ===
Current Cell: (10, 5)
explored_cells: [(0, 0), (0, 1), (0, 2), (0, 3), (0, 4), (0, 5), (0, 6), (0, 7), (1, 0), (1, 1), (1, 2), (1, 3), (1, 4), (1, 5), (1, 6), (1, 7), (1, 8), (2, 0), (2, 1), (2, 2), (2, 3), (2, 4), (2, 5), (2, 6), (2, 7), (2, 8), (3, 0), (3, 1), (3, 2), (3, 3), (3, 4), (3, 5), (3, 6), (3, 7), (3, 8), (4, 0), (4, 1), (4, 2), (4, 3), (4, 4), (4, 5), (4, 6), (4, 7), (5, 0), (5, 1), (5, 2), (5, 3), (5, 4), (5, 5), (5, 6), (6, 0), (6, 1), (6, 2), (6, 3), (6, 4), (6, 5), (6, 6), (7, 0), (7, 1), (7, 2), (7, 3), (7, 4), (7, 5), (7, 6), (7, 7), (7, 8), (8, 0), (8, 1), (8, 5), (8, 6), (8, 7), (9, 0), (9, 1), (9, 4), (9, 5), (10, 0), (10, 1), (10, 2), (10, 3), (10, 4), (10, 5), (11, 0), (11, 1), (11, 2), (11, 3), (11, 5)]
accessible_from:
  (0, 0) -> [(0, 1), (1, 0)]
  (0, 1) -> [(0, 0), (1, 1)]
  (0, 2) -> [(0, 3)]
  (0, 3) -> [(0, 2), (0, 4)]
  (0, 4) -> [(0, 3), (0, 5)]
  (0, 5) -> [(0, 4), (0, 6), (1, 5)]
  (0, 6) -> [(0, 5), (0, 7), (1, 6)]
  (0, 7) -> [(0, 6)]
  (1, 0) -> [(0, 0), (1, 1), (2, 0)]
  (1, 1) -> [(0, 1), (1, 0), (2, 1)]
  (1, 2) -> [(1, 3), (2, 2)]
  (1, 3) -> [(1, 2), (2, 3)]
  (1, 4) -> [(1, 5), (2, 4)]
  (1, 5) -> [(0, 5), (1, 4), (2, 5)]
  (1, 6) -> [(0, 6), (1, 7)]
  (1, 7) -> [(1, 6), (2, 7)]
  (1, 8) -> [(2, 8)]
  (2, 0) -> [(1, 0), (3, 0)]
  (2, 1) -> [(1, 1), (2, 2)]
  (2, 2) -> [(1, 2), (2, 1), (3, 2)]
  (2, 3) -> [(1, 3), (2, 4), (3, 3)]
  (2, 4) -> [(1, 4), (2, 3), (3, 4)]
  (2, 5) -> [(1, 5), (2, 6), (3, 5)]
  (2, 6) -> [(2, 5), (3, 6)]
  (2, 7) -> [(1, 7), (2, 8), (3, 7)]
  (2, 8) -> [(1, 8), (2, 7), (3, 8)]
  (3, 0) -> [(2, 0), (4, 0)]
  (3, 1) -> [(3, 2), (4, 1)]
  (3, 2) -> [(2, 2), (3, 1), (4, 2)]
  (3, 3) -> [(2, 3), (3, 4), (4, 3)]
  (3, 4) -> [(2, 4), (3, 3), (4, 4)]
  (3, 5) -> [(2, 5), (3, 6), (4, 5)]
  (3, 6) -> [(2, 6), (3, 5), (4, 6)]
  (3, 7) -> [(2, 7), (3, 8), (4, 7)]
  (3, 8) -> [(2, 8), (3, 7)]
  (4, 0) -> [(3, 0), (5, 0)]
  (4, 1) -> [(3, 1), (4, 2), (5, 1)]
  (4, 2) -> [(3, 2), (4, 1)]
  (4, 3) -> [(3, 3), (4, 4), (5, 3)]
  (4, 4) -> [(3, 4), (4, 3), (5, 4)]
  (4, 5) -> [(3, 5), (4, 6)]
  (4, 6) -> [(3, 6), (4, 5)]
  (4, 7) -> [(3, 7)]
  (5, 0) -> [(4, 0), (5, 1), (6, 0)]
  (5, 1) -> [(4, 1), (5, 0), (5, 2), (6, 1)]
  (5, 2) -> [(5, 1), (6, 2)]
  (5, 3) -> [(4, 3), (5, 4), (6, 3)]
  (5, 4) -> [(4, 4), (5, 3)]
  (5, 5) -> [(5, 6), (6, 5)]
  (5, 6) -> [(5, 5), (6, 6)]
  (6, 0) -> [(5, 0), (6, 1), (7, 0)]
  (6, 1) -> [(5, 1), (6, 0), (7, 1)]
  (6, 2) -> [(5, 2), (7, 2)]
  (6, 3) -> [(5, 3), (6, 4), (7, 3)]
  (6, 4) -> [(6, 3), (6, 5), (7, 4)]
  (6, 5) -> [(5, 5), (6, 4), (6, 6), (7, 5)]
  (6, 6) -> [(5, 6), (6, 5), (7, 6)]
  (7, 0) -> [(6, 0), (7, 1), (8, 0)]
  (7, 1) -> [(6, 1), (7, 0), (8, 1)]
  (7, 2) -> [(6, 2)]
  (7, 3) -> [(6, 3), (7, 4)]
  (7, 4) -> [(6, 4), (7, 3)]
  (7, 5) -> [(6, 5), (7, 6), (8, 5)]
  (7, 6) -> [(6, 6), (7, 5), (7, 7), (8, 6)]
  (7, 7) -> [(7, 6), (7, 8), (8, 7)]
  (7, 8) -> [(7, 7)]
  (8, 0) -> [(7, 0), (8, 1), (9, 0)]
  (8, 1) -> [(7, 1), (8, 0)]
  (8, 5) -> [(7, 5), (9, 5)]
  (8, 6) -> [(7, 6), (8, 7)]
  (8, 7) -> [(7, 7), (8, 6)]
  (9, 0) -> [(8, 0), (9, 1), (10, 0)]
  (9, 1) -> [(9, 0), (10, 1)]
  (9, 4) -> [(9, 5)]
  (9, 5) -> [(8, 5), (9, 4), (10, 5)]
  (10, 0) -> [(9, 0), (10, 1), (11, 0)]
  (10, 1) -> [(9, 1), (10, 0), (11, 1)]
  (10, 2) -> [(10, 3), (11, 2)]
  (10, 3) -> [(10, 2), (11, 3)]
  (10, 4) -> [(10, 5)]
  (10, 5) -> [(9, 5), (10, 4), (11, 5)]
  (11, 0) -> [(10, 0), (11, 1)]
  (11, 1) -> [(10, 1), (11, 0), (11, 2)]
  (11, 2) -> [(10, 2), (11, 1), (11, 3)]
  (11, 3) -> [(10, 3), (11, 2)]
  (11, 5) -> [(10, 5)]
parent_path: {}
exploration_queue: [(9, 4), (8, 7), (7, 8), (4, 7), (3, 8), (1, 8), (11, 5), (10, 4)]

2025-07-31 20:36:54,816 - DEBUG - 
=== VISUAL BOARD - STEP 78 - BFS-EXPLORATION ===
   0  1  2  3  4  5  6  7  8  9 10 11
11 .  .  .  .  .  .  .  .  .  .  .  .   11
10 .  .  .  .  .  .  .  .  .  .  .  .   10
 9 .  .  .  .  .  .  .  .  .  .  .  .    9
 8 .  V  V  V  .  .  .  V  .  .  .  .    8
 7 V  V  V  V  V  .  .  V  V  .  .  .    7
 6 V  V  V  V  V  V  V  V  V  .  .  .    6
 5 V  V  V  V  V  V  V  V  V  V  R  V    5
 4 V  V  V  V  V  V  V  V  .  V  V  .    4
 3 V  V  V  V  V  V  V  V  .  .  V  V    3
 2 V  V  V  V  V  V  V  V  .  .  V  V    2
 1 V  V  V  V  V  V  V  V  V  V  V  V    1
 0 V  V  V  V  V  V  V  V  V  V  V  V    0
   0  1  2  3  4  5  6  7  8  9 10 11
Legend: R=Robot, V=Visited, P=Path, .=Unvisited

2025-07-31 20:36:54,816 - INFO - BFS Exploration Step 79: Exploring (9, 4)
2025-07-31 20:36:54,816 - DEBUG - Moving left from (10, 5) to (9, 5)
2025-07-31 20:36:54,910 - DEBUG - Moving down from (9, 5) to (9, 4)
2025-07-31 20:36:54,990 - DEBUG - Sensor readings: {'front': 1325.2114067303255, 'right': 280.115914925782, 'back': 348.4410220352869, 'left': 1393.5534818823348}
2025-07-31 20:36:54,991 - DEBUG - Wall detected right to (10, 4)
2025-07-31 20:36:54,991 - DEBUG - Added neighbor left: (8, 4)
2025-07-31 20:36:54,991 - DEBUG - Wall detected down to (9, 3)
2025-07-31 20:36:54,991 - DEBUG - Added 1 new neighbors. Queue size: 8
2025-07-31 20:36:54,991 - DEBUG - 
=== STEP 79 DATA STRUCTURES ===
Current Cell: (9, 4)
explored_cells: [(0, 0), (0, 1), (0, 2), (0, 3), (0, 4), (0, 5), (0, 6), (0, 7), (1, 0), (1, 1), (1, 2), (1, 3), (1, 4), (1, 5), (1, 6), (1, 7), (1, 8), (2, 0), (2, 1), (2, 2), (2, 3), (2, 4), (2, 5), (2, 6), (2, 7), (2, 8), (3, 0), (3, 1), (3, 2), (3, 3), (3, 4), (3, 5), (3, 6), (3, 7), (3, 8), (4, 0), (4, 1), (4, 2), (4, 3), (4, 4), (4, 5), (4, 6), (4, 7), (5, 0), (5, 1), (5, 2), (5, 3), (5, 4), (5, 5), (5, 6), (6, 0), (6, 1), (6, 2), (6, 3), (6, 4), (6, 5), (6, 6), (7, 0), (7, 1), (7, 2), (7, 3), (7, 4), (7, 5), (7, 6), (7, 7), (7, 8), (8, 0), (8, 1), (8, 4), (8, 5), (8, 6), (8, 7), (9, 0), (9, 1), (9, 4), (9, 5), (10, 0), (10, 1), (10, 2), (10, 3), (10, 4), (10, 5), (11, 0), (11, 1), (11, 2), (11, 3), (11, 5)]
accessible_from:
  (0, 0) -> [(0, 1), (1, 0)]
  (0, 1) -> [(0, 0), (1, 1)]
  (0, 2) -> [(0, 3)]
  (0, 3) -> [(0, 2), (0, 4)]
  (0, 4) -> [(0, 3), (0, 5)]
  (0, 5) -> [(0, 4), (0, 6), (1, 5)]
  (0, 6) -> [(0, 5), (0, 7), (1, 6)]
  (0, 7) -> [(0, 6)]
  (1, 0) -> [(0, 0), (1, 1), (2, 0)]
  (1, 1) -> [(0, 1), (1, 0), (2, 1)]
  (1, 2) -> [(1, 3), (2, 2)]
  (1, 3) -> [(1, 2), (2, 3)]
  (1, 4) -> [(1, 5), (2, 4)]
  (1, 5) -> [(0, 5), (1, 4), (2, 5)]
  (1, 6) -> [(0, 6), (1, 7)]
  (1, 7) -> [(1, 6), (2, 7)]
  (1, 8) -> [(2, 8)]
  (2, 0) -> [(1, 0), (3, 0)]
  (2, 1) -> [(1, 1), (2, 2)]
  (2, 2) -> [(1, 2), (2, 1), (3, 2)]
  (2, 3) -> [(1, 3), (2, 4), (3, 3)]
  (2, 4) -> [(1, 4), (2, 3), (3, 4)]
  (2, 5) -> [(1, 5), (2, 6), (3, 5)]
  (2, 6) -> [(2, 5), (3, 6)]
  (2, 7) -> [(1, 7), (2, 8), (3, 7)]
  (2, 8) -> [(1, 8), (2, 7), (3, 8)]
  (3, 0) -> [(2, 0), (4, 0)]
  (3, 1) -> [(3, 2), (4, 1)]
  (3, 2) -> [(2, 2), (3, 1), (4, 2)]
  (3, 3) -> [(2, 3), (3, 4), (4, 3)]
  (3, 4) -> [(2, 4), (3, 3), (4, 4)]
  (3, 5) -> [(2, 5), (3, 6), (4, 5)]
  (3, 6) -> [(2, 6), (3, 5), (4, 6)]
  (3, 7) -> [(2, 7), (3, 8), (4, 7)]
  (3, 8) -> [(2, 8), (3, 7)]
  (4, 0) -> [(3, 0), (5, 0)]
  (4, 1) -> [(3, 1), (4, 2), (5, 1)]
  (4, 2) -> [(3, 2), (4, 1)]
  (4, 3) -> [(3, 3), (4, 4), (5, 3)]
  (4, 4) -> [(3, 4), (4, 3), (5, 4)]
  (4, 5) -> [(3, 5), (4, 6)]
  (4, 6) -> [(3, 6), (4, 5)]
  (4, 7) -> [(3, 7)]
  (5, 0) -> [(4, 0), (5, 1), (6, 0)]
  (5, 1) -> [(4, 1), (5, 0), (5, 2), (6, 1)]
  (5, 2) -> [(5, 1), (6, 2)]
  (5, 3) -> [(4, 3), (5, 4), (6, 3)]
  (5, 4) -> [(4, 4), (5, 3)]
  (5, 5) -> [(5, 6), (6, 5)]
  (5, 6) -> [(5, 5), (6, 6)]
  (6, 0) -> [(5, 0), (6, 1), (7, 0)]
  (6, 1) -> [(5, 1), (6, 0), (7, 1)]
  (6, 2) -> [(5, 2), (7, 2)]
  (6, 3) -> [(5, 3), (6, 4), (7, 3)]
  (6, 4) -> [(6, 3), (6, 5), (7, 4)]
  (6, 5) -> [(5, 5), (6, 4), (6, 6), (7, 5)]
  (6, 6) -> [(5, 6), (6, 5), (7, 6)]
  (7, 0) -> [(6, 0), (7, 1), (8, 0)]
  (7, 1) -> [(6, 1), (7, 0), (8, 1)]
  (7, 2) -> [(6, 2)]
  (7, 3) -> [(6, 3), (7, 4)]
  (7, 4) -> [(6, 4), (7, 3)]
  (7, 5) -> [(6, 5), (7, 6), (8, 5)]
  (7, 6) -> [(6, 6), (7, 5), (7, 7), (8, 6)]
  (7, 7) -> [(7, 6), (7, 8), (8, 7)]
  (7, 8) -> [(7, 7)]
  (8, 0) -> [(7, 0), (8, 1), (9, 0)]
  (8, 1) -> [(7, 1), (8, 0)]
  (8, 4) -> [(9, 4)]
  (8, 5) -> [(7, 5), (9, 5)]
  (8, 6) -> [(7, 6), (8, 7)]
  (8, 7) -> [(7, 7), (8, 6)]
  (9, 0) -> [(8, 0), (9, 1), (10, 0)]
  (9, 1) -> [(9, 0), (10, 1)]
  (9, 4) -> [(8, 4), (9, 5)]
  (9, 5) -> [(8, 5), (9, 4), (10, 5)]
  (10, 0) -> [(9, 0), (10, 1), (11, 0)]
  (10, 1) -> [(9, 1), (10, 0), (11, 1)]
  (10, 2) -> [(10, 3), (11, 2)]
  (10, 3) -> [(10, 2), (11, 3)]
  (10, 4) -> [(10, 5)]
  (10, 5) -> [(9, 5), (10, 4), (11, 5)]
  (11, 0) -> [(10, 0), (11, 1)]
  (11, 1) -> [(10, 1), (11, 0), (11, 2)]
  (11, 2) -> [(10, 2), (11, 1), (11, 3)]
  (11, 3) -> [(10, 3), (11, 2)]
  (11, 5) -> [(10, 5)]
parent_path: {}
exploration_queue: [(8, 7), (7, 8), (4, 7), (3, 8), (1, 8), (11, 5), (10, 4), (8, 4)]

2025-07-31 20:36:54,991 - DEBUG - 
=== VISUAL BOARD - STEP 79 - BFS-EXPLORATION ===
   0  1  2  3  4  5  6  7  8  9 10 11
11 .  .  .  .  .  .  .  .  .  .  .  .   11
10 .  .  .  .  .  .  .  .  .  .  .  .   10
 9 .  .  .  .  .  .  .  .  .  .  .  .    9
 8 .  V  V  V  .  .  .  V  .  .  .  .    8
 7 V  V  V  V  V  .  .  V  V  .  .  .    7
 6 V  V  V  V  V  V  V  V  V  .  .  .    6
 5 V  V  V  V  V  V  V  V  V  V  V  V    5
 4 V  V  V  V  V  V  V  V  V  R  V  .    4
 3 V  V  V  V  V  V  V  V  .  .  V  V    3
 2 V  V  V  V  V  V  V  V  .  .  V  V    2
 1 V  V  V  V  V  V  V  V  V  V  V  V    1
 0 V  V  V  V  V  V  V  V  V  V  V  V    0
   0  1  2  3  4  5  6  7  8  9 10 11
Legend: R=Robot, V=Visited, P=Path, .=Unvisited

2025-07-31 20:36:54,991 - INFO - BFS Exploration Step 80: Exploring (8, 7)
2025-07-31 20:36:54,991 - DEBUG - Moving up from (9, 4) to (9, 5)
2025-07-31 20:36:55,060 - DEBUG - Moving left from (9, 5) to (8, 5)
2025-07-31 20:36:55,152 - DEBUG - Moving left from (8, 5) to (7, 5)
2025-07-31 20:36:55,247 - DEBUG - Moving up from (7, 5) to (7, 6)
2025-07-31 20:36:55,328 - DEBUG - Moving up from (7, 6) to (7, 7)
2025-07-31 20:36:55,406 - DEBUG - Moving right from (7, 7) to (8, 7)
2025-07-31 20:36:55,501 - DEBUG - Sensor readings: {'front': 2000.0, 'right': 2000.0, 'back': 1368.4792102937788, 'left': 1299.115038627563}
2025-07-31 20:36:55,501 - DEBUG - Added neighbor right: (9, 7)
2025-07-31 20:36:55,501 - DEBUG - Added neighbor up: (8, 8)
2025-07-31 20:36:55,502 - DEBUG - Added 2 new neighbors. Queue size: 9
2025-07-31 20:36:55,502 - DEBUG - 
=== STEP 80 DATA STRUCTURES ===
Current Cell: (8, 7)
explored_cells: [(0, 0), (0, 1), (0, 2), (0, 3), (0, 4), (0, 5), (0, 6), (0, 7), (1, 0), (1, 1), (1, 2), (1, 3), (1, 4), (1, 5), (1, 6), (1, 7), (1, 8), (2, 0), (2, 1), (2, 2), (2, 3), (2, 4), (2, 5), (2, 6), (2, 7), (2, 8), (3, 0), (3, 1), (3, 2), (3, 3), (3, 4), (3, 5), (3, 6), (3, 7), (3, 8), (4, 0), (4, 1), (4, 2), (4, 3), (4, 4), (4, 5), (4, 6), (4, 7), (5, 0), (5, 1), (5, 2), (5, 3), (5, 4), (5, 5), (5, 6), (6, 0), (6, 1), (6, 2), (6, 3), (6, 4), (6, 5), (6, 6), (7, 0), (7, 1), (7, 2), (7, 3), (7, 4), (7, 5), (7, 6), (7, 7), (7, 8), (8, 0), (8, 1), (8, 4), (8, 5), (8, 6), (8, 7), (8, 8), (9, 0), (9, 1), (9, 4), (9, 5), (9, 7), (10, 0), (10, 1), (10, 2), (10, 3), (10, 4), (10, 5), (11, 0), (11, 1), (11, 2), (11, 3), (11, 5)]
accessible_from:
  (0, 0) -> [(0, 1), (1, 0)]
  (0, 1) -> [(0, 0), (1, 1)]
  (0, 2) -> [(0, 3)]
  (0, 3) -> [(0, 2), (0, 4)]
  (0, 4) -> [(0, 3), (0, 5)]
  (0, 5) -> [(0, 4), (0, 6), (1, 5)]
  (0, 6) -> [(0, 5), (0, 7), (1, 6)]
  (0, 7) -> [(0, 6)]
  (1, 0) -> [(0, 0), (1, 1), (2, 0)]
  (1, 1) -> [(0, 1), (1, 0), (2, 1)]
  (1, 2) -> [(1, 3), (2, 2)]
  (1, 3) -> [(1, 2), (2, 3)]
  (1, 4) -> [(1, 5), (2, 4)]
  (1, 5) -> [(0, 5), (1, 4), (2, 5)]
  (1, 6) -> [(0, 6), (1, 7)]
  (1, 7) -> [(1, 6), (2, 7)]
  (1, 8) -> [(2, 8)]
  (2, 0) -> [(1, 0), (3, 0)]
  (2, 1) -> [(1, 1), (2, 2)]
  (2, 2) -> [(1, 2), (2, 1), (3, 2)]
  (2, 3) -> [(1, 3), (2, 4), (3, 3)]
  (2, 4) -> [(1, 4), (2, 3), (3, 4)]
  (2, 5) -> [(1, 5), (2, 6), (3, 5)]
  (2, 6) -> [(2, 5), (3, 6)]
  (2, 7) -> [(1, 7), (2, 8), (3, 7)]
  (2, 8) -> [(1, 8), (2, 7), (3, 8)]
  (3, 0) -> [(2, 0), (4, 0)]
  (3, 1) -> [(3, 2), (4, 1)]
  (3, 2) -> [(2, 2), (3, 1), (4, 2)]
  (3, 3) -> [(2, 3), (3, 4), (4, 3)]
  (3, 4) -> [(2, 4), (3, 3), (4, 4)]
  (3, 5) -> [(2, 5), (3, 6), (4, 5)]
  (3, 6) -> [(2, 6), (3, 5), (4, 6)]
  (3, 7) -> [(2, 7), (3, 8), (4, 7)]
  (3, 8) -> [(2, 8), (3, 7)]
  (4, 0) -> [(3, 0), (5, 0)]
  (4, 1) -> [(3, 1), (4, 2), (5, 1)]
  (4, 2) -> [(3, 2), (4, 1)]
  (4, 3) -> [(3, 3), (4, 4), (5, 3)]
  (4, 4) -> [(3, 4), (4, 3), (5, 4)]
  (4, 5) -> [(3, 5), (4, 6)]
  (4, 6) -> [(3, 6), (4, 5)]
  (4, 7) -> [(3, 7)]
  (5, 0) -> [(4, 0), (5, 1), (6, 0)]
  (5, 1) -> [(4, 1), (5, 0), (5, 2), (6, 1)]
  (5, 2) -> [(5, 1), (6, 2)]
  (5, 3) -> [(4, 3), (5, 4), (6, 3)]
  (5, 4) -> [(4, 4), (5, 3)]
  (5, 5) -> [(5, 6), (6, 5)]
  (5, 6) -> [(5, 5), (6, 6)]
  (6, 0) -> [(5, 0), (6, 1), (7, 0)]
  (6, 1) -> [(5, 1), (6, 0), (7, 1)]
  (6, 2) -> [(5, 2), (7, 2)]
  (6, 3) -> [(5, 3), (6, 4), (7, 3)]
  (6, 4) -> [(6, 3), (6, 5), (7, 4)]
  (6, 5) -> [(5, 5), (6, 4), (6, 6), (7, 5)]
  (6, 6) -> [(5, 6), (6, 5), (7, 6)]
  (7, 0) -> [(6, 0), (7, 1), (8, 0)]
  (7, 1) -> [(6, 1), (7, 0), (8, 1)]
  (7, 2) -> [(6, 2)]
  (7, 3) -> [(6, 3), (7, 4)]
  (7, 4) -> [(6, 4), (7, 3)]
  (7, 5) -> [(6, 5), (7, 6), (8, 5)]
  (7, 6) -> [(6, 6), (7, 5), (7, 7), (8, 6)]
  (7, 7) -> [(7, 6), (7, 8), (8, 7)]
  (7, 8) -> [(7, 7)]
  (8, 0) -> [(7, 0), (8, 1), (9, 0)]
  (8, 1) -> [(7, 1), (8, 0)]
  (8, 4) -> [(9, 4)]
  (8, 5) -> [(7, 5), (9, 5)]
  (8, 6) -> [(7, 6), (8, 7)]
  (8, 7) -> [(7, 7), (8, 6), (8, 8), (9, 7)]
  (8, 8) -> [(8, 7)]
  (9, 0) -> [(8, 0), (9, 1), (10, 0)]
  (9, 1) -> [(9, 0), (10, 1)]
  (9, 4) -> [(8, 4), (9, 5)]
  (9, 5) -> [(8, 5), (9, 4), (10, 5)]
  (9, 7) -> [(8, 7)]
  (10, 0) -> [(9, 0), (10, 1), (11, 0)]
  (10, 1) -> [(9, 1), (10, 0), (11, 1)]
  (10, 2) -> [(10, 3), (11, 2)]
  (10, 3) -> [(10, 2), (11, 3)]
  (10, 4) -> [(10, 5)]
  (10, 5) -> [(9, 5), (10, 4), (11, 5)]
  (11, 0) -> [(10, 0), (11, 1)]
  (11, 1) -> [(10, 1), (11, 0), (11, 2)]
  (11, 2) -> [(10, 2), (11, 1), (11, 3)]
  (11, 3) -> [(10, 3), (11, 2)]
  (11, 5) -> [(10, 5)]
parent_path: {}
exploration_queue: [(7, 8), (4, 7), (3, 8), (1, 8), (11, 5), (10, 4), (8, 4), (9, 7), (8, 8)]

2025-07-31 20:36:55,502 - DEBUG - 
=== VISUAL BOARD - STEP 80 - BFS-EXPLORATION ===
   0  1  2  3  4  5  6  7  8  9 10 11
11 .  .  .  .  .  .  .  .  .  .  .  .   11
10 .  .  .  .  .  .  .  .  .  .  .  .   10
 9 .  .  .  .  .  .  .  .  .  .  .  .    9
 8 .  V  V  V  .  .  .  V  V  .  .  .    8
 7 V  V  V  V  V  .  .  V  R  V  .  .    7
 6 V  V  V  V  V  V  V  V  V  .  .  .    6
 5 V  V  V  V  V  V  V  V  V  V  V  V    5
 4 V  V  V  V  V  V  V  V  V  V  V  .    4
 3 V  V  V  V  V  V  V  V  .  .  V  V    3
 2 V  V  V  V  V  V  V  V  .  .  V  V    2
 1 V  V  V  V  V  V  V  V  V  V  V  V    1
 0 V  V  V  V  V  V  V  V  V  V  V  V    0
   0  1  2  3  4  5  6  7  8  9 10 11
Legend: R=Robot, V=Visited, P=Path, .=Unvisited

2025-07-31 20:36:55,502 - INFO - BFS Exploration Step 81: Exploring (7, 8)
2025-07-31 20:36:55,502 - DEBUG - Moving left from (8, 7) to (7, 7)
2025-07-31 20:36:55,598 - DEBUG - Moving up from (7, 7) to (7, 8)
2025-07-31 20:36:55,677 - DEBUG - Sensor readings: {'front': 1368.3294614224396, 'right': 370.7030703199296, 'back': 2000.0, 'left': 2000.0}
2025-07-31 20:36:55,677 - DEBUG - Wall detected right to (8, 8)
2025-07-31 20:36:55,677 - DEBUG - Added neighbor up: (7, 9)
2025-07-31 20:36:55,677 - DEBUG - Added neighbor left: (6, 8)
2025-07-31 20:36:55,677 - DEBUG - Added 2 new neighbors. Queue size: 10
2025-07-31 20:36:55,678 - DEBUG - 
=== STEP 81 DATA STRUCTURES ===
Current Cell: (7, 8)
explored_cells: [(0, 0), (0, 1), (0, 2), (0, 3), (0, 4), (0, 5), (0, 6), (0, 7), (1, 0), (1, 1), (1, 2), (1, 3), (1, 4), (1, 5), (1, 6), (1, 7), (1, 8), (2, 0), (2, 1), (2, 2), (2, 3), (2, 4), (2, 5), (2, 6), (2, 7), (2, 8), (3, 0), (3, 1), (3, 2), (3, 3), (3, 4), (3, 5), (3, 6), (3, 7), (3, 8), (4, 0), (4, 1), (4, 2), (4, 3), (4, 4), (4, 5), (4, 6), (4, 7), (5, 0), (5, 1), (5, 2), (5, 3), (5, 4), (5, 5), (5, 6), (6, 0), (6, 1), (6, 2), (6, 3), (6, 4), (6, 5), (6, 6), (6, 8), (7, 0), (7, 1), (7, 2), (7, 3), (7, 4), (7, 5), (7, 6), (7, 7), (7, 8), (7, 9), (8, 0), (8, 1), (8, 4), (8, 5), (8, 6), (8, 7), (8, 8), (9, 0), (9, 1), (9, 4), (9, 5), (9, 7), (10, 0), (10, 1), (10, 2), (10, 3), (10, 4), (10, 5), (11, 0), (11, 1), (11, 2), (11, 3), (11, 5)]
accessible_from:
  (0, 0) -> [(0, 1), (1, 0)]
  (0, 1) -> [(0, 0), (1, 1)]
  (0, 2) -> [(0, 3)]
  (0, 3) -> [(0, 2), (0, 4)]
  (0, 4) -> [(0, 3), (0, 5)]
  (0, 5) -> [(0, 4), (0, 6), (1, 5)]
  (0, 6) -> [(0, 5), (0, 7), (1, 6)]
  (0, 7) -> [(0, 6)]
  (1, 0) -> [(0, 0), (1, 1), (2, 0)]
  (1, 1) -> [(0, 1), (1, 0), (2, 1)]
  (1, 2) -> [(1, 3), (2, 2)]
  (1, 3) -> [(1, 2), (2, 3)]
  (1, 4) -> [(1, 5), (2, 4)]
  (1, 5) -> [(0, 5), (1, 4), (2, 5)]
  (1, 6) -> [(0, 6), (1, 7)]
  (1, 7) -> [(1, 6), (2, 7)]
  (1, 8) -> [(2, 8)]
  (2, 0) -> [(1, 0), (3, 0)]
  (2, 1) -> [(1, 1), (2, 2)]
  (2, 2) -> [(1, 2), (2, 1), (3, 2)]
  (2, 3) -> [(1, 3), (2, 4), (3, 3)]
  (2, 4) -> [(1, 4), (2, 3), (3, 4)]
  (2, 5) -> [(1, 5), (2, 6), (3, 5)]
  (2, 6) -> [(2, 5), (3, 6)]
  (2, 7) -> [(1, 7), (2, 8), (3, 7)]
  (2, 8) -> [(1, 8), (2, 7), (3, 8)]
  (3, 0) -> [(2, 0), (4, 0)]
  (3, 1) -> [(3, 2), (4, 1)]
  (3, 2) -> [(2, 2), (3, 1), (4, 2)]
  (3, 3) -> [(2, 3), (3, 4), (4, 3)]
  (3, 4) -> [(2, 4), (3, 3), (4, 4)]
  (3, 5) -> [(2, 5), (3, 6), (4, 5)]
  (3, 6) -> [(2, 6), (3, 5), (4, 6)]
  (3, 7) -> [(2, 7), (3, 8), (4, 7)]
  (3, 8) -> [(2, 8), (3, 7)]
  (4, 0) -> [(3, 0), (5, 0)]
  (4, 1) -> [(3, 1), (4, 2), (5, 1)]
  (4, 2) -> [(3, 2), (4, 1)]
  (4, 3) -> [(3, 3), (4, 4), (5, 3)]
  (4, 4) -> [(3, 4), (4, 3), (5, 4)]
  (4, 5) -> [(3, 5), (4, 6)]
  (4, 6) -> [(3, 6), (4, 5)]
  (4, 7) -> [(3, 7)]
  (5, 0) -> [(4, 0), (5, 1), (6, 0)]
  (5, 1) -> [(4, 1), (5, 0), (5, 2), (6, 1)]
  (5, 2) -> [(5, 1), (6, 2)]
  (5, 3) -> [(4, 3), (5, 4), (6, 3)]
  (5, 4) -> [(4, 4), (5, 3)]
  (5, 5) -> [(5, 6), (6, 5)]
  (5, 6) -> [(5, 5), (6, 6)]
  (6, 0) -> [(5, 0), (6, 1), (7, 0)]
  (6, 1) -> [(5, 1), (6, 0), (7, 1)]
  (6, 2) -> [(5, 2), (7, 2)]
  (6, 3) -> [(5, 3), (6, 4), (7, 3)]
  (6, 4) -> [(6, 3), (6, 5), (7, 4)]
  (6, 5) -> [(5, 5), (6, 4), (6, 6), (7, 5)]
  (6, 6) -> [(5, 6), (6, 5), (7, 6)]
  (6, 8) -> [(7, 8)]
  (7, 0) -> [(6, 0), (7, 1), (8, 0)]
  (7, 1) -> [(6, 1), (7, 0), (8, 1)]
  (7, 2) -> [(6, 2)]
  (7, 3) -> [(6, 3), (7, 4)]
  (7, 4) -> [(6, 4), (7, 3)]
  (7, 5) -> [(6, 5), (7, 6), (8, 5)]
  (7, 6) -> [(6, 6), (7, 5), (7, 7), (8, 6)]
  (7, 7) -> [(7, 6), (7, 8), (8, 7)]
  (7, 8) -> [(6, 8), (7, 7), (7, 9)]
  (7, 9) -> [(7, 8)]
  (8, 0) -> [(7, 0), (8, 1), (9, 0)]
  (8, 1) -> [(7, 1), (8, 0)]
  (8, 4) -> [(9, 4)]
  (8, 5) -> [(7, 5), (9, 5)]
  (8, 6) -> [(7, 6), (8, 7)]
  (8, 7) -> [(7, 7), (8, 6), (8, 8), (9, 7)]
  (8, 8) -> [(8, 7)]
  (9, 0) -> [(8, 0), (9, 1), (10, 0)]
  (9, 1) -> [(9, 0), (10, 1)]
  (9, 4) -> [(8, 4), (9, 5)]
  (9, 5) -> [(8, 5), (9, 4), (10, 5)]
  (9, 7) -> [(8, 7)]
  (10, 0) -> [(9, 0), (10, 1), (11, 0)]
  (10, 1) -> [(9, 1), (10, 0), (11, 1)]
  (10, 2) -> [(10, 3), (11, 2)]
  (10, 3) -> [(10, 2), (11, 3)]
  (10, 4) -> [(10, 5)]
  (10, 5) -> [(9, 5), (10, 4), (11, 5)]
  (11, 0) -> [(10, 0), (11, 1)]
  (11, 1) -> [(10, 1), (11, 0), (11, 2)]
  (11, 2) -> [(10, 2), (11, 1), (11, 3)]
  (11, 3) -> [(10, 3), (11, 2)]
  (11, 5) -> [(10, 5)]
parent_path: {}
exploration_queue: [(4, 7), (3, 8), (1, 8), (11, 5), (10, 4), (8, 4), (9, 7), (8, 8), (7, 9), (6, 8)]

2025-07-31 20:36:55,678 - DEBUG - 
=== VISUAL BOARD - STEP 81 - BFS-EXPLORATION ===
   0  1  2  3  4  5  6  7  8  9 10 11
11 .  .  .  .  .  .  .  .  .  .  .  .   11
10 .  .  .  .  .  .  .  .  .  .  .  .   10
 9 .  .  .  .  .  .  .  V  .  .  .  .    9
 8 .  V  V  V  .  .  V  R  V  .  .  .    8
 7 V  V  V  V  V  .  .  V  V  V  .  .    7
 6 V  V  V  V  V  V  V  V  V  .  .  .    6
 5 V  V  V  V  V  V  V  V  V  V  V  V    5
 4 V  V  V  V  V  V  V  V  V  V  V  .    4
 3 V  V  V  V  V  V  V  V  .  .  V  V    3
 2 V  V  V  V  V  V  V  V  .  .  V  V    2
 1 V  V  V  V  V  V  V  V  V  V  V  V    1
 0 V  V  V  V  V  V  V  V  V  V  V  V    0
   0  1  2  3  4  5  6  7  8  9 10 11
Legend: R=Robot, V=Visited, P=Path, .=Unvisited

2025-07-31 20:36:55,678 - INFO - BFS Exploration Step 82: Exploring (4, 7)
2025-07-31 20:36:55,678 - DEBUG - Moving down from (7, 8) to (7, 7)
2025-07-31 20:36:55,746 - DEBUG - Moving down from (7, 7) to (7, 6)
2025-07-31 20:36:55,827 - DEBUG - Moving left from (7, 6) to (6, 6)
2025-07-31 20:36:55,934 - DEBUG - Moving down from (6, 6) to (6, 5)
2025-07-31 20:36:56,005 - DEBUG - Moving down from (6, 5) to (6, 4)
2025-07-31 20:36:56,083 - DEBUG - Moving down from (6, 4) to (6, 3)
2025-07-31 20:36:56,166 - DEBUG - Moving left from (6, 3) to (5, 3)
2025-07-31 20:36:56,270 - DEBUG - Moving up from (5, 3) to (5, 4)
2025-07-31 20:36:56,346 - DEBUG - Moving left from (5, 4) to (4, 4)
2025-07-31 20:36:56,434 - DEBUG - Moving left from (4, 4) to (3, 4)
2025-07-31 20:36:56,535 - DEBUG - Moving left from (3, 4) to (2, 4)
2025-07-31 20:36:56,633 - DEBUG - Moving left from (2, 4) to (1, 4)
2025-07-31 20:36:56,728 - DEBUG - Moving up from (1, 4) to (1, 5)
2025-07-31 20:36:56,807 - DEBUG - Moving left from (1, 5) to (0, 5)
2025-07-31 20:36:56,899 - DEBUG - Moving up from (0, 5) to (0, 6)
2025-07-31 20:36:56,974 - DEBUG - Moving right from (0, 6) to (1, 6)
2025-07-31 20:36:57,076 - DEBUG - Moving up from (1, 6) to (1, 7)
2025-07-31 20:36:57,157 - DEBUG - Moving right from (1, 7) to (2, 7)
2025-07-31 20:36:57,256 - DEBUG - Moving right from (2, 7) to (3, 7)
2025-07-31 20:36:57,351 - DEBUG - Moving right from (3, 7) to (4, 7)
2025-07-31 20:36:57,454 - DEBUG - Sensor readings: {'front': 1327.716201903991, 'right': 371.4575304602838, 'back': 351.57369613580937, 'left': 2000.0}
2025-07-31 20:36:57,454 - DEBUG - Wall detected right to (5, 7)
2025-07-31 20:36:57,454 - DEBUG - Added neighbor up: (4, 8)
2025-07-31 20:36:57,454 - DEBUG - Wall detected down to (4, 6)
2025-07-31 20:36:57,454 - DEBUG - Added 1 new neighbors. Queue size: 10
2025-07-31 20:36:57,455 - DEBUG - 
=== STEP 82 DATA STRUCTURES ===
Current Cell: (4, 7)
explored_cells: [(0, 0), (0, 1), (0, 2), (0, 3), (0, 4), (0, 5), (0, 6), (0, 7), (1, 0), (1, 1), (1, 2), (1, 3), (1, 4), (1, 5), (1, 6), (1, 7), (1, 8), (2, 0), (2, 1), (2, 2), (2, 3), (2, 4), (2, 5), (2, 6), (2, 7), (2, 8), (3, 0), (3, 1), (3, 2), (3, 3), (3, 4), (3, 5), (3, 6), (3, 7), (3, 8), (4, 0), (4, 1), (4, 2), (4, 3), (4, 4), (4, 5), (4, 6), (4, 7), (4, 8), (5, 0), (5, 1), (5, 2), (5, 3), (5, 4), (5, 5), (5, 6), (6, 0), (6, 1), (6, 2), (6, 3), (6, 4), (6, 5), (6, 6), (6, 8), (7, 0), (7, 1), (7, 2), (7, 3), (7, 4), (7, 5), (7, 6), (7, 7), (7, 8), (7, 9), (8, 0), (8, 1), (8, 4), (8, 5), (8, 6), (8, 7), (8, 8), (9, 0), (9, 1), (9, 4), (9, 5), (9, 7), (10, 0), (10, 1), (10, 2), (10, 3), (10, 4), (10, 5), (11, 0), (11, 1), (11, 2), (11, 3), (11, 5)]
accessible_from:
  (0, 0) -> [(0, 1), (1, 0)]
  (0, 1) -> [(0, 0), (1, 1)]
  (0, 2) -> [(0, 3)]
  (0, 3) -> [(0, 2), (0, 4)]
  (0, 4) -> [(0, 3), (0, 5)]
  (0, 5) -> [(0, 4), (0, 6), (1, 5)]
  (0, 6) -> [(0, 5), (0, 7), (1, 6)]
  (0, 7) -> [(0, 6)]
  (1, 0) -> [(0, 0), (1, 1), (2, 0)]
  (1, 1) -> [(0, 1), (1, 0), (2, 1)]
  (1, 2) -> [(1, 3), (2, 2)]
  (1, 3) -> [(1, 2), (2, 3)]
  (1, 4) -> [(1, 5), (2, 4)]
  (1, 5) -> [(0, 5), (1, 4), (2, 5)]
  (1, 6) -> [(0, 6), (1, 7)]
  (1, 7) -> [(1, 6), (2, 7)]
  (1, 8) -> [(2, 8)]
  (2, 0) -> [(1, 0), (3, 0)]
  (2, 1) -> [(1, 1), (2, 2)]
  (2, 2) -> [(1, 2), (2, 1), (3, 2)]
  (2, 3) -> [(1, 3), (2, 4), (3, 3)]
  (2, 4) -> [(1, 4), (2, 3), (3, 4)]
  (2, 5) -> [(1, 5), (2, 6), (3, 5)]
  (2, 6) -> [(2, 5), (3, 6)]
  (2, 7) -> [(1, 7), (2, 8), (3, 7)]
  (2, 8) -> [(1, 8), (2, 7), (3, 8)]
  (3, 0) -> [(2, 0), (4, 0)]
  (3, 1) -> [(3, 2), (4, 1)]
  (3, 2) -> [(2, 2), (3, 1), (4, 2)]
  (3, 3) -> [(2, 3), (3, 4), (4, 3)]
  (3, 4) -> [(2, 4), (3, 3), (4, 4)]
  (3, 5) -> [(2, 5), (3, 6), (4, 5)]
  (3, 6) -> [(2, 6), (3, 5), (4, 6)]
  (3, 7) -> [(2, 7), (3, 8), (4, 7)]
  (3, 8) -> [(2, 8), (3, 7)]
  (4, 0) -> [(3, 0), (5, 0)]
  (4, 1) -> [(3, 1), (4, 2), (5, 1)]
  (4, 2) -> [(3, 2), (4, 1)]
  (4, 3) -> [(3, 3), (4, 4), (5, 3)]
  (4, 4) -> [(3, 4), (4, 3), (5, 4)]
  (4, 5) -> [(3, 5), (4, 6)]
  (4, 6) -> [(3, 6), (4, 5)]
  (4, 7) -> [(3, 7), (4, 8)]
  (4, 8) -> [(4, 7)]
  (5, 0) -> [(4, 0), (5, 1), (6, 0)]
  (5, 1) -> [(4, 1), (5, 0), (5, 2), (6, 1)]
  (5, 2) -> [(5, 1), (6, 2)]
  (5, 3) -> [(4, 3), (5, 4), (6, 3)]
  (5, 4) -> [(4, 4), (5, 3)]
  (5, 5) -> [(5, 6), (6, 5)]
  (5, 6) -> [(5, 5), (6, 6)]
  (6, 0) -> [(5, 0), (6, 1), (7, 0)]
  (6, 1) -> [(5, 1), (6, 0), (7, 1)]
  (6, 2) -> [(5, 2), (7, 2)]
  (6, 3) -> [(5, 3), (6, 4), (7, 3)]
  (6, 4) -> [(6, 3), (6, 5), (7, 4)]
  (6, 5) -> [(5, 5), (6, 4), (6, 6), (7, 5)]
  (6, 6) -> [(5, 6), (6, 5), (7, 6)]
  (6, 8) -> [(7, 8)]
  (7, 0) -> [(6, 0), (7, 1), (8, 0)]
  (7, 1) -> [(6, 1), (7, 0), (8, 1)]
  (7, 2) -> [(6, 2)]
  (7, 3) -> [(6, 3), (7, 4)]
  (7, 4) -> [(6, 4), (7, 3)]
  (7, 5) -> [(6, 5), (7, 6), (8, 5)]
  (7, 6) -> [(6, 6), (7, 5), (7, 7), (8, 6)]
  (7, 7) -> [(7, 6), (7, 8), (8, 7)]
  (7, 8) -> [(6, 8), (7, 7), (7, 9)]
  (7, 9) -> [(7, 8)]
  (8, 0) -> [(7, 0), (8, 1), (9, 0)]
  (8, 1) -> [(7, 1), (8, 0)]
  (8, 4) -> [(9, 4)]
  (8, 5) -> [(7, 5), (9, 5)]
  (8, 6) -> [(7, 6), (8, 7)]
  (8, 7) -> [(7, 7), (8, 6), (8, 8), (9, 7)]
  (8, 8) -> [(8, 7)]
  (9, 0) -> [(8, 0), (9, 1), (10, 0)]
  (9, 1) -> [(9, 0), (10, 1)]
  (9, 4) -> [(8, 4), (9, 5)]
  (9, 5) -> [(8, 5), (9, 4), (10, 5)]
  (9, 7) -> [(8, 7)]
  (10, 0) -> [(9, 0), (10, 1), (11, 0)]
  (10, 1) -> [(9, 1), (10, 0), (11, 1)]
  (10, 2) -> [(10, 3), (11, 2)]
  (10, 3) -> [(10, 2), (11, 3)]
  (10, 4) -> [(10, 5)]
  (10, 5) -> [(9, 5), (10, 4), (11, 5)]
  (11, 0) -> [(10, 0), (11, 1)]
  (11, 1) -> [(10, 1), (11, 0), (11, 2)]
  (11, 2) -> [(10, 2), (11, 1), (11, 3)]
  (11, 3) -> [(10, 3), (11, 2)]
  (11, 5) -> [(10, 5)]
parent_path: {}
exploration_queue: [(3, 8), (1, 8), (11, 5), (10, 4), (8, 4), (9, 7), (8, 8), (7, 9), (6, 8), (4, 8)]

2025-07-31 20:36:57,455 - DEBUG - 
=== VISUAL BOARD - STEP 82 - BFS-EXPLORATION ===
   0  1  2  3  4  5  6  7  8  9 10 11
11 .  .  .  .  .  .  .  .  .  .  .  .   11
10 .  .  .  .  .  .  .  .  .  .  .  .   10
 9 .  .  .  .  .  .  .  V  .  .  .  .    9
 8 .  V  V  V  V  .  V  V  V  .  .  .    8
 7 V  V  V  V  R  .  .  V  V  V  .  .    7
 6 V  V  V  V  V  V  V  V  V  .  .  .    6
 5 V  V  V  V  V  V  V  V  V  V  V  V    5
 4 V  V  V  V  V  V  V  V  V  V  V  .    4
 3 V  V  V  V  V  V  V  V  .  .  V  V    3
 2 V  V  V  V  V  V  V  V  .  .  V  V    2
 1 V  V  V  V  V  V  V  V  V  V  V  V    1
 0 V  V  V  V  V  V  V  V  V  V  V  V    0
   0  1  2  3  4  5  6  7  8  9 10 11
Legend: R=Robot, V=Visited, P=Path, .=Unvisited

2025-07-31 20:36:57,455 - INFO - BFS Exploration Step 83: Exploring (3, 8)
2025-07-31 20:36:57,455 - DEBUG - Moving left from (4, 7) to (3, 7)
2025-07-31 20:36:57,545 - DEBUG - Moving up from (3, 7) to (3, 8)
2025-07-31 20:36:57,623 - DEBUG - Sensor readings: {'front': 349.9112259350536, 'right': 374.3172561233218, 'back': 1331.4653450489684, 'left': 1855.8538666960746}
2025-07-31 20:36:57,623 - DEBUG - Wall detected right to (4, 8)
2025-07-31 20:36:57,623 - DEBUG - Wall detected up to (3, 9)
2025-07-31 20:36:57,623 - DEBUG - Added 0 new neighbors. Queue size: 9
2025-07-31 20:36:57,623 - DEBUG - 
=== STEP 83 DATA STRUCTURES ===
Current Cell: (3, 8)
explored_cells: [(0, 0), (0, 1), (0, 2), (0, 3), (0, 4), (0, 5), (0, 6), (0, 7), (1, 0), (1, 1), (1, 2), (1, 3), (1, 4), (1, 5), (1, 6), (1, 7), (1, 8), (2, 0), (2, 1), (2, 2), (2, 3), (2, 4), (2, 5), (2, 6), (2, 7), (2, 8), (3, 0), (3, 1), (3, 2), (3, 3), (3, 4), (3, 5), (3, 6), (3, 7), (3, 8), (4, 0), (4, 1), (4, 2), (4, 3), (4, 4), (4, 5), (4, 6), (4, 7), (4, 8), (5, 0), (5, 1), (5, 2), (5, 3), (5, 4), (5, 5), (5, 6), (6, 0), (6, 1), (6, 2), (6, 3), (6, 4), (6, 5), (6, 6), (6, 8), (7, 0), (7, 1), (7, 2), (7, 3), (7, 4), (7, 5), (7, 6), (7, 7), (7, 8), (7, 9), (8, 0), (8, 1), (8, 4), (8, 5), (8, 6), (8, 7), (8, 8), (9, 0), (9, 1), (9, 4), (9, 5), (9, 7), (10, 0), (10, 1), (10, 2), (10, 3), (10, 4), (10, 5), (11, 0), (11, 1), (11, 2), (11, 3), (11, 5)]
accessible_from:
  (0, 0) -> [(0, 1), (1, 0)]
  (0, 1) -> [(0, 0), (1, 1)]
  (0, 2) -> [(0, 3)]
  (0, 3) -> [(0, 2), (0, 4)]
  (0, 4) -> [(0, 3), (0, 5)]
  (0, 5) -> [(0, 4), (0, 6), (1, 5)]
  (0, 6) -> [(0, 5), (0, 7), (1, 6)]
  (0, 7) -> [(0, 6)]
  (1, 0) -> [(0, 0), (1, 1), (2, 0)]
  (1, 1) -> [(0, 1), (1, 0), (2, 1)]
  (1, 2) -> [(1, 3), (2, 2)]
  (1, 3) -> [(1, 2), (2, 3)]
  (1, 4) -> [(1, 5), (2, 4)]
  (1, 5) -> [(0, 5), (1, 4), (2, 5)]
  (1, 6) -> [(0, 6), (1, 7)]
  (1, 7) -> [(1, 6), (2, 7)]
  (1, 8) -> [(2, 8)]
  (2, 0) -> [(1, 0), (3, 0)]
  (2, 1) -> [(1, 1), (2, 2)]
  (2, 2) -> [(1, 2), (2, 1), (3, 2)]
  (2, 3) -> [(1, 3), (2, 4), (3, 3)]
  (2, 4) -> [(1, 4), (2, 3), (3, 4)]
  (2, 5) -> [(1, 5), (2, 6), (3, 5)]
  (2, 6) -> [(2, 5), (3, 6)]
  (2, 7) -> [(1, 7), (2, 8), (3, 7)]
  (2, 8) -> [(1, 8), (2, 7), (3, 8)]
  (3, 0) -> [(2, 0), (4, 0)]
  (3, 1) -> [(3, 2), (4, 1)]
  (3, 2) -> [(2, 2), (3, 1), (4, 2)]
  (3, 3) -> [(2, 3), (3, 4), (4, 3)]
  (3, 4) -> [(2, 4), (3, 3), (4, 4)]
  (3, 5) -> [(2, 5), (3, 6), (4, 5)]
  (3, 6) -> [(2, 6), (3, 5), (4, 6)]
  (3, 7) -> [(2, 7), (3, 8), (4, 7)]
  (3, 8) -> [(2, 8), (3, 7)]
  (4, 0) -> [(3, 0), (5, 0)]
  (4, 1) -> [(3, 1), (4, 2), (5, 1)]
  (4, 2) -> [(3, 2), (4, 1)]
  (4, 3) -> [(3, 3), (4, 4), (5, 3)]
  (4, 4) -> [(3, 4), (4, 3), (5, 4)]
  (4, 5) -> [(3, 5), (4, 6)]
  (4, 6) -> [(3, 6), (4, 5)]
  (4, 7) -> [(3, 7), (4, 8)]
  (4, 8) -> [(4, 7)]
  (5, 0) -> [(4, 0), (5, 1), (6, 0)]
  (5, 1) -> [(4, 1), (5, 0), (5, 2), (6, 1)]
  (5, 2) -> [(5, 1), (6, 2)]
  (5, 3) -> [(4, 3), (5, 4), (6, 3)]
  (5, 4) -> [(4, 4), (5, 3)]
  (5, 5) -> [(5, 6), (6, 5)]
  (5, 6) -> [(5, 5), (6, 6)]
  (6, 0) -> [(5, 0), (6, 1), (7, 0)]
  (6, 1) -> [(5, 1), (6, 0), (7, 1)]
  (6, 2) -> [(5, 2), (7, 2)]
  (6, 3) -> [(5, 3), (6, 4), (7, 3)]
  (6, 4) -> [(6, 3), (6, 5), (7, 4)]
  (6, 5) -> [(5, 5), (6, 4), (6, 6), (7, 5)]
  (6, 6) -> [(5, 6), (6, 5), (7, 6)]
  (6, 8) -> [(7, 8)]
  (7, 0) -> [(6, 0), (7, 1), (8, 0)]
  (7, 1) -> [(6, 1), (7, 0), (8, 1)]
  (7, 2) -> [(6, 2)]
  (7, 3) -> [(6, 3), (7, 4)]
  (7, 4) -> [(6, 4), (7, 3)]
  (7, 5) -> [(6, 5), (7, 6), (8, 5)]
  (7, 6) -> [(6, 6), (7, 5), (7, 7), (8, 6)]
  (7, 7) -> [(7, 6), (7, 8), (8, 7)]
  (7, 8) -> [(6, 8), (7, 7), (7, 9)]
  (7, 9) -> [(7, 8)]
  (8, 0) -> [(7, 0), (8, 1), (9, 0)]
  (8, 1) -> [(7, 1), (8, 0)]
  (8, 4) -> [(9, 4)]
  (8, 5) -> [(7, 5), (9, 5)]
  (8, 6) -> [(7, 6), (8, 7)]
  (8, 7) -> [(7, 7), (8, 6), (8, 8), (9, 7)]
  (8, 8) -> [(8, 7)]
  (9, 0) -> [(8, 0), (9, 1), (10, 0)]
  (9, 1) -> [(9, 0), (10, 1)]
  (9, 4) -> [(8, 4), (9, 5)]
  (9, 5) -> [(8, 5), (9, 4), (10, 5)]
  (9, 7) -> [(8, 7)]
  (10, 0) -> [(9, 0), (10, 1), (11, 0)]
  (10, 1) -> [(9, 1), (10, 0), (11, 1)]
  (10, 2) -> [(10, 3), (11, 2)]
  (10, 3) -> [(10, 2), (11, 3)]
  (10, 4) -> [(10, 5)]
  (10, 5) -> [(9, 5), (10, 4), (11, 5)]
  (11, 0) -> [(10, 0), (11, 1)]
  (11, 1) -> [(10, 1), (11, 0), (11, 2)]
  (11, 2) -> [(10, 2), (11, 1), (11, 3)]
  (11, 3) -> [(10, 3), (11, 2)]
  (11, 5) -> [(10, 5)]
parent_path: {}
exploration_queue: [(1, 8), (11, 5), (10, 4), (8, 4), (9, 7), (8, 8), (7, 9), (6, 8), (4, 8)]

2025-07-31 20:36:57,623 - DEBUG - 
=== VISUAL BOARD - STEP 83 - BFS-EXPLORATION ===
   0  1  2  3  4  5  6  7  8  9 10 11
11 .  .  .  .  .  .  .  .  .  .  .  .   11
10 .  .  .  .  .  .  .  .  .  .  .  .   10
 9 .  .  .  .  .  .  .  V  .  .  .  .    9
 8 .  V  V  R  V  .  V  V  V  .  .  .    8
 7 V  V  V  V  V  .  .  V  V  V  .  .    7
 6 V  V  V  V  V  V  V  V  V  .  .  .    6
 5 V  V  V  V  V  V  V  V  V  V  V  V    5
 4 V  V  V  V  V  V  V  V  V  V  V  .    4
 3 V  V  V  V  V  V  V  V  .  .  V  V    3
 2 V  V  V  V  V  V  V  V  .  .  V  V    2
 1 V  V  V  V  V  V  V  V  V  V  V  V    1
 0 V  V  V  V  V  V  V  V  V  V  V  V    0
   0  1  2  3  4  5  6  7  8  9 10 11
Legend: R=Robot, V=Visited, P=Path, .=Unvisited

2025-07-31 20:36:57,623 - INFO - BFS Exploration Step 84: Exploring (1, 8)
2025-07-31 20:36:57,623 - DEBUG - Moving left from (3, 8) to (2, 8)
2025-07-31 20:36:57,726 - DEBUG - Moving left from (2, 8) to (1, 8)
2025-07-31 20:36:57,826 - DEBUG - Sensor readings: {'front': 350.0560018195241, 'right': 2000.0, 'back': 301.57303528058503, 'left': 370.5425752110113}
2025-07-31 20:36:57,826 - DEBUG - Wall detected up to (1, 9)
2025-07-31 20:36:57,826 - DEBUG - Wall detected left to (0, 8)
2025-07-31 20:36:57,826 - DEBUG - Wall detected down to (1, 7)
2025-07-31 20:36:57,826 - DEBUG - Added 0 new neighbors. Queue size: 8
2025-07-31 20:36:57,826 - DEBUG - 
=== STEP 84 DATA STRUCTURES ===
Current Cell: (1, 8)
explored_cells: [(0, 0), (0, 1), (0, 2), (0, 3), (0, 4), (0, 5), (0, 6), (0, 7), (1, 0), (1, 1), (1, 2), (1, 3), (1, 4), (1, 5), (1, 6), (1, 7), (1, 8), (2, 0), (2, 1), (2, 2), (2, 3), (2, 4), (2, 5), (2, 6), (2, 7), (2, 8), (3, 0), (3, 1), (3, 2), (3, 3), (3, 4), (3, 5), (3, 6), (3, 7), (3, 8), (4, 0), (4, 1), (4, 2), (4, 3), (4, 4), (4, 5), (4, 6), (4, 7), (4, 8), (5, 0), (5, 1), (5, 2), (5, 3), (5, 4), (5, 5), (5, 6), (6, 0), (6, 1), (6, 2), (6, 3), (6, 4), (6, 5), (6, 6), (6, 8), (7, 0), (7, 1), (7, 2), (7, 3), (7, 4), (7, 5), (7, 6), (7, 7), (7, 8), (7, 9), (8, 0), (8, 1), (8, 4), (8, 5), (8, 6), (8, 7), (8, 8), (9, 0), (9, 1), (9, 4), (9, 5), (9, 7), (10, 0), (10, 1), (10, 2), (10, 3), (10, 4), (10, 5), (11, 0), (11, 1), (11, 2), (11, 3), (11, 5)]
accessible_from:
  (0, 0) -> [(0, 1), (1, 0)]
  (0, 1) -> [(0, 0), (1, 1)]
  (0, 2) -> [(0, 3)]
  (0, 3) -> [(0, 2), (0, 4)]
  (0, 4) -> [(0, 3), (0, 5)]
  (0, 5) -> [(0, 4), (0, 6), (1, 5)]
  (0, 6) -> [(0, 5), (0, 7), (1, 6)]
  (0, 7) -> [(0, 6)]
  (1, 0) -> [(0, 0), (1, 1), (2, 0)]
  (1, 1) -> [(0, 1), (1, 0), (2, 1)]
  (1, 2) -> [(1, 3), (2, 2)]
  (1, 3) -> [(1, 2), (2, 3)]
  (1, 4) -> [(1, 5), (2, 4)]
  (1, 5) -> [(0, 5), (1, 4), (2, 5)]
  (1, 6) -> [(0, 6), (1, 7)]
  (1, 7) -> [(1, 6), (2, 7)]
  (1, 8) -> [(2, 8)]
  (2, 0) -> [(1, 0), (3, 0)]
  (2, 1) -> [(1, 1), (2, 2)]
  (2, 2) -> [(1, 2), (2, 1), (3, 2)]
  (2, 3) -> [(1, 3), (2, 4), (3, 3)]
  (2, 4) -> [(1, 4), (2, 3), (3, 4)]
  (2, 5) -> [(1, 5), (2, 6), (3, 5)]
  (2, 6) -> [(2, 5), (3, 6)]
  (2, 7) -> [(1, 7), (2, 8), (3, 7)]
  (2, 8) -> [(1, 8), (2, 7), (3, 8)]
  (3, 0) -> [(2, 0), (4, 0)]
  (3, 1) -> [(3, 2), (4, 1)]
  (3, 2) -> [(2, 2), (3, 1), (4, 2)]
  (3, 3) -> [(2, 3), (3, 4), (4, 3)]
  (3, 4) -> [(2, 4), (3, 3), (4, 4)]
  (3, 5) -> [(2, 5), (3, 6), (4, 5)]
  (3, 6) -> [(2, 6), (3, 5), (4, 6)]
  (3, 7) -> [(2, 7), (3, 8), (4, 7)]
  (3, 8) -> [(2, 8), (3, 7)]
  (4, 0) -> [(3, 0), (5, 0)]
  (4, 1) -> [(3, 1), (4, 2), (5, 1)]
  (4, 2) -> [(3, 2), (4, 1)]
  (4, 3) -> [(3, 3), (4, 4), (5, 3)]
  (4, 4) -> [(3, 4), (4, 3), (5, 4)]
  (4, 5) -> [(3, 5), (4, 6)]
  (4, 6) -> [(3, 6), (4, 5)]
  (4, 7) -> [(3, 7), (4, 8)]
  (4, 8) -> [(4, 7)]
  (5, 0) -> [(4, 0), (5, 1), (6, 0)]
  (5, 1) -> [(4, 1), (5, 0), (5, 2), (6, 1)]
  (5, 2) -> [(5, 1), (6, 2)]
  (5, 3) -> [(4, 3), (5, 4), (6, 3)]
  (5, 4) -> [(4, 4), (5, 3)]
  (5, 5) -> [(5, 6), (6, 5)]
  (5, 6) -> [(5, 5), (6, 6)]
  (6, 0) -> [(5, 0), (6, 1), (7, 0)]
  (6, 1) -> [(5, 1), (6, 0), (7, 1)]
  (6, 2) -> [(5, 2), (7, 2)]
  (6, 3) -> [(5, 3), (6, 4), (7, 3)]
  (6, 4) -> [(6, 3), (6, 5), (7, 4)]
  (6, 5) -> [(5, 5), (6, 4), (6, 6), (7, 5)]
  (6, 6) -> [(5, 6), (6, 5), (7, 6)]
  (6, 8) -> [(7, 8)]
  (7, 0) -> [(6, 0), (7, 1), (8, 0)]
  (7, 1) -> [(6, 1), (7, 0), (8, 1)]
  (7, 2) -> [(6, 2)]
  (7, 3) -> [(6, 3), (7, 4)]
  (7, 4) -> [(6, 4), (7, 3)]
  (7, 5) -> [(6, 5), (7, 6), (8, 5)]
  (7, 6) -> [(6, 6), (7, 5), (7, 7), (8, 6)]
  (7, 7) -> [(7, 6), (7, 8), (8, 7)]
  (7, 8) -> [(6, 8), (7, 7), (7, 9)]
  (7, 9) -> [(7, 8)]
  (8, 0) -> [(7, 0), (8, 1), (9, 0)]
  (8, 1) -> [(7, 1), (8, 0)]
  (8, 4) -> [(9, 4)]
  (8, 5) -> [(7, 5), (9, 5)]
  (8, 6) -> [(7, 6), (8, 7)]
  (8, 7) -> [(7, 7), (8, 6), (8, 8), (9, 7)]
  (8, 8) -> [(8, 7)]
  (9, 0) -> [(8, 0), (9, 1), (10, 0)]
  (9, 1) -> [(9, 0), (10, 1)]
  (9, 4) -> [(8, 4), (9, 5)]
  (9, 5) -> [(8, 5), (9, 4), (10, 5)]
  (9, 7) -> [(8, 7)]
  (10, 0) -> [(9, 0), (10, 1), (11, 0)]
  (10, 1) -> [(9, 1), (10, 0), (11, 1)]
  (10, 2) -> [(10, 3), (11, 2)]
  (10, 3) -> [(10, 2), (11, 3)]
  (10, 4) -> [(10, 5)]
  (10, 5) -> [(9, 5), (10, 4), (11, 5)]
  (11, 0) -> [(10, 0), (11, 1)]
  (11, 1) -> [(10, 1), (11, 0), (11, 2)]
  (11, 2) -> [(10, 2), (11, 1), (11, 3)]
  (11, 3) -> [(10, 3), (11, 2)]
  (11, 5) -> [(10, 5)]
parent_path: {}
exploration_queue: [(11, 5), (10, 4), (8, 4), (9, 7), (8, 8), (7, 9), (6, 8), (4, 8)]

2025-07-31 20:36:57,826 - DEBUG - 
=== VISUAL BOARD - STEP 84 - BFS-EXPLORATION ===
   0  1  2  3  4  5  6  7  8  9 10 11
11 .  .  .  .  .  .  .  .  .  .  .  .   11
10 .  .  .  .  .  .  .  .  .  .  .  .   10
 9 .  .  .  .  .  .  .  V  .  .  .  .    9
 8 .  R  V  V  V  .  V  V  V  .  .  .    8
 7 V  V  V  V  V  .  .  V  V  V  .  .    7
 6 V  V  V  V  V  V  V  V  V  .  .  .    6
 5 V  V  V  V  V  V  V  V  V  V  V  V    5
 4 V  V  V  V  V  V  V  V  V  V  V  .    4
 3 V  V  V  V  V  V  V  V  .  .  V  V    3
 2 V  V  V  V  V  V  V  V  .  .  V  V    2
 1 V  V  V  V  V  V  V  V  V  V  V  V    1
 0 V  V  V  V  V  V  V  V  V  V  V  V    0
   0  1  2  3  4  5  6  7  8  9 10 11
Legend: R=Robot, V=Visited, P=Path, .=Unvisited

2025-07-31 20:36:57,826 - INFO - BFS Exploration Step 85: Exploring (11, 5)
2025-07-31 20:36:57,826 - DEBUG - Moving right from (1, 8) to (2, 8)
2025-07-31 20:36:57,918 - DEBUG - Moving down from (2, 8) to (2, 7)
2025-07-31 20:36:57,989 - DEBUG - Moving left from (2, 7) to (1, 7)
2025-07-31 20:36:58,096 - DEBUG - Moving down from (1, 7) to (1, 6)
2025-07-31 20:36:58,168 - DEBUG - Moving left from (1, 6) to (0, 6)
2025-07-31 20:36:58,271 - DEBUG - Moving down from (0, 6) to (0, 5)
2025-07-31 20:36:58,352 - DEBUG - Moving right from (0, 5) to (1, 5)
2025-07-31 20:36:58,451 - DEBUG - Moving down from (1, 5) to (1, 4)
2025-07-31 20:36:58,524 - DEBUG - Moving right from (1, 4) to (2, 4)
2025-07-31 20:36:58,626 - DEBUG - Moving down from (2, 4) to (2, 3)
2025-07-31 20:36:58,692 - DEBUG - Moving right from (2, 3) to (3, 3)
2025-07-31 20:36:58,792 - DEBUG - Moving right from (3, 3) to (4, 3)
2025-07-31 20:36:58,902 - DEBUG - Moving right from (4, 3) to (5, 3)
2025-07-31 20:36:59,003 - DEBUG - Moving right from (5, 3) to (6, 3)
2025-07-31 20:36:59,107 - DEBUG - Moving up from (6, 3) to (6, 4)
2025-07-31 20:36:59,180 - DEBUG - Moving up from (6, 4) to (6, 5)
2025-07-31 20:36:59,257 - DEBUG - Moving right from (6, 5) to (7, 5)
2025-07-31 20:36:59,356 - DEBUG - Moving right from (7, 5) to (8, 5)
2025-07-31 20:36:59,457 - DEBUG - Moving right from (8, 5) to (9, 5)
2025-07-31 20:36:59,556 - DEBUG - Moving right from (9, 5) to (10, 5)
2025-07-31 20:36:59,657 - DEBUG - Moving right from (10, 5) to (11, 5)
2025-07-31 20:36:59,750 - DEBUG - Sensor readings: {'front': 299.47401731348083, 'right': 394.5541039423254, 'back': 1372.226191606599, 'left': 2000.0}
2025-07-31 20:36:59,750 - DEBUG - Wall detected up to (11, 6)
2025-07-31 20:36:59,750 - DEBUG - Added neighbor down: (11, 4)
2025-07-31 20:36:59,750 - DEBUG - Added 1 new neighbors. Queue size: 8
2025-07-31 20:36:59,750 - DEBUG - 
=== STEP 85 DATA STRUCTURES ===
Current Cell: (11, 5)
explored_cells: [(0, 0), (0, 1), (0, 2), (0, 3), (0, 4), (0, 5), (0, 6), (0, 7), (1, 0), (1, 1), (1, 2), (1, 3), (1, 4), (1, 5), (1, 6), (1, 7), (1, 8), (2, 0), (2, 1), (2, 2), (2, 3), (2, 4), (2, 5), (2, 6), (2, 7), (2, 8), (3, 0), (3, 1), (3, 2), (3, 3), (3, 4), (3, 5), (3, 6), (3, 7), (3, 8), (4, 0), (4, 1), (4, 2), (4, 3), (4, 4), (4, 5), (4, 6), (4, 7), (4, 8), (5, 0), (5, 1), (5, 2), (5, 3), (5, 4), (5, 5), (5, 6), (6, 0), (6, 1), (6, 2), (6, 3), (6, 4), (6, 5), (6, 6), (6, 8), (7, 0), (7, 1), (7, 2), (7, 3), (7, 4), (7, 5), (7, 6), (7, 7), (7, 8), (7, 9), (8, 0), (8, 1), (8, 4), (8, 5), (8, 6), (8, 7), (8, 8), (9, 0), (9, 1), (9, 4), (9, 5), (9, 7), (10, 0), (10, 1), (10, 2), (10, 3), (10, 4), (10, 5), (11, 0), (11, 1), (11, 2), (11, 3), (11, 4), (11, 5)]
accessible_from:
  (0, 0) -> [(0, 1), (1, 0)]
  (0, 1) -> [(0, 0), (1, 1)]
  (0, 2) -> [(0, 3)]
  (0, 3) -> [(0, 2), (0, 4)]
  (0, 4) -> [(0, 3), (0, 5)]
  (0, 5) -> [(0, 4), (0, 6), (1, 5)]
  (0, 6) -> [(0, 5), (0, 7), (1, 6)]
  (0, 7) -> [(0, 6)]
  (1, 0) -> [(0, 0), (1, 1), (2, 0)]
  (1, 1) -> [(0, 1), (1, 0), (2, 1)]
  (1, 2) -> [(1, 3), (2, 2)]
  (1, 3) -> [(1, 2), (2, 3)]
  (1, 4) -> [(1, 5), (2, 4)]
  (1, 5) -> [(0, 5), (1, 4), (2, 5)]
  (1, 6) -> [(0, 6), (1, 7)]
  (1, 7) -> [(1, 6), (2, 7)]
  (1, 8) -> [(2, 8)]
  (2, 0) -> [(1, 0), (3, 0)]
  (2, 1) -> [(1, 1), (2, 2)]
  (2, 2) -> [(1, 2), (2, 1), (3, 2)]
  (2, 3) -> [(1, 3), (2, 4), (3, 3)]
  (2, 4) -> [(1, 4), (2, 3), (3, 4)]
  (2, 5) -> [(1, 5), (2, 6), (3, 5)]
  (2, 6) -> [(2, 5), (3, 6)]
  (2, 7) -> [(1, 7), (2, 8), (3, 7)]
  (2, 8) -> [(1, 8), (2, 7), (3, 8)]
  (3, 0) -> [(2, 0), (4, 0)]
  (3, 1) -> [(3, 2), (4, 1)]
  (3, 2) -> [(2, 2), (3, 1), (4, 2)]
  (3, 3) -> [(2, 3), (3, 4), (4, 3)]
  (3, 4) -> [(2, 4), (3, 3), (4, 4)]
  (3, 5) -> [(2, 5), (3, 6), (4, 5)]
  (3, 6) -> [(2, 6), (3, 5), (4, 6)]
  (3, 7) -> [(2, 7), (3, 8), (4, 7)]
  (3, 8) -> [(2, 8), (3, 7)]
  (4, 0) -> [(3, 0), (5, 0)]
  (4, 1) -> [(3, 1), (4, 2), (5, 1)]
  (4, 2) -> [(3, 2), (4, 1)]
  (4, 3) -> [(3, 3), (4, 4), (5, 3)]
  (4, 4) -> [(3, 4), (4, 3), (5, 4)]
  (4, 5) -> [(3, 5), (4, 6)]
  (4, 6) -> [(3, 6), (4, 5)]
  (4, 7) -> [(3, 7), (4, 8)]
  (4, 8) -> [(4, 7)]
  (5, 0) -> [(4, 0), (5, 1), (6, 0)]
  (5, 1) -> [(4, 1), (5, 0), (5, 2), (6, 1)]
  (5, 2) -> [(5, 1), (6, 2)]
  (5, 3) -> [(4, 3), (5, 4), (6, 3)]
  (5, 4) -> [(4, 4), (5, 3)]
  (5, 5) -> [(5, 6), (6, 5)]
  (5, 6) -> [(5, 5), (6, 6)]
  (6, 0) -> [(5, 0), (6, 1), (7, 0)]
  (6, 1) -> [(5, 1), (6, 0), (7, 1)]
  (6, 2) -> [(5, 2), (7, 2)]
  (6, 3) -> [(5, 3), (6, 4), (7, 3)]
  (6, 4) -> [(6, 3), (6, 5), (7, 4)]
  (6, 5) -> [(5, 5), (6, 4), (6, 6), (7, 5)]
  (6, 6) -> [(5, 6), (6, 5), (7, 6)]
  (6, 8) -> [(7, 8)]
  (7, 0) -> [(6, 0), (7, 1), (8, 0)]
  (7, 1) -> [(6, 1), (7, 0), (8, 1)]
  (7, 2) -> [(6, 2)]
  (7, 3) -> [(6, 3), (7, 4)]
  (7, 4) -> [(6, 4), (7, 3)]
  (7, 5) -> [(6, 5), (7, 6), (8, 5)]
  (7, 6) -> [(6, 6), (7, 5), (7, 7), (8, 6)]
  (7, 7) -> [(7, 6), (7, 8), (8, 7)]
  (7, 8) -> [(6, 8), (7, 7), (7, 9)]
  (7, 9) -> [(7, 8)]
  (8, 0) -> [(7, 0), (8, 1), (9, 0)]
  (8, 1) -> [(7, 1), (8, 0)]
  (8, 4) -> [(9, 4)]
  (8, 5) -> [(7, 5), (9, 5)]
  (8, 6) -> [(7, 6), (8, 7)]
  (8, 7) -> [(7, 7), (8, 6), (8, 8), (9, 7)]
  (8, 8) -> [(8, 7)]
  (9, 0) -> [(8, 0), (9, 1), (10, 0)]
  (9, 1) -> [(9, 0), (10, 1)]
  (9, 4) -> [(8, 4), (9, 5)]
  (9, 5) -> [(8, 5), (9, 4), (10, 5)]
  (9, 7) -> [(8, 7)]
  (10, 0) -> [(9, 0), (10, 1), (11, 0)]
  (10, 1) -> [(9, 1), (10, 0), (11, 1)]
  (10, 2) -> [(10, 3), (11, 2)]
  (10, 3) -> [(10, 2), (11, 3)]
  (10, 4) -> [(10, 5)]
  (10, 5) -> [(9, 5), (10, 4), (11, 5)]
  (11, 0) -> [(10, 0), (11, 1)]
  (11, 1) -> [(10, 1), (11, 0), (11, 2)]
  (11, 2) -> [(10, 2), (11, 1), (11, 3)]
  (11, 3) -> [(10, 3), (11, 2)]
  (11, 4) -> [(11, 5)]
  (11, 5) -> [(10, 5), (11, 4)]
parent_path: {}
exploration_queue: [(10, 4), (8, 4), (9, 7), (8, 8), (7, 9), (6, 8), (4, 8), (11, 4)]

2025-07-31 20:36:59,750 - DEBUG - 
=== VISUAL BOARD - STEP 85 - BFS-EXPLORATION ===
   0  1  2  3  4  5  6  7  8  9 10 11
11 .  .  .  .  .  .  .  .  .  .  .  .   11
10 .  .  .  .  .  .  .  .  .  .  .  .   10
 9 .  .  .  .  .  .  .  V  .  .  .  .    9
 8 .  V  V  V  V  .  V  V  V  .  .  .    8
 7 V  V  V  V  V  .  .  V  V  V  .  .    7
 6 V  V  V  V  V  V  V  V  V  .  .  .    6
 5 V  V  V  V  V  V  V  V  V  V  V  R    5
 4 V  V  V  V  V  V  V  V  V  V  V  V    4
 3 V  V  V  V  V  V  V  V  .  .  V  V    3
 2 V  V  V  V  V  V  V  V  .  .  V  V    2
 1 V  V  V  V  V  V  V  V  V  V  V  V    1
 0 V  V  V  V  V  V  V  V  V  V  V  V    0
   0  1  2  3  4  5  6  7  8  9 10 11
Legend: R=Robot, V=Visited, P=Path, .=Unvisited

2025-07-31 20:36:59,750 - INFO - BFS Exploration Step 86: Exploring (10, 4)
2025-07-31 20:36:59,750 - DEBUG - Moving left from (11, 5) to (10, 5)
2025-07-31 20:36:59,848 - DEBUG - Moving down from (10, 5) to (10, 4)
2025-07-31 20:36:59,930 - DEBUG - Sensor readings: {'front': 1320.5419045042634, 'right': 1322.7430739603444, 'back': 345.0021001140818, 'left': 368.00051318484554}
2025-07-31 20:36:59,931 - DEBUG - Wall detected left to (9, 4)
2025-07-31 20:36:59,931 - DEBUG - Wall detected down to (10, 3)
2025-07-31 20:36:59,931 - DEBUG - Added 0 new neighbors. Queue size: 7
2025-07-31 20:36:59,931 - DEBUG - 
=== STEP 86 DATA STRUCTURES ===
Current Cell: (10, 4)
explored_cells: [(0, 0), (0, 1), (0, 2), (0, 3), (0, 4), (0, 5), (0, 6), (0, 7), (1, 0), (1, 1), (1, 2), (1, 3), (1, 4), (1, 5), (1, 6), (1, 7), (1, 8), (2, 0), (2, 1), (2, 2), (2, 3), (2, 4), (2, 5), (2, 6), (2, 7), (2, 8), (3, 0), (3, 1), (3, 2), (3, 3), (3, 4), (3, 5), (3, 6), (3, 7), (3, 8), (4, 0), (4, 1), (4, 2), (4, 3), (4, 4), (4, 5), (4, 6), (4, 7), (4, 8), (5, 0), (5, 1), (5, 2), (5, 3), (5, 4), (5, 5), (5, 6), (6, 0), (6, 1), (6, 2), (6, 3), (6, 4), (6, 5), (6, 6), (6, 8), (7, 0), (7, 1), (7, 2), (7, 3), (7, 4), (7, 5), (7, 6), (7, 7), (7, 8), (7, 9), (8, 0), (8, 1), (8, 4), (8, 5), (8, 6), (8, 7), (8, 8), (9, 0), (9, 1), (9, 4), (9, 5), (9, 7), (10, 0), (10, 1), (10, 2), (10, 3), (10, 4), (10, 5), (11, 0), (11, 1), (11, 2), (11, 3), (11, 4), (11, 5)]
accessible_from:
  (0, 0) -> [(0, 1), (1, 0)]
  (0, 1) -> [(0, 0), (1, 1)]
  (0, 2) -> [(0, 3)]
  (0, 3) -> [(0, 2), (0, 4)]
  (0, 4) -> [(0, 3), (0, 5)]
  (0, 5) -> [(0, 4), (0, 6), (1, 5)]
  (0, 6) -> [(0, 5), (0, 7), (1, 6)]
  (0, 7) -> [(0, 6)]
  (1, 0) -> [(0, 0), (1, 1), (2, 0)]
  (1, 1) -> [(0, 1), (1, 0), (2, 1)]
  (1, 2) -> [(1, 3), (2, 2)]
  (1, 3) -> [(1, 2), (2, 3)]
  (1, 4) -> [(1, 5), (2, 4)]
  (1, 5) -> [(0, 5), (1, 4), (2, 5)]
  (1, 6) -> [(0, 6), (1, 7)]
  (1, 7) -> [(1, 6), (2, 7)]
  (1, 8) -> [(2, 8)]
  (2, 0) -> [(1, 0), (3, 0)]
  (2, 1) -> [(1, 1), (2, 2)]
  (2, 2) -> [(1, 2), (2, 1), (3, 2)]
  (2, 3) -> [(1, 3), (2, 4), (3, 3)]
  (2, 4) -> [(1, 4), (2, 3), (3, 4)]
  (2, 5) -> [(1, 5), (2, 6), (3, 5)]
  (2, 6) -> [(2, 5), (3, 6)]
  (2, 7) -> [(1, 7), (2, 8), (3, 7)]
  (2, 8) -> [(1, 8), (2, 7), (3, 8)]
  (3, 0) -> [(2, 0), (4, 0)]
  (3, 1) -> [(3, 2), (4, 1)]
  (3, 2) -> [(2, 2), (3, 1), (4, 2)]
  (3, 3) -> [(2, 3), (3, 4), (4, 3)]
  (3, 4) -> [(2, 4), (3, 3), (4, 4)]
  (3, 5) -> [(2, 5), (3, 6), (4, 5)]
  (3, 6) -> [(2, 6), (3, 5), (4, 6)]
  (3, 7) -> [(2, 7), (3, 8), (4, 7)]
  (3, 8) -> [(2, 8), (3, 7)]
  (4, 0) -> [(3, 0), (5, 0)]
  (4, 1) -> [(3, 1), (4, 2), (5, 1)]
  (4, 2) -> [(3, 2), (4, 1)]
  (4, 3) -> [(3, 3), (4, 4), (5, 3)]
  (4, 4) -> [(3, 4), (4, 3), (5, 4)]
  (4, 5) -> [(3, 5), (4, 6)]
  (4, 6) -> [(3, 6), (4, 5)]
  (4, 7) -> [(3, 7), (4, 8)]
  (4, 8) -> [(4, 7)]
  (5, 0) -> [(4, 0), (5, 1), (6, 0)]
  (5, 1) -> [(4, 1), (5, 0), (5, 2), (6, 1)]
  (5, 2) -> [(5, 1), (6, 2)]
  (5, 3) -> [(4, 3), (5, 4), (6, 3)]
  (5, 4) -> [(4, 4), (5, 3)]
  (5, 5) -> [(5, 6), (6, 5)]
  (5, 6) -> [(5, 5), (6, 6)]
  (6, 0) -> [(5, 0), (6, 1), (7, 0)]
  (6, 1) -> [(5, 1), (6, 0), (7, 1)]
  (6, 2) -> [(5, 2), (7, 2)]
  (6, 3) -> [(5, 3), (6, 4), (7, 3)]
  (6, 4) -> [(6, 3), (6, 5), (7, 4)]
  (6, 5) -> [(5, 5), (6, 4), (6, 6), (7, 5)]
  (6, 6) -> [(5, 6), (6, 5), (7, 6)]
  (6, 8) -> [(7, 8)]
  (7, 0) -> [(6, 0), (7, 1), (8, 0)]
  (7, 1) -> [(6, 1), (7, 0), (8, 1)]
  (7, 2) -> [(6, 2)]
  (7, 3) -> [(6, 3), (7, 4)]
  (7, 4) -> [(6, 4), (7, 3)]
  (7, 5) -> [(6, 5), (7, 6), (8, 5)]
  (7, 6) -> [(6, 6), (7, 5), (7, 7), (8, 6)]
  (7, 7) -> [(7, 6), (7, 8), (8, 7)]
  (7, 8) -> [(6, 8), (7, 7), (7, 9)]
  (7, 9) -> [(7, 8)]
  (8, 0) -> [(7, 0), (8, 1), (9, 0)]
  (8, 1) -> [(7, 1), (8, 0)]
  (8, 4) -> [(9, 4)]
  (8, 5) -> [(7, 5), (9, 5)]
  (8, 6) -> [(7, 6), (8, 7)]
  (8, 7) -> [(7, 7), (8, 6), (8, 8), (9, 7)]
  (8, 8) -> [(8, 7)]
  (9, 0) -> [(8, 0), (9, 1), (10, 0)]
  (9, 1) -> [(9, 0), (10, 1)]
  (9, 4) -> [(8, 4), (9, 5)]
  (9, 5) -> [(8, 5), (9, 4), (10, 5)]
  (9, 7) -> [(8, 7)]
  (10, 0) -> [(9, 0), (10, 1), (11, 0)]
  (10, 1) -> [(9, 1), (10, 0), (11, 1)]
  (10, 2) -> [(10, 3), (11, 2)]
  (10, 3) -> [(10, 2), (11, 3)]
  (10, 4) -> [(10, 5), (11, 4)]
  (10, 5) -> [(9, 5), (10, 4), (11, 5)]
  (11, 0) -> [(10, 0), (11, 1)]
  (11, 1) -> [(10, 1), (11, 0), (11, 2)]
  (11, 2) -> [(10, 2), (11, 1), (11, 3)]
  (11, 3) -> [(10, 3), (11, 2)]
  (11, 4) -> [(10, 4), (11, 5)]
  (11, 5) -> [(10, 5), (11, 4)]
parent_path: {}
exploration_queue: [(8, 4), (9, 7), (8, 8), (7, 9), (6, 8), (4, 8), (11, 4)]

2025-07-31 20:36:59,931 - DEBUG - 
=== VISUAL BOARD - STEP 86 - BFS-EXPLORATION ===
   0  1  2  3  4  5  6  7  8  9 10 11
11 .  .  .  .  .  .  .  .  .  .  .  .   11
10 .  .  .  .  .  .  .  .  .  .  .  .   10
 9 .  .  .  .  .  .  .  V  .  .  .  .    9
 8 .  V  V  V  V  .  V  V  V  .  .  .    8
 7 V  V  V  V  V  .  .  V  V  V  .  .    7
 6 V  V  V  V  V  V  V  V  V  .  .  .    6
 5 V  V  V  V  V  V  V  V  V  V  V  V    5
 4 V  V  V  V  V  V  V  V  V  V  R  V    4
 3 V  V  V  V  V  V  V  V  .  .  V  V    3
 2 V  V  V  V  V  V  V  V  .  .  V  V    2
 1 V  V  V  V  V  V  V  V  V  V  V  V    1
 0 V  V  V  V  V  V  V  V  V  V  V  V    0
   0  1  2  3  4  5  6  7  8  9 10 11
Legend: R=Robot, V=Visited, P=Path, .=Unvisited

2025-07-31 20:36:59,931 - INFO - BFS Exploration Step 87: Exploring (8, 4)
2025-07-31 20:36:59,931 - DEBUG - Moving up from (10, 4) to (10, 5)
2025-07-31 20:37:00,004 - DEBUG - Moving left from (10, 5) to (9, 5)
2025-07-31 20:37:00,109 - DEBUG - Moving down from (9, 5) to (9, 4)
2025-07-31 20:37:00,184 - DEBUG - Moving left from (9, 4) to (8, 4)
2025-07-31 20:37:00,287 - DEBUG - Sensor readings: {'front': 352.9097624043767, 'right': 1306.4529551860983, 'back': 1323.8485542515987, 'left': 370.0164911137277}
2025-07-31 20:37:00,287 - DEBUG - Wall detected up to (8, 5)
2025-07-31 20:37:00,288 - DEBUG - Wall detected left to (7, 4)
2025-07-31 20:37:00,288 - DEBUG - Added neighbor down: (8, 3)
2025-07-31 20:37:00,288 - DEBUG - Added 1 new neighbors. Queue size: 7
2025-07-31 20:37:00,288 - DEBUG - 
=== STEP 87 DATA STRUCTURES ===
Current Cell: (8, 4)
explored_cells: [(0, 0), (0, 1), (0, 2), (0, 3), (0, 4), (0, 5), (0, 6), (0, 7), (1, 0), (1, 1), (1, 2), (1, 3), (1, 4), (1, 5), (1, 6), (1, 7), (1, 8), (2, 0), (2, 1), (2, 2), (2, 3), (2, 4), (2, 5), (2, 6), (2, 7), (2, 8), (3, 0), (3, 1), (3, 2), (3, 3), (3, 4), (3, 5), (3, 6), (3, 7), (3, 8), (4, 0), (4, 1), (4, 2), (4, 3), (4, 4), (4, 5), (4, 6), (4, 7), (4, 8), (5, 0), (5, 1), (5, 2), (5, 3), (5, 4), (5, 5), (5, 6), (6, 0), (6, 1), (6, 2), (6, 3), (6, 4), (6, 5), (6, 6), (6, 8), (7, 0), (7, 1), (7, 2), (7, 3), (7, 4), (7, 5), (7, 6), (7, 7), (7, 8), (7, 9), (8, 0), (8, 1), (8, 3), (8, 4), (8, 5), (8, 6), (8, 7), (8, 8), (9, 0), (9, 1), (9, 4), (9, 5), (9, 7), (10, 0), (10, 1), (10, 2), (10, 3), (10, 4), (10, 5), (11, 0), (11, 1), (11, 2), (11, 3), (11, 4), (11, 5)]
accessible_from:
  (0, 0) -> [(0, 1), (1, 0)]
  (0, 1) -> [(0, 0), (1, 1)]
  (0, 2) -> [(0, 3)]
  (0, 3) -> [(0, 2), (0, 4)]
  (0, 4) -> [(0, 3), (0, 5)]
  (0, 5) -> [(0, 4), (0, 6), (1, 5)]
  (0, 6) -> [(0, 5), (0, 7), (1, 6)]
  (0, 7) -> [(0, 6)]
  (1, 0) -> [(0, 0), (1, 1), (2, 0)]
  (1, 1) -> [(0, 1), (1, 0), (2, 1)]
  (1, 2) -> [(1, 3), (2, 2)]
  (1, 3) -> [(1, 2), (2, 3)]
  (1, 4) -> [(1, 5), (2, 4)]
  (1, 5) -> [(0, 5), (1, 4), (2, 5)]
  (1, 6) -> [(0, 6), (1, 7)]
  (1, 7) -> [(1, 6), (2, 7)]
  (1, 8) -> [(2, 8)]
  (2, 0) -> [(1, 0), (3, 0)]
  (2, 1) -> [(1, 1), (2, 2)]
  (2, 2) -> [(1, 2), (2, 1), (3, 2)]
  (2, 3) -> [(1, 3), (2, 4), (3, 3)]
  (2, 4) -> [(1, 4), (2, 3), (3, 4)]
  (2, 5) -> [(1, 5), (2, 6), (3, 5)]
  (2, 6) -> [(2, 5), (3, 6)]
  (2, 7) -> [(1, 7), (2, 8), (3, 7)]
  (2, 8) -> [(1, 8), (2, 7), (3, 8)]
  (3, 0) -> [(2, 0), (4, 0)]
  (3, 1) -> [(3, 2), (4, 1)]
  (3, 2) -> [(2, 2), (3, 1), (4, 2)]
  (3, 3) -> [(2, 3), (3, 4), (4, 3)]
  (3, 4) -> [(2, 4), (3, 3), (4, 4)]
  (3, 5) -> [(2, 5), (3, 6), (4, 5)]
  (3, 6) -> [(2, 6), (3, 5), (4, 6)]
  (3, 7) -> [(2, 7), (3, 8), (4, 7)]
  (3, 8) -> [(2, 8), (3, 7)]
  (4, 0) -> [(3, 0), (5, 0)]
  (4, 1) -> [(3, 1), (4, 2), (5, 1)]
  (4, 2) -> [(3, 2), (4, 1)]
  (4, 3) -> [(3, 3), (4, 4), (5, 3)]
  (4, 4) -> [(3, 4), (4, 3), (5, 4)]
  (4, 5) -> [(3, 5), (4, 6)]
  (4, 6) -> [(3, 6), (4, 5)]
  (4, 7) -> [(3, 7), (4, 8)]
  (4, 8) -> [(4, 7)]
  (5, 0) -> [(4, 0), (5, 1), (6, 0)]
  (5, 1) -> [(4, 1), (5, 0), (5, 2), (6, 1)]
  (5, 2) -> [(5, 1), (6, 2)]
  (5, 3) -> [(4, 3), (5, 4), (6, 3)]
  (5, 4) -> [(4, 4), (5, 3)]
  (5, 5) -> [(5, 6), (6, 5)]
  (5, 6) -> [(5, 5), (6, 6)]
  (6, 0) -> [(5, 0), (6, 1), (7, 0)]
  (6, 1) -> [(5, 1), (6, 0), (7, 1)]
  (6, 2) -> [(5, 2), (7, 2)]
  (6, 3) -> [(5, 3), (6, 4), (7, 3)]
  (6, 4) -> [(6, 3), (6, 5), (7, 4)]
  (6, 5) -> [(5, 5), (6, 4), (6, 6), (7, 5)]
  (6, 6) -> [(5, 6), (6, 5), (7, 6)]
  (6, 8) -> [(7, 8)]
  (7, 0) -> [(6, 0), (7, 1), (8, 0)]
  (7, 1) -> [(6, 1), (7, 0), (8, 1)]
  (7, 2) -> [(6, 2)]
  (7, 3) -> [(6, 3), (7, 4)]
  (7, 4) -> [(6, 4), (7, 3)]
  (7, 5) -> [(6, 5), (7, 6), (8, 5)]
  (7, 6) -> [(6, 6), (7, 5), (7, 7), (8, 6)]
  (7, 7) -> [(7, 6), (7, 8), (8, 7)]
  (7, 8) -> [(6, 8), (7, 7), (7, 9)]
  (7, 9) -> [(7, 8)]
  (8, 0) -> [(7, 0), (8, 1), (9, 0)]
  (8, 1) -> [(7, 1), (8, 0)]
  (8, 3) -> [(8, 4)]
  (8, 4) -> [(8, 3), (9, 4)]
  (8, 5) -> [(7, 5), (9, 5)]
  (8, 6) -> [(7, 6), (8, 7)]
  (8, 7) -> [(7, 7), (8, 6), (8, 8), (9, 7)]
  (8, 8) -> [(8, 7)]
  (9, 0) -> [(8, 0), (9, 1), (10, 0)]
  (9, 1) -> [(9, 0), (10, 1)]
  (9, 4) -> [(8, 4), (9, 5)]
  (9, 5) -> [(8, 5), (9, 4), (10, 5)]
  (9, 7) -> [(8, 7)]
  (10, 0) -> [(9, 0), (10, 1), (11, 0)]
  (10, 1) -> [(9, 1), (10, 0), (11, 1)]
  (10, 2) -> [(10, 3), (11, 2)]
  (10, 3) -> [(10, 2), (11, 3)]
  (10, 4) -> [(10, 5), (11, 4)]
  (10, 5) -> [(9, 5), (10, 4), (11, 5)]
  (11, 0) -> [(10, 0), (11, 1)]
  (11, 1) -> [(10, 1), (11, 0), (11, 2)]
  (11, 2) -> [(10, 2), (11, 1), (11, 3)]
  (11, 3) -> [(10, 3), (11, 2)]
  (11, 4) -> [(10, 4), (11, 5)]
  (11, 5) -> [(10, 5), (11, 4)]
parent_path: {}
exploration_queue: [(9, 7), (8, 8), (7, 9), (6, 8), (4, 8), (11, 4), (8, 3)]

2025-07-31 20:37:00,288 - DEBUG - 
=== VISUAL BOARD - STEP 87 - BFS-EXPLORATION ===
   0  1  2  3  4  5  6  7  8  9 10 11
11 .  .  .  .  .  .  .  .  .  .  .  .   11
10 .  .  .  .  .  .  .  .  .  .  .  .   10
 9 .  .  .  .  .  .  .  V  .  .  .  .    9
 8 .  V  V  V  V  .  V  V  V  .  .  .    8
 7 V  V  V  V  V  .  .  V  V  V  .  .    7
 6 V  V  V  V  V  V  V  V  V  .  .  .    6
 5 V  V  V  V  V  V  V  V  V  V  V  V    5
 4 V  V  V  V  V  V  V  V  R  V  V  V    4
 3 V  V  V  V  V  V  V  V  V  .  V  V    3
 2 V  V  V  V  V  V  V  V  .  .  V  V    2
 1 V  V  V  V  V  V  V  V  V  V  V  V    1
 0 V  V  V  V  V  V  V  V  V  V  V  V    0
   0  1  2  3  4  5  6  7  8  9 10 11
Legend: R=Robot, V=Visited, P=Path, .=Unvisited

2025-07-31 20:37:00,288 - INFO - BFS Exploration Step 88: Exploring (9, 7)
2025-07-31 20:37:00,288 - DEBUG - Moving right from (8, 4) to (9, 4)
2025-07-31 20:37:00,382 - DEBUG - Moving up from (9, 4) to (9, 5)
2025-07-31 20:37:00,460 - DEBUG - Moving left from (9, 5) to (8, 5)
2025-07-31 20:37:00,554 - DEBUG - Moving left from (8, 5) to (7, 5)
2025-07-31 20:37:00,651 - DEBUG - Moving up from (7, 5) to (7, 6)
2025-07-31 20:37:00,733 - DEBUG - Moving up from (7, 6) to (7, 7)
2025-07-31 20:37:00,817 - DEBUG - Moving right from (7, 7) to (8, 7)
2025-07-31 20:37:00,911 - DEBUG - Moving right from (8, 7) to (9, 7)
2025-07-31 20:37:01,014 - DEBUG - Sensor readings: {'front': 2000.0, 'right': 2000.0, 'back': 1387.457436800462, 'left': 2000.0}
2025-07-31 20:37:01,015 - DEBUG - Added neighbor right: (10, 7)
2025-07-31 20:37:01,015 - DEBUG - Added neighbor up: (9, 8)
2025-07-31 20:37:01,015 - DEBUG - Added neighbor down: (9, 6)
2025-07-31 20:37:01,015 - DEBUG - Added 3 new neighbors. Queue size: 9
2025-07-31 20:37:01,015 - DEBUG - 
=== STEP 88 DATA STRUCTURES ===
Current Cell: (9, 7)
explored_cells: [(0, 0), (0, 1), (0, 2), (0, 3), (0, 4), (0, 5), (0, 6), (0, 7), (1, 0), (1, 1), (1, 2), (1, 3), (1, 4), (1, 5), (1, 6), (1, 7), (1, 8), (2, 0), (2, 1), (2, 2), (2, 3), (2, 4), (2, 5), (2, 6), (2, 7), (2, 8), (3, 0), (3, 1), (3, 2), (3, 3), (3, 4), (3, 5), (3, 6), (3, 7), (3, 8), (4, 0), (4, 1), (4, 2), (4, 3), (4, 4), (4, 5), (4, 6), (4, 7), (4, 8), (5, 0), (5, 1), (5, 2), (5, 3), (5, 4), (5, 5), (5, 6), (6, 0), (6, 1), (6, 2), (6, 3), (6, 4), (6, 5), (6, 6), (6, 8), (7, 0), (7, 1), (7, 2), (7, 3), (7, 4), (7, 5), (7, 6), (7, 7), (7, 8), (7, 9), (8, 0), (8, 1), (8, 3), (8, 4), (8, 5), (8, 6), (8, 7), (8, 8), (9, 0), (9, 1), (9, 4), (9, 5), (9, 6), (9, 7), (9, 8), (10, 0), (10, 1), (10, 2), (10, 3), (10, 4), (10, 5), (10, 7), (11, 0), (11, 1), (11, 2), (11, 3), (11, 4), (11, 5)]
accessible_from:
  (0, 0) -> [(0, 1), (1, 0)]
  (0, 1) -> [(0, 0), (1, 1)]
  (0, 2) -> [(0, 3)]
  (0, 3) -> [(0, 2), (0, 4)]
  (0, 4) -> [(0, 3), (0, 5)]
  (0, 5) -> [(0, 4), (0, 6), (1, 5)]
  (0, 6) -> [(0, 5), (0, 7), (1, 6)]
  (0, 7) -> [(0, 6)]
  (1, 0) -> [(0, 0), (1, 1), (2, 0)]
  (1, 1) -> [(0, 1), (1, 0), (2, 1)]
  (1, 2) -> [(1, 3), (2, 2)]
  (1, 3) -> [(1, 2), (2, 3)]
  (1, 4) -> [(1, 5), (2, 4)]
  (1, 5) -> [(0, 5), (1, 4), (2, 5)]
  (1, 6) -> [(0, 6), (1, 7)]
  (1, 7) -> [(1, 6), (2, 7)]
  (1, 8) -> [(2, 8)]
  (2, 0) -> [(1, 0), (3, 0)]
  (2, 1) -> [(1, 1), (2, 2)]
  (2, 2) -> [(1, 2), (2, 1), (3, 2)]
  (2, 3) -> [(1, 3), (2, 4), (3, 3)]
  (2, 4) -> [(1, 4), (2, 3), (3, 4)]
  (2, 5) -> [(1, 5), (2, 6), (3, 5)]
  (2, 6) -> [(2, 5), (3, 6)]
  (2, 7) -> [(1, 7), (2, 8), (3, 7)]
  (2, 8) -> [(1, 8), (2, 7), (3, 8)]
  (3, 0) -> [(2, 0), (4, 0)]
  (3, 1) -> [(3, 2), (4, 1)]
  (3, 2) -> [(2, 2), (3, 1), (4, 2)]
  (3, 3) -> [(2, 3), (3, 4), (4, 3)]
  (3, 4) -> [(2, 4), (3, 3), (4, 4)]
  (3, 5) -> [(2, 5), (3, 6), (4, 5)]
  (3, 6) -> [(2, 6), (3, 5), (4, 6)]
  (3, 7) -> [(2, 7), (3, 8), (4, 7)]
  (3, 8) -> [(2, 8), (3, 7)]
  (4, 0) -> [(3, 0), (5, 0)]
  (4, 1) -> [(3, 1), (4, 2), (5, 1)]
  (4, 2) -> [(3, 2), (4, 1)]
  (4, 3) -> [(3, 3), (4, 4), (5, 3)]
  (4, 4) -> [(3, 4), (4, 3), (5, 4)]
  (4, 5) -> [(3, 5), (4, 6)]
  (4, 6) -> [(3, 6), (4, 5)]
  (4, 7) -> [(3, 7), (4, 8)]
  (4, 8) -> [(4, 7)]
  (5, 0) -> [(4, 0), (5, 1), (6, 0)]
  (5, 1) -> [(4, 1), (5, 0), (5, 2), (6, 1)]
  (5, 2) -> [(5, 1), (6, 2)]
  (5, 3) -> [(4, 3), (5, 4), (6, 3)]
  (5, 4) -> [(4, 4), (5, 3)]
  (5, 5) -> [(5, 6), (6, 5)]
  (5, 6) -> [(5, 5), (6, 6)]
  (6, 0) -> [(5, 0), (6, 1), (7, 0)]
  (6, 1) -> [(5, 1), (6, 0), (7, 1)]
  (6, 2) -> [(5, 2), (7, 2)]
  (6, 3) -> [(5, 3), (6, 4), (7, 3)]
  (6, 4) -> [(6, 3), (6, 5), (7, 4)]
  (6, 5) -> [(5, 5), (6, 4), (6, 6), (7, 5)]
  (6, 6) -> [(5, 6), (6, 5), (7, 6)]
  (6, 8) -> [(7, 8)]
  (7, 0) -> [(6, 0), (7, 1), (8, 0)]
  (7, 1) -> [(6, 1), (7, 0), (8, 1)]
  (7, 2) -> [(6, 2)]
  (7, 3) -> [(6, 3), (7, 4)]
  (7, 4) -> [(6, 4), (7, 3)]
  (7, 5) -> [(6, 5), (7, 6), (8, 5)]
  (7, 6) -> [(6, 6), (7, 5), (7, 7), (8, 6)]
  (7, 7) -> [(7, 6), (7, 8), (8, 7)]
  (7, 8) -> [(6, 8), (7, 7), (7, 9)]
  (7, 9) -> [(7, 8)]
  (8, 0) -> [(7, 0), (8, 1), (9, 0)]
  (8, 1) -> [(7, 1), (8, 0)]
  (8, 3) -> [(8, 4)]
  (8, 4) -> [(8, 3), (9, 4)]
  (8, 5) -> [(7, 5), (9, 5)]
  (8, 6) -> [(7, 6), (8, 7)]
  (8, 7) -> [(7, 7), (8, 6), (8, 8), (9, 7)]
  (8, 8) -> [(8, 7)]
  (9, 0) -> [(8, 0), (9, 1), (10, 0)]
  (9, 1) -> [(9, 0), (10, 1)]
  (9, 4) -> [(8, 4), (9, 5)]
  (9, 5) -> [(8, 5), (9, 4), (10, 5)]
  (9, 6) -> [(9, 7)]
  (9, 7) -> [(8, 7), (9, 6), (9, 8), (10, 7)]
  (9, 8) -> [(9, 7)]
  (10, 0) -> [(9, 0), (10, 1), (11, 0)]
  (10, 1) -> [(9, 1), (10, 0), (11, 1)]
  (10, 2) -> [(10, 3), (11, 2)]
  (10, 3) -> [(10, 2), (11, 3)]
  (10, 4) -> [(10, 5), (11, 4)]
  (10, 5) -> [(9, 5), (10, 4), (11, 5)]
  (10, 7) -> [(9, 7)]
  (11, 0) -> [(10, 0), (11, 1)]
  (11, 1) -> [(10, 1), (11, 0), (11, 2)]
  (11, 2) -> [(10, 2), (11, 1), (11, 3)]
  (11, 3) -> [(10, 3), (11, 2)]
  (11, 4) -> [(10, 4), (11, 5)]
  (11, 5) -> [(10, 5), (11, 4)]
parent_path: {}
exploration_queue: [(8, 8), (7, 9), (6, 8), (4, 8), (11, 4), (8, 3), (10, 7), (9, 8), (9, 6)]

2025-07-31 20:37:01,015 - DEBUG - 
=== VISUAL BOARD - STEP 88 - BFS-EXPLORATION ===
   0  1  2  3  4  5  6  7  8  9 10 11
11 .  .  .  .  .  .  .  .  .  .  .  .   11
10 .  .  .  .  .  .  .  .  .  .  .  .   10
 9 .  .  .  .  .  .  .  V  .  .  .  .    9
 8 .  V  V  V  V  .  V  V  V  V  .  .    8
 7 V  V  V  V  V  .  .  V  V  R  V  .    7
 6 V  V  V  V  V  V  V  V  V  V  .  .    6
 5 V  V  V  V  V  V  V  V  V  V  V  V    5
 4 V  V  V  V  V  V  V  V  V  V  V  V    4
 3 V  V  V  V  V  V  V  V  V  .  V  V    3
 2 V  V  V  V  V  V  V  V  .  .  V  V    2
 1 V  V  V  V  V  V  V  V  V  V  V  V    1
 0 V  V  V  V  V  V  V  V  V  V  V  V    0
   0  1  2  3  4  5  6  7  8  9 10 11
Legend: R=Robot, V=Visited, P=Path, .=Unvisited

2025-07-31 20:37:01,015 - INFO - BFS Exploration Step 89: Exploring (8, 8)
2025-07-31 20:37:01,015 - DEBUG - Moving left from (9, 7) to (8, 7)
2025-07-31 20:37:01,106 - DEBUG - Moving up from (8, 7) to (8, 8)
2025-07-31 20:37:01,184 - DEBUG - Sensor readings: {'front': 1380.932423151153, 'right': 2000.0, 'back': 2000.0, 'left': 282.8813116425999}
2025-07-31 20:37:01,184 - DEBUG - Added neighbor up: (8, 9)
2025-07-31 20:37:01,184 - DEBUG - Wall detected left to (7, 8)
2025-07-31 20:37:01,184 - DEBUG - Added 1 new neighbors. Queue size: 9
2025-07-31 20:37:01,184 - DEBUG - 
=== STEP 89 DATA STRUCTURES ===
Current Cell: (8, 8)
explored_cells: [(0, 0), (0, 1), (0, 2), (0, 3), (0, 4), (0, 5), (0, 6), (0, 7), (1, 0), (1, 1), (1, 2), (1, 3), (1, 4), (1, 5), (1, 6), (1, 7), (1, 8), (2, 0), (2, 1), (2, 2), (2, 3), (2, 4), (2, 5), (2, 6), (2, 7), (2, 8), (3, 0), (3, 1), (3, 2), (3, 3), (3, 4), (3, 5), (3, 6), (3, 7), (3, 8), (4, 0), (4, 1), (4, 2), (4, 3), (4, 4), (4, 5), (4, 6), (4, 7), (4, 8), (5, 0), (5, 1), (5, 2), (5, 3), (5, 4), (5, 5), (5, 6), (6, 0), (6, 1), (6, 2), (6, 3), (6, 4), (6, 5), (6, 6), (6, 8), (7, 0), (7, 1), (7, 2), (7, 3), (7, 4), (7, 5), (7, 6), (7, 7), (7, 8), (7, 9), (8, 0), (8, 1), (8, 3), (8, 4), (8, 5), (8, 6), (8, 7), (8, 8), (8, 9), (9, 0), (9, 1), (9, 4), (9, 5), (9, 6), (9, 7), (9, 8), (10, 0), (10, 1), (10, 2), (10, 3), (10, 4), (10, 5), (10, 7), (11, 0), (11, 1), (11, 2), (11, 3), (11, 4), (11, 5)]
accessible_from:
  (0, 0) -> [(0, 1), (1, 0)]
  (0, 1) -> [(0, 0), (1, 1)]
  (0, 2) -> [(0, 3)]
  (0, 3) -> [(0, 2), (0, 4)]
  (0, 4) -> [(0, 3), (0, 5)]
  (0, 5) -> [(0, 4), (0, 6), (1, 5)]
  (0, 6) -> [(0, 5), (0, 7), (1, 6)]
  (0, 7) -> [(0, 6)]
  (1, 0) -> [(0, 0), (1, 1), (2, 0)]
  (1, 1) -> [(0, 1), (1, 0), (2, 1)]
  (1, 2) -> [(1, 3), (2, 2)]
  (1, 3) -> [(1, 2), (2, 3)]
  (1, 4) -> [(1, 5), (2, 4)]
  (1, 5) -> [(0, 5), (1, 4), (2, 5)]
  (1, 6) -> [(0, 6), (1, 7)]
  (1, 7) -> [(1, 6), (2, 7)]
  (1, 8) -> [(2, 8)]
  (2, 0) -> [(1, 0), (3, 0)]
  (2, 1) -> [(1, 1), (2, 2)]
  (2, 2) -> [(1, 2), (2, 1), (3, 2)]
  (2, 3) -> [(1, 3), (2, 4), (3, 3)]
  (2, 4) -> [(1, 4), (2, 3), (3, 4)]
  (2, 5) -> [(1, 5), (2, 6), (3, 5)]
  (2, 6) -> [(2, 5), (3, 6)]
  (2, 7) -> [(1, 7), (2, 8), (3, 7)]
  (2, 8) -> [(1, 8), (2, 7), (3, 8)]
  (3, 0) -> [(2, 0), (4, 0)]
  (3, 1) -> [(3, 2), (4, 1)]
  (3, 2) -> [(2, 2), (3, 1), (4, 2)]
  (3, 3) -> [(2, 3), (3, 4), (4, 3)]
  (3, 4) -> [(2, 4), (3, 3), (4, 4)]
  (3, 5) -> [(2, 5), (3, 6), (4, 5)]
  (3, 6) -> [(2, 6), (3, 5), (4, 6)]
  (3, 7) -> [(2, 7), (3, 8), (4, 7)]
  (3, 8) -> [(2, 8), (3, 7)]
  (4, 0) -> [(3, 0), (5, 0)]
  (4, 1) -> [(3, 1), (4, 2), (5, 1)]
  (4, 2) -> [(3, 2), (4, 1)]
  (4, 3) -> [(3, 3), (4, 4), (5, 3)]
  (4, 4) -> [(3, 4), (4, 3), (5, 4)]
  (4, 5) -> [(3, 5), (4, 6)]
  (4, 6) -> [(3, 6), (4, 5)]
  (4, 7) -> [(3, 7), (4, 8)]
  (4, 8) -> [(4, 7)]
  (5, 0) -> [(4, 0), (5, 1), (6, 0)]
  (5, 1) -> [(4, 1), (5, 0), (5, 2), (6, 1)]
  (5, 2) -> [(5, 1), (6, 2)]
  (5, 3) -> [(4, 3), (5, 4), (6, 3)]
  (5, 4) -> [(4, 4), (5, 3)]
  (5, 5) -> [(5, 6), (6, 5)]
  (5, 6) -> [(5, 5), (6, 6)]
  (6, 0) -> [(5, 0), (6, 1), (7, 0)]
  (6, 1) -> [(5, 1), (6, 0), (7, 1)]
  (6, 2) -> [(5, 2), (7, 2)]
  (6, 3) -> [(5, 3), (6, 4), (7, 3)]
  (6, 4) -> [(6, 3), (6, 5), (7, 4)]
  (6, 5) -> [(5, 5), (6, 4), (6, 6), (7, 5)]
  (6, 6) -> [(5, 6), (6, 5), (7, 6)]
  (6, 8) -> [(7, 8)]
  (7, 0) -> [(6, 0), (7, 1), (8, 0)]
  (7, 1) -> [(6, 1), (7, 0), (8, 1)]
  (7, 2) -> [(6, 2)]
  (7, 3) -> [(6, 3), (7, 4)]
  (7, 4) -> [(6, 4), (7, 3)]
  (7, 5) -> [(6, 5), (7, 6), (8, 5)]
  (7, 6) -> [(6, 6), (7, 5), (7, 7), (8, 6)]
  (7, 7) -> [(7, 6), (7, 8), (8, 7)]
  (7, 8) -> [(6, 8), (7, 7), (7, 9)]
  (7, 9) -> [(7, 8)]
  (8, 0) -> [(7, 0), (8, 1), (9, 0)]
  (8, 1) -> [(7, 1), (8, 0)]
  (8, 3) -> [(8, 4)]
  (8, 4) -> [(8, 3), (9, 4)]
  (8, 5) -> [(7, 5), (9, 5)]
  (8, 6) -> [(7, 6), (8, 7)]
  (8, 7) -> [(7, 7), (8, 6), (8, 8), (9, 7)]
  (8, 8) -> [(8, 7), (8, 9), (9, 8)]
  (8, 9) -> [(8, 8)]
  (9, 0) -> [(8, 0), (9, 1), (10, 0)]
  (9, 1) -> [(9, 0), (10, 1)]
  (9, 4) -> [(8, 4), (9, 5)]
  (9, 5) -> [(8, 5), (9, 4), (10, 5)]
  (9, 6) -> [(9, 7)]
  (9, 7) -> [(8, 7), (9, 6), (9, 8), (10, 7)]
  (9, 8) -> [(8, 8), (9, 7)]
  (10, 0) -> [(9, 0), (10, 1), (11, 0)]
  (10, 1) -> [(9, 1), (10, 0), (11, 1)]
  (10, 2) -> [(10, 3), (11, 2)]
  (10, 3) -> [(10, 2), (11, 3)]
  (10, 4) -> [(10, 5), (11, 4)]
  (10, 5) -> [(9, 5), (10, 4), (11, 5)]
  (10, 7) -> [(9, 7)]
  (11, 0) -> [(10, 0), (11, 1)]
  (11, 1) -> [(10, 1), (11, 0), (11, 2)]
  (11, 2) -> [(10, 2), (11, 1), (11, 3)]
  (11, 3) -> [(10, 3), (11, 2)]
  (11, 4) -> [(10, 4), (11, 5)]
  (11, 5) -> [(10, 5), (11, 4)]
parent_path: {}
exploration_queue: [(7, 9), (6, 8), (4, 8), (11, 4), (8, 3), (10, 7), (9, 8), (9, 6), (8, 9)]

2025-07-31 20:37:01,184 - DEBUG - 
=== VISUAL BOARD - STEP 89 - BFS-EXPLORATION ===
   0  1  2  3  4  5  6  7  8  9 10 11
11 .  .  .  .  .  .  .  .  .  .  .  .   11
10 .  .  .  .  .  .  .  .  .  .  .  .   10
 9 .  .  .  .  .  .  .  V  V  .  .  .    9
 8 .  V  V  V  V  .  V  V  R  V  .  .    8
 7 V  V  V  V  V  .  .  V  V  V  V  .    7
 6 V  V  V  V  V  V  V  V  V  V  .  .    6
 5 V  V  V  V  V  V  V  V  V  V  V  V    5
 4 V  V  V  V  V  V  V  V  V  V  V  V    4
 3 V  V  V  V  V  V  V  V  V  .  V  V    3
 2 V  V  V  V  V  V  V  V  .  .  V  V    2
 1 V  V  V  V  V  V  V  V  V  V  V  V    1
 0 V  V  V  V  V  V  V  V  V  V  V  V    0
   0  1  2  3  4  5  6  7  8  9 10 11
Legend: R=Robot, V=Visited, P=Path, .=Unvisited

2025-07-31 20:37:01,184 - INFO - BFS Exploration Step 90: Exploring (7, 9)
2025-07-31 20:37:01,184 - DEBUG - Moving down from (8, 8) to (8, 7)
2025-07-31 20:37:01,259 - DEBUG - Moving left from (8, 7) to (7, 7)
2025-07-31 20:37:01,360 - DEBUG - Moving up from (7, 7) to (7, 8)
2025-07-31 20:37:01,441 - DEBUG - Moving up from (7, 8) to (7, 9)
2025-07-31 20:37:01,523 - DEBUG - Sensor readings: {'front': 351.34267102774777, 'right': 1893.536331503521, 'back': 2000.0, 'left': 1719.694662096809}
2025-07-31 20:37:01,523 - DEBUG - Wall detected up to (7, 10)
2025-07-31 20:37:01,523 - DEBUG - Added neighbor left: (6, 9)
2025-07-31 20:37:01,523 - DEBUG - Added 1 new neighbors. Queue size: 9
2025-07-31 20:37:01,523 - DEBUG - 
=== STEP 90 DATA STRUCTURES ===
Current Cell: (7, 9)
explored_cells: [(0, 0), (0, 1), (0, 2), (0, 3), (0, 4), (0, 5), (0, 6), (0, 7), (1, 0), (1, 1), (1, 2), (1, 3), (1, 4), (1, 5), (1, 6), (1, 7), (1, 8), (2, 0), (2, 1), (2, 2), (2, 3), (2, 4), (2, 5), (2, 6), (2, 7), (2, 8), (3, 0), (3, 1), (3, 2), (3, 3), (3, 4), (3, 5), (3, 6), (3, 7), (3, 8), (4, 0), (4, 1), (4, 2), (4, 3), (4, 4), (4, 5), (4, 6), (4, 7), (4, 8), (5, 0), (5, 1), (5, 2), (5, 3), (5, 4), (5, 5), (5, 6), (6, 0), (6, 1), (6, 2), (6, 3), (6, 4), (6, 5), (6, 6), (6, 8), (6, 9), (7, 0), (7, 1), (7, 2), (7, 3), (7, 4), (7, 5), (7, 6), (7, 7), (7, 8), (7, 9), (8, 0), (8, 1), (8, 3), (8, 4), (8, 5), (8, 6), (8, 7), (8, 8), (8, 9), (9, 0), (9, 1), (9, 4), (9, 5), (9, 6), (9, 7), (9, 8), (10, 0), (10, 1), (10, 2), (10, 3), (10, 4), (10, 5), (10, 7), (11, 0), (11, 1), (11, 2), (11, 3), (11, 4), (11, 5)]
accessible_from:
  (0, 0) -> [(0, 1), (1, 0)]
  (0, 1) -> [(0, 0), (1, 1)]
  (0, 2) -> [(0, 3)]
  (0, 3) -> [(0, 2), (0, 4)]
  (0, 4) -> [(0, 3), (0, 5)]
  (0, 5) -> [(0, 4), (0, 6), (1, 5)]
  (0, 6) -> [(0, 5), (0, 7), (1, 6)]
  (0, 7) -> [(0, 6)]
  (1, 0) -> [(0, 0), (1, 1), (2, 0)]
  (1, 1) -> [(0, 1), (1, 0), (2, 1)]
  (1, 2) -> [(1, 3), (2, 2)]
  (1, 3) -> [(1, 2), (2, 3)]
  (1, 4) -> [(1, 5), (2, 4)]
  (1, 5) -> [(0, 5), (1, 4), (2, 5)]
  (1, 6) -> [(0, 6), (1, 7)]
  (1, 7) -> [(1, 6), (2, 7)]
  (1, 8) -> [(2, 8)]
  (2, 0) -> [(1, 0), (3, 0)]
  (2, 1) -> [(1, 1), (2, 2)]
  (2, 2) -> [(1, 2), (2, 1), (3, 2)]
  (2, 3) -> [(1, 3), (2, 4), (3, 3)]
  (2, 4) -> [(1, 4), (2, 3), (3, 4)]
  (2, 5) -> [(1, 5), (2, 6), (3, 5)]
  (2, 6) -> [(2, 5), (3, 6)]
  (2, 7) -> [(1, 7), (2, 8), (3, 7)]
  (2, 8) -> [(1, 8), (2, 7), (3, 8)]
  (3, 0) -> [(2, 0), (4, 0)]
  (3, 1) -> [(3, 2), (4, 1)]
  (3, 2) -> [(2, 2), (3, 1), (4, 2)]
  (3, 3) -> [(2, 3), (3, 4), (4, 3)]
  (3, 4) -> [(2, 4), (3, 3), (4, 4)]
  (3, 5) -> [(2, 5), (3, 6), (4, 5)]
  (3, 6) -> [(2, 6), (3, 5), (4, 6)]
  (3, 7) -> [(2, 7), (3, 8), (4, 7)]
  (3, 8) -> [(2, 8), (3, 7)]
  (4, 0) -> [(3, 0), (5, 0)]
  (4, 1) -> [(3, 1), (4, 2), (5, 1)]
  (4, 2) -> [(3, 2), (4, 1)]
  (4, 3) -> [(3, 3), (4, 4), (5, 3)]
  (4, 4) -> [(3, 4), (4, 3), (5, 4)]
  (4, 5) -> [(3, 5), (4, 6)]
  (4, 6) -> [(3, 6), (4, 5)]
  (4, 7) -> [(3, 7), (4, 8)]
  (4, 8) -> [(4, 7)]
  (5, 0) -> [(4, 0), (5, 1), (6, 0)]
  (5, 1) -> [(4, 1), (5, 0), (5, 2), (6, 1)]
  (5, 2) -> [(5, 1), (6, 2)]
  (5, 3) -> [(4, 3), (5, 4), (6, 3)]
  (5, 4) -> [(4, 4), (5, 3)]
  (5, 5) -> [(5, 6), (6, 5)]
  (5, 6) -> [(5, 5), (6, 6)]
  (6, 0) -> [(5, 0), (6, 1), (7, 0)]
  (6, 1) -> [(5, 1), (6, 0), (7, 1)]
  (6, 2) -> [(5, 2), (7, 2)]
  (6, 3) -> [(5, 3), (6, 4), (7, 3)]
  (6, 4) -> [(6, 3), (6, 5), (7, 4)]
  (6, 5) -> [(5, 5), (6, 4), (6, 6), (7, 5)]
  (6, 6) -> [(5, 6), (6, 5), (7, 6)]
  (6, 8) -> [(7, 8)]
  (6, 9) -> [(7, 9)]
  (7, 0) -> [(6, 0), (7, 1), (8, 0)]
  (7, 1) -> [(6, 1), (7, 0), (8, 1)]
  (7, 2) -> [(6, 2)]
  (7, 3) -> [(6, 3), (7, 4)]
  (7, 4) -> [(6, 4), (7, 3)]
  (7, 5) -> [(6, 5), (7, 6), (8, 5)]
  (7, 6) -> [(6, 6), (7, 5), (7, 7), (8, 6)]
  (7, 7) -> [(7, 6), (7, 8), (8, 7)]
  (7, 8) -> [(6, 8), (7, 7), (7, 9)]
  (7, 9) -> [(6, 9), (7, 8), (8, 9)]
  (8, 0) -> [(7, 0), (8, 1), (9, 0)]
  (8, 1) -> [(7, 1), (8, 0)]
  (8, 3) -> [(8, 4)]
  (8, 4) -> [(8, 3), (9, 4)]
  (8, 5) -> [(7, 5), (9, 5)]
  (8, 6) -> [(7, 6), (8, 7)]
  (8, 7) -> [(7, 7), (8, 6), (8, 8), (9, 7)]
  (8, 8) -> [(8, 7), (8, 9), (9, 8)]
  (8, 9) -> [(7, 9), (8, 8)]
  (9, 0) -> [(8, 0), (9, 1), (10, 0)]
  (9, 1) -> [(9, 0), (10, 1)]
  (9, 4) -> [(8, 4), (9, 5)]
  (9, 5) -> [(8, 5), (9, 4), (10, 5)]
  (9, 6) -> [(9, 7)]
  (9, 7) -> [(8, 7), (9, 6), (9, 8), (10, 7)]
  (9, 8) -> [(8, 8), (9, 7)]
  (10, 0) -> [(9, 0), (10, 1), (11, 0)]
  (10, 1) -> [(9, 1), (10, 0), (11, 1)]
  (10, 2) -> [(10, 3), (11, 2)]
  (10, 3) -> [(10, 2), (11, 3)]
  (10, 4) -> [(10, 5), (11, 4)]
  (10, 5) -> [(9, 5), (10, 4), (11, 5)]
  (10, 7) -> [(9, 7)]
  (11, 0) -> [(10, 0), (11, 1)]
  (11, 1) -> [(10, 1), (11, 0), (11, 2)]
  (11, 2) -> [(10, 2), (11, 1), (11, 3)]
  (11, 3) -> [(10, 3), (11, 2)]
  (11, 4) -> [(10, 4), (11, 5)]
  (11, 5) -> [(10, 5), (11, 4)]
parent_path: {}
exploration_queue: [(6, 8), (4, 8), (11, 4), (8, 3), (10, 7), (9, 8), (9, 6), (8, 9), (6, 9)]

2025-07-31 20:37:01,523 - DEBUG - 
=== VISUAL BOARD - STEP 90 - BFS-EXPLORATION ===
   0  1  2  3  4  5  6  7  8  9 10 11
11 .  .  .  .  .  .  .  .  .  .  .  .   11
10 .  .  .  .  .  .  .  .  .  .  .  .   10
 9 .  .  .  .  .  .  V  R  V  .  .  .    9
 8 .  V  V  V  V  .  V  V  V  V  .  .    8
 7 V  V  V  V  V  .  .  V  V  V  V  .    7
 6 V  V  V  V  V  V  V  V  V  V  .  .    6
 5 V  V  V  V  V  V  V  V  V  V  V  V    5
 4 V  V  V  V  V  V  V  V  V  V  V  V    4
 3 V  V  V  V  V  V  V  V  V  .  V  V    3
 2 V  V  V  V  V  V  V  V  .  .  V  V    2
 1 V  V  V  V  V  V  V  V  V  V  V  V    1
 0 V  V  V  V  V  V  V  V  V  V  V  V    0
   0  1  2  3  4  5  6  7  8  9 10 11
Legend: R=Robot, V=Visited, P=Path, .=Unvisited

2025-07-31 20:37:01,523 - INFO - BFS Exploration Step 91: Exploring (6, 8)
2025-07-31 20:37:01,523 - DEBUG - Moving down from (7, 9) to (7, 8)
2025-07-31 20:37:01,592 - DEBUG - Moving left from (7, 8) to (6, 8)
2025-07-31 20:37:01,699 - DEBUG - Sensor readings: {'front': 357.6951572751029, 'right': 1316.140439646658, 'back': 1329.4850014016167, 'left': 2000.0}
2025-07-31 20:37:01,699 - DEBUG - Wall detected up to (6, 9)
2025-07-31 20:37:01,699 - DEBUG - Added neighbor left: (5, 8)
2025-07-31 20:37:01,699 - DEBUG - Added neighbor down: (6, 7)
2025-07-31 20:37:01,699 - DEBUG - Added 2 new neighbors. Queue size: 10
2025-07-31 20:37:01,700 - DEBUG - 
=== STEP 91 DATA STRUCTURES ===
Current Cell: (6, 8)
explored_cells: [(0, 0), (0, 1), (0, 2), (0, 3), (0, 4), (0, 5), (0, 6), (0, 7), (1, 0), (1, 1), (1, 2), (1, 3), (1, 4), (1, 5), (1, 6), (1, 7), (1, 8), (2, 0), (2, 1), (2, 2), (2, 3), (2, 4), (2, 5), (2, 6), (2, 7), (2, 8), (3, 0), (3, 1), (3, 2), (3, 3), (3, 4), (3, 5), (3, 6), (3, 7), (3, 8), (4, 0), (4, 1), (4, 2), (4, 3), (4, 4), (4, 5), (4, 6), (4, 7), (4, 8), (5, 0), (5, 1), (5, 2), (5, 3), (5, 4), (5, 5), (5, 6), (5, 8), (6, 0), (6, 1), (6, 2), (6, 3), (6, 4), (6, 5), (6, 6), (6, 7), (6, 8), (6, 9), (7, 0), (7, 1), (7, 2), (7, 3), (7, 4), (7, 5), (7, 6), (7, 7), (7, 8), (7, 9), (8, 0), (8, 1), (8, 3), (8, 4), (8, 5), (8, 6), (8, 7), (8, 8), (8, 9), (9, 0), (9, 1), (9, 4), (9, 5), (9, 6), (9, 7), (9, 8), (10, 0), (10, 1), (10, 2), (10, 3), (10, 4), (10, 5), (10, 7), (11, 0), (11, 1), (11, 2), (11, 3), (11, 4), (11, 5)]
accessible_from:
  (0, 0) -> [(0, 1), (1, 0)]
  (0, 1) -> [(0, 0), (1, 1)]
  (0, 2) -> [(0, 3)]
  (0, 3) -> [(0, 2), (0, 4)]
  (0, 4) -> [(0, 3), (0, 5)]
  (0, 5) -> [(0, 4), (0, 6), (1, 5)]
  (0, 6) -> [(0, 5), (0, 7), (1, 6)]
  (0, 7) -> [(0, 6)]
  (1, 0) -> [(0, 0), (1, 1), (2, 0)]
  (1, 1) -> [(0, 1), (1, 0), (2, 1)]
  (1, 2) -> [(1, 3), (2, 2)]
  (1, 3) -> [(1, 2), (2, 3)]
  (1, 4) -> [(1, 5), (2, 4)]
  (1, 5) -> [(0, 5), (1, 4), (2, 5)]
  (1, 6) -> [(0, 6), (1, 7)]
  (1, 7) -> [(1, 6), (2, 7)]
  (1, 8) -> [(2, 8)]
  (2, 0) -> [(1, 0), (3, 0)]
  (2, 1) -> [(1, 1), (2, 2)]
  (2, 2) -> [(1, 2), (2, 1), (3, 2)]
  (2, 3) -> [(1, 3), (2, 4), (3, 3)]
  (2, 4) -> [(1, 4), (2, 3), (3, 4)]
  (2, 5) -> [(1, 5), (2, 6), (3, 5)]
  (2, 6) -> [(2, 5), (3, 6)]
  (2, 7) -> [(1, 7), (2, 8), (3, 7)]
  (2, 8) -> [(1, 8), (2, 7), (3, 8)]
  (3, 0) -> [(2, 0), (4, 0)]
  (3, 1) -> [(3, 2), (4, 1)]
  (3, 2) -> [(2, 2), (3, 1), (4, 2)]
  (3, 3) -> [(2, 3), (3, 4), (4, 3)]
  (3, 4) -> [(2, 4), (3, 3), (4, 4)]
  (3, 5) -> [(2, 5), (3, 6), (4, 5)]
  (3, 6) -> [(2, 6), (3, 5), (4, 6)]
  (3, 7) -> [(2, 7), (3, 8), (4, 7)]
  (3, 8) -> [(2, 8), (3, 7)]
  (4, 0) -> [(3, 0), (5, 0)]
  (4, 1) -> [(3, 1), (4, 2), (5, 1)]
  (4, 2) -> [(3, 2), (4, 1)]
  (4, 3) -> [(3, 3), (4, 4), (5, 3)]
  (4, 4) -> [(3, 4), (4, 3), (5, 4)]
  (4, 5) -> [(3, 5), (4, 6)]
  (4, 6) -> [(3, 6), (4, 5)]
  (4, 7) -> [(3, 7), (4, 8)]
  (4, 8) -> [(4, 7)]
  (5, 0) -> [(4, 0), (5, 1), (6, 0)]
  (5, 1) -> [(4, 1), (5, 0), (5, 2), (6, 1)]
  (5, 2) -> [(5, 1), (6, 2)]
  (5, 3) -> [(4, 3), (5, 4), (6, 3)]
  (5, 4) -> [(4, 4), (5, 3)]
  (5, 5) -> [(5, 6), (6, 5)]
  (5, 6) -> [(5, 5), (6, 6)]
  (5, 8) -> [(6, 8)]
  (6, 0) -> [(5, 0), (6, 1), (7, 0)]
  (6, 1) -> [(5, 1), (6, 0), (7, 1)]
  (6, 2) -> [(5, 2), (7, 2)]
  (6, 3) -> [(5, 3), (6, 4), (7, 3)]
  (6, 4) -> [(6, 3), (6, 5), (7, 4)]
  (6, 5) -> [(5, 5), (6, 4), (6, 6), (7, 5)]
  (6, 6) -> [(5, 6), (6, 5), (7, 6)]
  (6, 7) -> [(6, 8)]
  (6, 8) -> [(5, 8), (6, 7), (7, 8)]
  (6, 9) -> [(7, 9)]
  (7, 0) -> [(6, 0), (7, 1), (8, 0)]
  (7, 1) -> [(6, 1), (7, 0), (8, 1)]
  (7, 2) -> [(6, 2)]
  (7, 3) -> [(6, 3), (7, 4)]
  (7, 4) -> [(6, 4), (7, 3)]
  (7, 5) -> [(6, 5), (7, 6), (8, 5)]
  (7, 6) -> [(6, 6), (7, 5), (7, 7), (8, 6)]
  (7, 7) -> [(7, 6), (7, 8), (8, 7)]
  (7, 8) -> [(6, 8), (7, 7), (7, 9)]
  (7, 9) -> [(6, 9), (7, 8), (8, 9)]
  (8, 0) -> [(7, 0), (8, 1), (9, 0)]
  (8, 1) -> [(7, 1), (8, 0)]
  (8, 3) -> [(8, 4)]
  (8, 4) -> [(8, 3), (9, 4)]
  (8, 5) -> [(7, 5), (9, 5)]
  (8, 6) -> [(7, 6), (8, 7)]
  (8, 7) -> [(7, 7), (8, 6), (8, 8), (9, 7)]
  (8, 8) -> [(8, 7), (8, 9), (9, 8)]
  (8, 9) -> [(7, 9), (8, 8)]
  (9, 0) -> [(8, 0), (9, 1), (10, 0)]
  (9, 1) -> [(9, 0), (10, 1)]
  (9, 4) -> [(8, 4), (9, 5)]
  (9, 5) -> [(8, 5), (9, 4), (10, 5)]
  (9, 6) -> [(9, 7)]
  (9, 7) -> [(8, 7), (9, 6), (9, 8), (10, 7)]
  (9, 8) -> [(8, 8), (9, 7)]
  (10, 0) -> [(9, 0), (10, 1), (11, 0)]
  (10, 1) -> [(9, 1), (10, 0), (11, 1)]
  (10, 2) -> [(10, 3), (11, 2)]
  (10, 3) -> [(10, 2), (11, 3)]
  (10, 4) -> [(10, 5), (11, 4)]
  (10, 5) -> [(9, 5), (10, 4), (11, 5)]
  (10, 7) -> [(9, 7)]
  (11, 0) -> [(10, 0), (11, 1)]
  (11, 1) -> [(10, 1), (11, 0), (11, 2)]
  (11, 2) -> [(10, 2), (11, 1), (11, 3)]
  (11, 3) -> [(10, 3), (11, 2)]
  (11, 4) -> [(10, 4), (11, 5)]
  (11, 5) -> [(10, 5), (11, 4)]
parent_path: {}
exploration_queue: [(4, 8), (11, 4), (8, 3), (10, 7), (9, 8), (9, 6), (8, 9), (6, 9), (5, 8), (6, 7)]

2025-07-31 20:37:01,700 - DEBUG - 
=== VISUAL BOARD - STEP 91 - BFS-EXPLORATION ===
   0  1  2  3  4  5  6  7  8  9 10 11
11 .  .  .  .  .  .  .  .  .  .  .  .   11
10 .  .  .  .  .  .  .  .  .  .  .  .   10
 9 .  .  .  .  .  .  V  V  V  .  .  .    9
 8 .  V  V  V  V  V  R  V  V  V  .  .    8
 7 V  V  V  V  V  .  V  V  V  V  V  .    7
 6 V  V  V  V  V  V  V  V  V  V  .  .    6
 5 V  V  V  V  V  V  V  V  V  V  V  V    5
 4 V  V  V  V  V  V  V  V  V  V  V  V    4
 3 V  V  V  V  V  V  V  V  V  .  V  V    3
 2 V  V  V  V  V  V  V  V  .  .  V  V    2
 1 V  V  V  V  V  V  V  V  V  V  V  V    1
 0 V  V  V  V  V  V  V  V  V  V  V  V    0
   0  1  2  3  4  5  6  7  8  9 10 11
Legend: R=Robot, V=Visited, P=Path, .=Unvisited

2025-07-31 20:37:01,700 - INFO - BFS Exploration Step 92: Exploring (4, 8)
2025-07-31 20:37:01,700 - DEBUG - Moving right from (6, 8) to (7, 8)
2025-07-31 20:37:01,794 - DEBUG - Moving down from (7, 8) to (7, 7)
2025-07-31 20:37:01,871 - DEBUG - Moving down from (7, 7) to (7, 6)
2025-07-31 20:37:01,958 - DEBUG - Moving left from (7, 6) to (6, 6)
2025-07-31 20:37:02,055 - DEBUG - Moving down from (6, 6) to (6, 5)
2025-07-31 20:37:02,134 - DEBUG - Moving down from (6, 5) to (6, 4)
2025-07-31 20:37:02,221 - DEBUG - Moving down from (6, 4) to (6, 3)
2025-07-31 20:37:02,303 - DEBUG - Moving left from (6, 3) to (5, 3)
2025-07-31 20:37:02,400 - DEBUG - Moving up from (5, 3) to (5, 4)
2025-07-31 20:37:02,478 - DEBUG - Moving left from (5, 4) to (4, 4)
2025-07-31 20:37:02,573 - DEBUG - Moving left from (4, 4) to (3, 4)
2025-07-31 20:37:02,673 - DEBUG - Moving left from (3, 4) to (2, 4)
2025-07-31 20:37:02,767 - DEBUG - Moving left from (2, 4) to (1, 4)
2025-07-31 20:37:02,872 - DEBUG - Moving up from (1, 4) to (1, 5)
2025-07-31 20:37:02,953 - DEBUG - Moving left from (1, 5) to (0, 5)
2025-07-31 20:37:03,047 - DEBUG - Moving up from (0, 5) to (0, 6)
2025-07-31 20:37:03,128 - DEBUG - Moving right from (0, 6) to (1, 6)
2025-07-31 20:37:03,228 - DEBUG - Moving up from (1, 6) to (1, 7)
2025-07-31 20:37:03,312 - DEBUG - Moving right from (1, 7) to (2, 7)
2025-07-31 20:37:03,418 - DEBUG - Moving right from (2, 7) to (3, 7)
2025-07-31 20:37:03,521 - DEBUG - Moving right from (3, 7) to (4, 7)
2025-07-31 20:37:03,617 - DEBUG - Moving up from (4, 7) to (4, 8)
2025-07-31 20:37:03,686 - DEBUG - Sensor readings: {'front': 347.4698220717992, 'right': 2000.0, 'back': 1318.8745523482223, 'left': 277.6211823649909}
2025-07-31 20:37:03,686 - DEBUG - Wall detected up to (4, 9)
2025-07-31 20:37:03,686 - DEBUG - Wall detected left to (3, 8)
2025-07-31 20:37:03,686 - DEBUG - Added 0 new neighbors. Queue size: 9
2025-07-31 20:37:03,686 - DEBUG - 
=== STEP 92 DATA STRUCTURES ===
Current Cell: (4, 8)
explored_cells: [(0, 0), (0, 1), (0, 2), (0, 3), (0, 4), (0, 5), (0, 6), (0, 7), (1, 0), (1, 1), (1, 2), (1, 3), (1, 4), (1, 5), (1, 6), (1, 7), (1, 8), (2, 0), (2, 1), (2, 2), (2, 3), (2, 4), (2, 5), (2, 6), (2, 7), (2, 8), (3, 0), (3, 1), (3, 2), (3, 3), (3, 4), (3, 5), (3, 6), (3, 7), (3, 8), (4, 0), (4, 1), (4, 2), (4, 3), (4, 4), (4, 5), (4, 6), (4, 7), (4, 8), (5, 0), (5, 1), (5, 2), (5, 3), (5, 4), (5, 5), (5, 6), (5, 8), (6, 0), (6, 1), (6, 2), (6, 3), (6, 4), (6, 5), (6, 6), (6, 7), (6, 8), (6, 9), (7, 0), (7, 1), (7, 2), (7, 3), (7, 4), (7, 5), (7, 6), (7, 7), (7, 8), (7, 9), (8, 0), (8, 1), (8, 3), (8, 4), (8, 5), (8, 6), (8, 7), (8, 8), (8, 9), (9, 0), (9, 1), (9, 4), (9, 5), (9, 6), (9, 7), (9, 8), (10, 0), (10, 1), (10, 2), (10, 3), (10, 4), (10, 5), (10, 7), (11, 0), (11, 1), (11, 2), (11, 3), (11, 4), (11, 5)]
accessible_from:
  (0, 0) -> [(0, 1), (1, 0)]
  (0, 1) -> [(0, 0), (1, 1)]
  (0, 2) -> [(0, 3)]
  (0, 3) -> [(0, 2), (0, 4)]
  (0, 4) -> [(0, 3), (0, 5)]
  (0, 5) -> [(0, 4), (0, 6), (1, 5)]
  (0, 6) -> [(0, 5), (0, 7), (1, 6)]
  (0, 7) -> [(0, 6)]
  (1, 0) -> [(0, 0), (1, 1), (2, 0)]
  (1, 1) -> [(0, 1), (1, 0), (2, 1)]
  (1, 2) -> [(1, 3), (2, 2)]
  (1, 3) -> [(1, 2), (2, 3)]
  (1, 4) -> [(1, 5), (2, 4)]
  (1, 5) -> [(0, 5), (1, 4), (2, 5)]
  (1, 6) -> [(0, 6), (1, 7)]
  (1, 7) -> [(1, 6), (2, 7)]
  (1, 8) -> [(2, 8)]
  (2, 0) -> [(1, 0), (3, 0)]
  (2, 1) -> [(1, 1), (2, 2)]
  (2, 2) -> [(1, 2), (2, 1), (3, 2)]
  (2, 3) -> [(1, 3), (2, 4), (3, 3)]
  (2, 4) -> [(1, 4), (2, 3), (3, 4)]
  (2, 5) -> [(1, 5), (2, 6), (3, 5)]
  (2, 6) -> [(2, 5), (3, 6)]
  (2, 7) -> [(1, 7), (2, 8), (3, 7)]
  (2, 8) -> [(1, 8), (2, 7), (3, 8)]
  (3, 0) -> [(2, 0), (4, 0)]
  (3, 1) -> [(3, 2), (4, 1)]
  (3, 2) -> [(2, 2), (3, 1), (4, 2)]
  (3, 3) -> [(2, 3), (3, 4), (4, 3)]
  (3, 4) -> [(2, 4), (3, 3), (4, 4)]
  (3, 5) -> [(2, 5), (3, 6), (4, 5)]
  (3, 6) -> [(2, 6), (3, 5), (4, 6)]
  (3, 7) -> [(2, 7), (3, 8), (4, 7)]
  (3, 8) -> [(2, 8), (3, 7)]
  (4, 0) -> [(3, 0), (5, 0)]
  (4, 1) -> [(3, 1), (4, 2), (5, 1)]
  (4, 2) -> [(3, 2), (4, 1)]
  (4, 3) -> [(3, 3), (4, 4), (5, 3)]
  (4, 4) -> [(3, 4), (4, 3), (5, 4)]
  (4, 5) -> [(3, 5), (4, 6)]
  (4, 6) -> [(3, 6), (4, 5)]
  (4, 7) -> [(3, 7), (4, 8)]
  (4, 8) -> [(4, 7), (5, 8)]
  (5, 0) -> [(4, 0), (5, 1), (6, 0)]
  (5, 1) -> [(4, 1), (5, 0), (5, 2), (6, 1)]
  (5, 2) -> [(5, 1), (6, 2)]
  (5, 3) -> [(4, 3), (5, 4), (6, 3)]
  (5, 4) -> [(4, 4), (5, 3)]
  (5, 5) -> [(5, 6), (6, 5)]
  (5, 6) -> [(5, 5), (6, 6)]
  (5, 8) -> [(4, 8), (6, 8)]
  (6, 0) -> [(5, 0), (6, 1), (7, 0)]
  (6, 1) -> [(5, 1), (6, 0), (7, 1)]
  (6, 2) -> [(5, 2), (7, 2)]
  (6, 3) -> [(5, 3), (6, 4), (7, 3)]
  (6, 4) -> [(6, 3), (6, 5), (7, 4)]
  (6, 5) -> [(5, 5), (6, 4), (6, 6), (7, 5)]
  (6, 6) -> [(5, 6), (6, 5), (7, 6)]
  (6, 7) -> [(6, 8)]
  (6, 8) -> [(5, 8), (6, 7), (7, 8)]
  (6, 9) -> [(7, 9)]
  (7, 0) -> [(6, 0), (7, 1), (8, 0)]
  (7, 1) -> [(6, 1), (7, 0), (8, 1)]
  (7, 2) -> [(6, 2)]
  (7, 3) -> [(6, 3), (7, 4)]
  (7, 4) -> [(6, 4), (7, 3)]
  (7, 5) -> [(6, 5), (7, 6), (8, 5)]
  (7, 6) -> [(6, 6), (7, 5), (7, 7), (8, 6)]
  (7, 7) -> [(7, 6), (7, 8), (8, 7)]
  (7, 8) -> [(6, 8), (7, 7), (7, 9)]
  (7, 9) -> [(6, 9), (7, 8), (8, 9)]
  (8, 0) -> [(7, 0), (8, 1), (9, 0)]
  (8, 1) -> [(7, 1), (8, 0)]
  (8, 3) -> [(8, 4)]
  (8, 4) -> [(8, 3), (9, 4)]
  (8, 5) -> [(7, 5), (9, 5)]
  (8, 6) -> [(7, 6), (8, 7)]
  (8, 7) -> [(7, 7), (8, 6), (8, 8), (9, 7)]
  (8, 8) -> [(8, 7), (8, 9), (9, 8)]
  (8, 9) -> [(7, 9), (8, 8)]
  (9, 0) -> [(8, 0), (9, 1), (10, 0)]
  (9, 1) -> [(9, 0), (10, 1)]
  (9, 4) -> [(8, 4), (9, 5)]
  (9, 5) -> [(8, 5), (9, 4), (10, 5)]
  (9, 6) -> [(9, 7)]
  (9, 7) -> [(8, 7), (9, 6), (9, 8), (10, 7)]
  (9, 8) -> [(8, 8), (9, 7)]
  (10, 0) -> [(9, 0), (10, 1), (11, 0)]
  (10, 1) -> [(9, 1), (10, 0), (11, 1)]
  (10, 2) -> [(10, 3), (11, 2)]
  (10, 3) -> [(10, 2), (11, 3)]
  (10, 4) -> [(10, 5), (11, 4)]
  (10, 5) -> [(9, 5), (10, 4), (11, 5)]
  (10, 7) -> [(9, 7)]
  (11, 0) -> [(10, 0), (11, 1)]
  (11, 1) -> [(10, 1), (11, 0), (11, 2)]
  (11, 2) -> [(10, 2), (11, 1), (11, 3)]
  (11, 3) -> [(10, 3), (11, 2)]
  (11, 4) -> [(10, 4), (11, 5)]
  (11, 5) -> [(10, 5), (11, 4)]
parent_path: {}
exploration_queue: [(11, 4), (8, 3), (10, 7), (9, 8), (9, 6), (8, 9), (6, 9), (5, 8), (6, 7)]

2025-07-31 20:37:03,686 - DEBUG - 
=== VISUAL BOARD - STEP 92 - BFS-EXPLORATION ===
   0  1  2  3  4  5  6  7  8  9 10 11
11 .  .  .  .  .  .  .  .  .  .  .  .   11
10 .  .  .  .  .  .  .  .  .  .  .  .   10
 9 .  .  .  .  .  .  V  V  V  .  .  .    9
 8 .  V  V  V  R  V  V  V  V  V  .  .    8
 7 V  V  V  V  V  .  V  V  V  V  V  .    7
 6 V  V  V  V  V  V  V  V  V  V  .  .    6
 5 V  V  V  V  V  V  V  V  V  V  V  V    5
 4 V  V  V  V  V  V  V  V  V  V  V  V    4
 3 V  V  V  V  V  V  V  V  V  .  V  V    3
 2 V  V  V  V  V  V  V  V  .  .  V  V    2
 1 V  V  V  V  V  V  V  V  V  V  V  V    1
 0 V  V  V  V  V  V  V  V  V  V  V  V    0
   0  1  2  3  4  5  6  7  8  9 10 11
Legend: R=Robot, V=Visited, P=Path, .=Unvisited

2025-07-31 20:37:03,686 - INFO - BFS Exploration Step 93: Exploring (11, 4)
2025-07-31 20:37:03,686 - DEBUG - Moving right from (4, 8) to (5, 8)
2025-07-31 20:37:03,801 - DEBUG - Moving right from (5, 8) to (6, 8)
2025-07-31 20:37:03,906 - DEBUG - Moving right from (6, 8) to (7, 8)
2025-07-31 20:37:04,012 - DEBUG - Moving down from (7, 8) to (7, 7)
2025-07-31 20:37:04,087 - DEBUG - Moving down from (7, 7) to (7, 6)
2025-07-31 20:37:04,164 - DEBUG - Moving down from (7, 6) to (7, 5)
2025-07-31 20:37:04,242 - DEBUG - Moving right from (7, 5) to (8, 5)
2025-07-31 20:37:04,338 - DEBUG - Moving right from (8, 5) to (9, 5)
2025-07-31 20:37:04,436 - DEBUG - Moving right from (9, 5) to (10, 5)
2025-07-31 20:37:04,537 - DEBUG - Moving down from (10, 5) to (10, 4)
2025-07-31 20:37:04,610 - DEBUG - Moving right from (10, 4) to (11, 4)
2025-07-31 20:37:04,704 - DEBUG - Sensor readings: {'front': 1311.6276746531926, 'right': 391.08753991512947, 'back': 346.58402401473376, 'left': 1292.4853518248058}
2025-07-31 20:37:04,704 - DEBUG - Wall detected down to (11, 3)
2025-07-31 20:37:04,704 - DEBUG - Added 0 new neighbors. Queue size: 8
2025-07-31 20:37:04,704 - DEBUG - 
=== STEP 93 DATA STRUCTURES ===
Current Cell: (11, 4)
explored_cells: [(0, 0), (0, 1), (0, 2), (0, 3), (0, 4), (0, 5), (0, 6), (0, 7), (1, 0), (1, 1), (1, 2), (1, 3), (1, 4), (1, 5), (1, 6), (1, 7), (1, 8), (2, 0), (2, 1), (2, 2), (2, 3), (2, 4), (2, 5), (2, 6), (2, 7), (2, 8), (3, 0), (3, 1), (3, 2), (3, 3), (3, 4), (3, 5), (3, 6), (3, 7), (3, 8), (4, 0), (4, 1), (4, 2), (4, 3), (4, 4), (4, 5), (4, 6), (4, 7), (4, 8), (5, 0), (5, 1), (5, 2), (5, 3), (5, 4), (5, 5), (5, 6), (5, 8), (6, 0), (6, 1), (6, 2), (6, 3), (6, 4), (6, 5), (6, 6), (6, 7), (6, 8), (6, 9), (7, 0), (7, 1), (7, 2), (7, 3), (7, 4), (7, 5), (7, 6), (7, 7), (7, 8), (7, 9), (8, 0), (8, 1), (8, 3), (8, 4), (8, 5), (8, 6), (8, 7), (8, 8), (8, 9), (9, 0), (9, 1), (9, 4), (9, 5), (9, 6), (9, 7), (9, 8), (10, 0), (10, 1), (10, 2), (10, 3), (10, 4), (10, 5), (10, 7), (11, 0), (11, 1), (11, 2), (11, 3), (11, 4), (11, 5)]
accessible_from:
  (0, 0) -> [(0, 1), (1, 0)]
  (0, 1) -> [(0, 0), (1, 1)]
  (0, 2) -> [(0, 3)]
  (0, 3) -> [(0, 2), (0, 4)]
  (0, 4) -> [(0, 3), (0, 5)]
  (0, 5) -> [(0, 4), (0, 6), (1, 5)]
  (0, 6) -> [(0, 5), (0, 7), (1, 6)]
  (0, 7) -> [(0, 6)]
  (1, 0) -> [(0, 0), (1, 1), (2, 0)]
  (1, 1) -> [(0, 1), (1, 0), (2, 1)]
  (1, 2) -> [(1, 3), (2, 2)]
  (1, 3) -> [(1, 2), (2, 3)]
  (1, 4) -> [(1, 5), (2, 4)]
  (1, 5) -> [(0, 5), (1, 4), (2, 5)]
  (1, 6) -> [(0, 6), (1, 7)]
  (1, 7) -> [(1, 6), (2, 7)]
  (1, 8) -> [(2, 8)]
  (2, 0) -> [(1, 0), (3, 0)]
  (2, 1) -> [(1, 1), (2, 2)]
  (2, 2) -> [(1, 2), (2, 1), (3, 2)]
  (2, 3) -> [(1, 3), (2, 4), (3, 3)]
  (2, 4) -> [(1, 4), (2, 3), (3, 4)]
  (2, 5) -> [(1, 5), (2, 6), (3, 5)]
  (2, 6) -> [(2, 5), (3, 6)]
  (2, 7) -> [(1, 7), (2, 8), (3, 7)]
  (2, 8) -> [(1, 8), (2, 7), (3, 8)]
  (3, 0) -> [(2, 0), (4, 0)]
  (3, 1) -> [(3, 2), (4, 1)]
  (3, 2) -> [(2, 2), (3, 1), (4, 2)]
  (3, 3) -> [(2, 3), (3, 4), (4, 3)]
  (3, 4) -> [(2, 4), (3, 3), (4, 4)]
  (3, 5) -> [(2, 5), (3, 6), (4, 5)]
  (3, 6) -> [(2, 6), (3, 5), (4, 6)]
  (3, 7) -> [(2, 7), (3, 8), (4, 7)]
  (3, 8) -> [(2, 8), (3, 7)]
  (4, 0) -> [(3, 0), (5, 0)]
  (4, 1) -> [(3, 1), (4, 2), (5, 1)]
  (4, 2) -> [(3, 2), (4, 1)]
  (4, 3) -> [(3, 3), (4, 4), (5, 3)]
  (4, 4) -> [(3, 4), (4, 3), (5, 4)]
  (4, 5) -> [(3, 5), (4, 6)]
  (4, 6) -> [(3, 6), (4, 5)]
  (4, 7) -> [(3, 7), (4, 8)]
  (4, 8) -> [(4, 7), (5, 8)]
  (5, 0) -> [(4, 0), (5, 1), (6, 0)]
  (5, 1) -> [(4, 1), (5, 0), (5, 2), (6, 1)]
  (5, 2) -> [(5, 1), (6, 2)]
  (5, 3) -> [(4, 3), (5, 4), (6, 3)]
  (5, 4) -> [(4, 4), (5, 3)]
  (5, 5) -> [(5, 6), (6, 5)]
  (5, 6) -> [(5, 5), (6, 6)]
  (5, 8) -> [(4, 8), (6, 8)]
  (6, 0) -> [(5, 0), (6, 1), (7, 0)]
  (6, 1) -> [(5, 1), (6, 0), (7, 1)]
  (6, 2) -> [(5, 2), (7, 2)]
  (6, 3) -> [(5, 3), (6, 4), (7, 3)]
  (6, 4) -> [(6, 3), (6, 5), (7, 4)]
  (6, 5) -> [(5, 5), (6, 4), (6, 6), (7, 5)]
  (6, 6) -> [(5, 6), (6, 5), (7, 6)]
  (6, 7) -> [(6, 8)]
  (6, 8) -> [(5, 8), (6, 7), (7, 8)]
  (6, 9) -> [(7, 9)]
  (7, 0) -> [(6, 0), (7, 1), (8, 0)]
  (7, 1) -> [(6, 1), (7, 0), (8, 1)]
  (7, 2) -> [(6, 2)]
  (7, 3) -> [(6, 3), (7, 4)]
  (7, 4) -> [(6, 4), (7, 3)]
  (7, 5) -> [(6, 5), (7, 6), (8, 5)]
  (7, 6) -> [(6, 6), (7, 5), (7, 7), (8, 6)]
  (7, 7) -> [(7, 6), (7, 8), (8, 7)]
  (7, 8) -> [(6, 8), (7, 7), (7, 9)]
  (7, 9) -> [(6, 9), (7, 8), (8, 9)]
  (8, 0) -> [(7, 0), (8, 1), (9, 0)]
  (8, 1) -> [(7, 1), (8, 0)]
  (8, 3) -> [(8, 4)]
  (8, 4) -> [(8, 3), (9, 4)]
  (8, 5) -> [(7, 5), (9, 5)]
  (8, 6) -> [(7, 6), (8, 7)]
  (8, 7) -> [(7, 7), (8, 6), (8, 8), (9, 7)]
  (8, 8) -> [(8, 7), (8, 9), (9, 8)]
  (8, 9) -> [(7, 9), (8, 8)]
  (9, 0) -> [(8, 0), (9, 1), (10, 0)]
  (9, 1) -> [(9, 0), (10, 1)]
  (9, 4) -> [(8, 4), (9, 5)]
  (9, 5) -> [(8, 5), (9, 4), (10, 5)]
  (9, 6) -> [(9, 7)]
  (9, 7) -> [(8, 7), (9, 6), (9, 8), (10, 7)]
  (9, 8) -> [(8, 8), (9, 7)]
  (10, 0) -> [(9, 0), (10, 1), (11, 0)]
  (10, 1) -> [(9, 1), (10, 0), (11, 1)]
  (10, 2) -> [(10, 3), (11, 2)]
  (10, 3) -> [(10, 2), (11, 3)]
  (10, 4) -> [(10, 5), (11, 4)]
  (10, 5) -> [(9, 5), (10, 4), (11, 5)]
  (10, 7) -> [(9, 7)]
  (11, 0) -> [(10, 0), (11, 1)]
  (11, 1) -> [(10, 1), (11, 0), (11, 2)]
  (11, 2) -> [(10, 2), (11, 1), (11, 3)]
  (11, 3) -> [(10, 3), (11, 2)]
  (11, 4) -> [(10, 4), (11, 5)]
  (11, 5) -> [(10, 5), (11, 4)]
parent_path: {}
exploration_queue: [(8, 3), (10, 7), (9, 8), (9, 6), (8, 9), (6, 9), (5, 8), (6, 7)]

2025-07-31 20:37:04,705 - DEBUG - 
=== VISUAL BOARD - STEP 93 - BFS-EXPLORATION ===
   0  1  2  3  4  5  6  7  8  9 10 11
11 .  .  .  .  .  .  .  .  .  .  .  .   11
10 .  .  .  .  .  .  .  .  .  .  .  .   10
 9 .  .  .  .  .  .  V  V  V  .  .  .    9
 8 .  V  V  V  V  V  V  V  V  V  .  .    8
 7 V  V  V  V  V  .  V  V  V  V  V  .    7
 6 V  V  V  V  V  V  V  V  V  V  .  .    6
 5 V  V  V  V  V  V  V  V  V  V  V  V    5
 4 V  V  V  V  V  V  V  V  V  V  V  R    4
 3 V  V  V  V  V  V  V  V  V  .  V  V    3
 2 V  V  V  V  V  V  V  V  .  .  V  V    2
 1 V  V  V  V  V  V  V  V  V  V  V  V    1
 0 V  V  V  V  V  V  V  V  V  V  V  V    0
   0  1  2  3  4  5  6  7  8  9 10 11
Legend: R=Robot, V=Visited, P=Path, .=Unvisited

2025-07-31 20:37:04,705 - INFO - BFS Exploration Step 94: Exploring (8, 3)
2025-07-31 20:37:04,705 - DEBUG - Moving left from (11, 4) to (10, 4)
2025-07-31 20:37:04,801 - DEBUG - Moving up from (10, 4) to (10, 5)
2025-07-31 20:37:04,866 - DEBUG - Moving left from (10, 5) to (9, 5)
2025-07-31 20:37:04,966 - DEBUG - Moving down from (9, 5) to (9, 4)
2025-07-31 20:37:05,038 - DEBUG - Moving left from (9, 4) to (8, 4)
2025-07-31 20:37:05,138 - DEBUG - Moving down from (8, 4) to (8, 3)
2025-07-31 20:37:05,225 - DEBUG - Sensor readings: {'front': 1307.4899177512004, 'right': 1287.598519691072, 'back': 344.7685135746184, 'left': 364.7404818722729}
2025-07-31 20:37:05,225 - DEBUG - Added neighbor right: (9, 3)
2025-07-31 20:37:05,225 - DEBUG - Wall detected left to (7, 3)
2025-07-31 20:37:05,225 - DEBUG - Wall detected down to (8, 2)
2025-07-31 20:37:05,225 - DEBUG - Added 1 new neighbors. Queue size: 8
2025-07-31 20:37:05,225 - DEBUG - 
=== STEP 94 DATA STRUCTURES ===
Current Cell: (8, 3)
explored_cells: [(0, 0), (0, 1), (0, 2), (0, 3), (0, 4), (0, 5), (0, 6), (0, 7), (1, 0), (1, 1), (1, 2), (1, 3), (1, 4), (1, 5), (1, 6), (1, 7), (1, 8), (2, 0), (2, 1), (2, 2), (2, 3), (2, 4), (2, 5), (2, 6), (2, 7), (2, 8), (3, 0), (3, 1), (3, 2), (3, 3), (3, 4), (3, 5), (3, 6), (3, 7), (3, 8), (4, 0), (4, 1), (4, 2), (4, 3), (4, 4), (4, 5), (4, 6), (4, 7), (4, 8), (5, 0), (5, 1), (5, 2), (5, 3), (5, 4), (5, 5), (5, 6), (5, 8), (6, 0), (6, 1), (6, 2), (6, 3), (6, 4), (6, 5), (6, 6), (6, 7), (6, 8), (6, 9), (7, 0), (7, 1), (7, 2), (7, 3), (7, 4), (7, 5), (7, 6), (7, 7), (7, 8), (7, 9), (8, 0), (8, 1), (8, 3), (8, 4), (8, 5), (8, 6), (8, 7), (8, 8), (8, 9), (9, 0), (9, 1), (9, 3), (9, 4), (9, 5), (9, 6), (9, 7), (9, 8), (10, 0), (10, 1), (10, 2), (10, 3), (10, 4), (10, 5), (10, 7), (11, 0), (11, 1), (11, 2), (11, 3), (11, 4), (11, 5)]
accessible_from:
  (0, 0) -> [(0, 1), (1, 0)]
  (0, 1) -> [(0, 0), (1, 1)]
  (0, 2) -> [(0, 3)]
  (0, 3) -> [(0, 2), (0, 4)]
  (0, 4) -> [(0, 3), (0, 5)]
  (0, 5) -> [(0, 4), (0, 6), (1, 5)]
  (0, 6) -> [(0, 5), (0, 7), (1, 6)]
  (0, 7) -> [(0, 6)]
  (1, 0) -> [(0, 0), (1, 1), (2, 0)]
  (1, 1) -> [(0, 1), (1, 0), (2, 1)]
  (1, 2) -> [(1, 3), (2, 2)]
  (1, 3) -> [(1, 2), (2, 3)]
  (1, 4) -> [(1, 5), (2, 4)]
  (1, 5) -> [(0, 5), (1, 4), (2, 5)]
  (1, 6) -> [(0, 6), (1, 7)]
  (1, 7) -> [(1, 6), (2, 7)]
  (1, 8) -> [(2, 8)]
  (2, 0) -> [(1, 0), (3, 0)]
  (2, 1) -> [(1, 1), (2, 2)]
  (2, 2) -> [(1, 2), (2, 1), (3, 2)]
  (2, 3) -> [(1, 3), (2, 4), (3, 3)]
  (2, 4) -> [(1, 4), (2, 3), (3, 4)]
  (2, 5) -> [(1, 5), (2, 6), (3, 5)]
  (2, 6) -> [(2, 5), (3, 6)]
  (2, 7) -> [(1, 7), (2, 8), (3, 7)]
  (2, 8) -> [(1, 8), (2, 7), (3, 8)]
  (3, 0) -> [(2, 0), (4, 0)]
  (3, 1) -> [(3, 2), (4, 1)]
  (3, 2) -> [(2, 2), (3, 1), (4, 2)]
  (3, 3) -> [(2, 3), (3, 4), (4, 3)]
  (3, 4) -> [(2, 4), (3, 3), (4, 4)]
  (3, 5) -> [(2, 5), (3, 6), (4, 5)]
  (3, 6) -> [(2, 6), (3, 5), (4, 6)]
  (3, 7) -> [(2, 7), (3, 8), (4, 7)]
  (3, 8) -> [(2, 8), (3, 7)]
  (4, 0) -> [(3, 0), (5, 0)]
  (4, 1) -> [(3, 1), (4, 2), (5, 1)]
  (4, 2) -> [(3, 2), (4, 1)]
  (4, 3) -> [(3, 3), (4, 4), (5, 3)]
  (4, 4) -> [(3, 4), (4, 3), (5, 4)]
  (4, 5) -> [(3, 5), (4, 6)]
  (4, 6) -> [(3, 6), (4, 5)]
  (4, 7) -> [(3, 7), (4, 8)]
  (4, 8) -> [(4, 7), (5, 8)]
  (5, 0) -> [(4, 0), (5, 1), (6, 0)]
  (5, 1) -> [(4, 1), (5, 0), (5, 2), (6, 1)]
  (5, 2) -> [(5, 1), (6, 2)]
  (5, 3) -> [(4, 3), (5, 4), (6, 3)]
  (5, 4) -> [(4, 4), (5, 3)]
  (5, 5) -> [(5, 6), (6, 5)]
  (5, 6) -> [(5, 5), (6, 6)]
  (5, 8) -> [(4, 8), (6, 8)]
  (6, 0) -> [(5, 0), (6, 1), (7, 0)]
  (6, 1) -> [(5, 1), (6, 0), (7, 1)]
  (6, 2) -> [(5, 2), (7, 2)]
  (6, 3) -> [(5, 3), (6, 4), (7, 3)]
  (6, 4) -> [(6, 3), (6, 5), (7, 4)]
  (6, 5) -> [(5, 5), (6, 4), (6, 6), (7, 5)]
  (6, 6) -> [(5, 6), (6, 5), (7, 6)]
  (6, 7) -> [(6, 8)]
  (6, 8) -> [(5, 8), (6, 7), (7, 8)]
  (6, 9) -> [(7, 9)]
  (7, 0) -> [(6, 0), (7, 1), (8, 0)]
  (7, 1) -> [(6, 1), (7, 0), (8, 1)]
  (7, 2) -> [(6, 2)]
  (7, 3) -> [(6, 3), (7, 4)]
  (7, 4) -> [(6, 4), (7, 3)]
  (7, 5) -> [(6, 5), (7, 6), (8, 5)]
  (7, 6) -> [(6, 6), (7, 5), (7, 7), (8, 6)]
  (7, 7) -> [(7, 6), (7, 8), (8, 7)]
  (7, 8) -> [(6, 8), (7, 7), (7, 9)]
  (7, 9) -> [(6, 9), (7, 8), (8, 9)]
  (8, 0) -> [(7, 0), (8, 1), (9, 0)]
  (8, 1) -> [(7, 1), (8, 0)]
  (8, 3) -> [(8, 4), (9, 3)]
  (8, 4) -> [(8, 3), (9, 4)]
  (8, 5) -> [(7, 5), (9, 5)]
  (8, 6) -> [(7, 6), (8, 7)]
  (8, 7) -> [(7, 7), (8, 6), (8, 8), (9, 7)]
  (8, 8) -> [(8, 7), (8, 9), (9, 8)]
  (8, 9) -> [(7, 9), (8, 8)]
  (9, 0) -> [(8, 0), (9, 1), (10, 0)]
  (9, 1) -> [(9, 0), (10, 1)]
  (9, 3) -> [(8, 3)]
  (9, 4) -> [(8, 4), (9, 5)]
  (9, 5) -> [(8, 5), (9, 4), (10, 5)]
  (9, 6) -> [(9, 7)]
  (9, 7) -> [(8, 7), (9, 6), (9, 8), (10, 7)]
  (9, 8) -> [(8, 8), (9, 7)]
  (10, 0) -> [(9, 0), (10, 1), (11, 0)]
  (10, 1) -> [(9, 1), (10, 0), (11, 1)]
  (10, 2) -> [(10, 3), (11, 2)]
  (10, 3) -> [(10, 2), (11, 3)]
  (10, 4) -> [(10, 5), (11, 4)]
  (10, 5) -> [(9, 5), (10, 4), (11, 5)]
  (10, 7) -> [(9, 7)]
  (11, 0) -> [(10, 0), (11, 1)]
  (11, 1) -> [(10, 1), (11, 0), (11, 2)]
  (11, 2) -> [(10, 2), (11, 1), (11, 3)]
  (11, 3) -> [(10, 3), (11, 2)]
  (11, 4) -> [(10, 4), (11, 5)]
  (11, 5) -> [(10, 5), (11, 4)]
parent_path: {}
exploration_queue: [(10, 7), (9, 8), (9, 6), (8, 9), (6, 9), (5, 8), (6, 7), (9, 3)]

2025-07-31 20:37:05,225 - DEBUG - 
=== VISUAL BOARD - STEP 94 - BFS-EXPLORATION ===
   0  1  2  3  4  5  6  7  8  9 10 11
11 .  .  .  .  .  .  .  .  .  .  .  .   11
10 .  .  .  .  .  .  .  .  .  .  .  .   10
 9 .  .  .  .  .  .  V  V  V  .  .  .    9
 8 .  V  V  V  V  V  V  V  V  V  .  .    8
 7 V  V  V  V  V  .  V  V  V  V  V  .    7
 6 V  V  V  V  V  V  V  V  V  V  .  .    6
 5 V  V  V  V  V  V  V  V  V  V  V  V    5
 4 V  V  V  V  V  V  V  V  V  V  V  V    4
 3 V  V  V  V  V  V  V  V  R  V  V  V    3
 2 V  V  V  V  V  V  V  V  .  .  V  V    2
 1 V  V  V  V  V  V  V  V  V  V  V  V    1
 0 V  V  V  V  V  V  V  V  V  V  V  V    0
   0  1  2  3  4  5  6  7  8  9 10 11
Legend: R=Robot, V=Visited, P=Path, .=Unvisited

2025-07-31 20:37:05,225 - INFO - BFS Exploration Step 95: Exploring (10, 7)
2025-07-31 20:37:05,225 - DEBUG - Moving up from (8, 3) to (8, 4)
2025-07-31 20:37:05,288 - DEBUG - Moving right from (8, 4) to (9, 4)
2025-07-31 20:37:05,391 - DEBUG - Moving up from (9, 4) to (9, 5)
2025-07-31 20:37:05,462 - DEBUG - Moving left from (9, 5) to (8, 5)
2025-07-31 20:37:05,557 - DEBUG - Moving left from (8, 5) to (7, 5)
2025-07-31 20:37:05,654 - DEBUG - Moving up from (7, 5) to (7, 6)
2025-07-31 20:37:05,722 - DEBUG - Moving up from (7, 6) to (7, 7)
2025-07-31 20:37:05,796 - DEBUG - Moving right from (7, 7) to (8, 7)
2025-07-31 20:37:05,901 - DEBUG - Moving right from (8, 7) to (9, 7)
2025-07-31 20:37:05,997 - DEBUG - Moving right from (9, 7) to (10, 7)
2025-07-31 20:37:06,097 - DEBUG - Sensor readings: {'front': 2000.0, 'right': 1401.264065294345, 'back': 1356.033423361961, 'left': 2000.0}
2025-07-31 20:37:06,097 - DEBUG - Added neighbor right: (11, 7)
2025-07-31 20:37:06,097 - DEBUG - Added neighbor up: (10, 8)
2025-07-31 20:37:06,097 - DEBUG - Added neighbor down: (10, 6)
2025-07-31 20:37:06,097 - DEBUG - Added 3 new neighbors. Queue size: 10
2025-07-31 20:37:06,097 - DEBUG - 
=== STEP 95 DATA STRUCTURES ===
Current Cell: (10, 7)
explored_cells: [(0, 0), (0, 1), (0, 2), (0, 3), (0, 4), (0, 5), (0, 6), (0, 7), (1, 0), (1, 1), (1, 2), (1, 3), (1, 4), (1, 5), (1, 6), (1, 7), (1, 8), (2, 0), (2, 1), (2, 2), (2, 3), (2, 4), (2, 5), (2, 6), (2, 7), (2, 8), (3, 0), (3, 1), (3, 2), (3, 3), (3, 4), (3, 5), (3, 6), (3, 7), (3, 8), (4, 0), (4, 1), (4, 2), (4, 3), (4, 4), (4, 5), (4, 6), (4, 7), (4, 8), (5, 0), (5, 1), (5, 2), (5, 3), (5, 4), (5, 5), (5, 6), (5, 8), (6, 0), (6, 1), (6, 2), (6, 3), (6, 4), (6, 5), (6, 6), (6, 7), (6, 8), (6, 9), (7, 0), (7, 1), (7, 2), (7, 3), (7, 4), (7, 5), (7, 6), (7, 7), (7, 8), (7, 9), (8, 0), (8, 1), (8, 3), (8, 4), (8, 5), (8, 6), (8, 7), (8, 8), (8, 9), (9, 0), (9, 1), (9, 3), (9, 4), (9, 5), (9, 6), (9, 7), (9, 8), (10, 0), (10, 1), (10, 2), (10, 3), (10, 4), (10, 5), (10, 6), (10, 7), (10, 8), (11, 0), (11, 1), (11, 2), (11, 3), (11, 4), (11, 5), (11, 7)]
accessible_from:
  (0, 0) -> [(0, 1), (1, 0)]
  (0, 1) -> [(0, 0), (1, 1)]
  (0, 2) -> [(0, 3)]
  (0, 3) -> [(0, 2), (0, 4)]
  (0, 4) -> [(0, 3), (0, 5)]
  (0, 5) -> [(0, 4), (0, 6), (1, 5)]
  (0, 6) -> [(0, 5), (0, 7), (1, 6)]
  (0, 7) -> [(0, 6)]
  (1, 0) -> [(0, 0), (1, 1), (2, 0)]
  (1, 1) -> [(0, 1), (1, 0), (2, 1)]
  (1, 2) -> [(1, 3), (2, 2)]
  (1, 3) -> [(1, 2), (2, 3)]
  (1, 4) -> [(1, 5), (2, 4)]
  (1, 5) -> [(0, 5), (1, 4), (2, 5)]
  (1, 6) -> [(0, 6), (1, 7)]
  (1, 7) -> [(1, 6), (2, 7)]
  (1, 8) -> [(2, 8)]
  (2, 0) -> [(1, 0), (3, 0)]
  (2, 1) -> [(1, 1), (2, 2)]
  (2, 2) -> [(1, 2), (2, 1), (3, 2)]
  (2, 3) -> [(1, 3), (2, 4), (3, 3)]
  (2, 4) -> [(1, 4), (2, 3), (3, 4)]
  (2, 5) -> [(1, 5), (2, 6), (3, 5)]
  (2, 6) -> [(2, 5), (3, 6)]
  (2, 7) -> [(1, 7), (2, 8), (3, 7)]
  (2, 8) -> [(1, 8), (2, 7), (3, 8)]
  (3, 0) -> [(2, 0), (4, 0)]
  (3, 1) -> [(3, 2), (4, 1)]
  (3, 2) -> [(2, 2), (3, 1), (4, 2)]
  (3, 3) -> [(2, 3), (3, 4), (4, 3)]
  (3, 4) -> [(2, 4), (3, 3), (4, 4)]
  (3, 5) -> [(2, 5), (3, 6), (4, 5)]
  (3, 6) -> [(2, 6), (3, 5), (4, 6)]
  (3, 7) -> [(2, 7), (3, 8), (4, 7)]
  (3, 8) -> [(2, 8), (3, 7)]
  (4, 0) -> [(3, 0), (5, 0)]
  (4, 1) -> [(3, 1), (4, 2), (5, 1)]
  (4, 2) -> [(3, 2), (4, 1)]
  (4, 3) -> [(3, 3), (4, 4), (5, 3)]
  (4, 4) -> [(3, 4), (4, 3), (5, 4)]
  (4, 5) -> [(3, 5), (4, 6)]
  (4, 6) -> [(3, 6), (4, 5)]
  (4, 7) -> [(3, 7), (4, 8)]
  (4, 8) -> [(4, 7), (5, 8)]
  (5, 0) -> [(4, 0), (5, 1), (6, 0)]
  (5, 1) -> [(4, 1), (5, 0), (5, 2), (6, 1)]
  (5, 2) -> [(5, 1), (6, 2)]
  (5, 3) -> [(4, 3), (5, 4), (6, 3)]
  (5, 4) -> [(4, 4), (5, 3)]
  (5, 5) -> [(5, 6), (6, 5)]
  (5, 6) -> [(5, 5), (6, 6)]
  (5, 8) -> [(4, 8), (6, 8)]
  (6, 0) -> [(5, 0), (6, 1), (7, 0)]
  (6, 1) -> [(5, 1), (6, 0), (7, 1)]
  (6, 2) -> [(5, 2), (7, 2)]
  (6, 3) -> [(5, 3), (6, 4), (7, 3)]
  (6, 4) -> [(6, 3), (6, 5), (7, 4)]
  (6, 5) -> [(5, 5), (6, 4), (6, 6), (7, 5)]
  (6, 6) -> [(5, 6), (6, 5), (7, 6)]
  (6, 7) -> [(6, 8)]
  (6, 8) -> [(5, 8), (6, 7), (7, 8)]
  (6, 9) -> [(7, 9)]
  (7, 0) -> [(6, 0), (7, 1), (8, 0)]
  (7, 1) -> [(6, 1), (7, 0), (8, 1)]
  (7, 2) -> [(6, 2)]
  (7, 3) -> [(6, 3), (7, 4)]
  (7, 4) -> [(6, 4), (7, 3)]
  (7, 5) -> [(6, 5), (7, 6), (8, 5)]
  (7, 6) -> [(6, 6), (7, 5), (7, 7), (8, 6)]
  (7, 7) -> [(7, 6), (7, 8), (8, 7)]
  (7, 8) -> [(6, 8), (7, 7), (7, 9)]
  (7, 9) -> [(6, 9), (7, 8), (8, 9)]
  (8, 0) -> [(7, 0), (8, 1), (9, 0)]
  (8, 1) -> [(7, 1), (8, 0)]
  (8, 3) -> [(8, 4), (9, 3)]
  (8, 4) -> [(8, 3), (9, 4)]
  (8, 5) -> [(7, 5), (9, 5)]
  (8, 6) -> [(7, 6), (8, 7)]
  (8, 7) -> [(7, 7), (8, 6), (8, 8), (9, 7)]
  (8, 8) -> [(8, 7), (8, 9), (9, 8)]
  (8, 9) -> [(7, 9), (8, 8)]
  (9, 0) -> [(8, 0), (9, 1), (10, 0)]
  (9, 1) -> [(9, 0), (10, 1)]
  (9, 3) -> [(8, 3)]
  (9, 4) -> [(8, 4), (9, 5)]
  (9, 5) -> [(8, 5), (9, 4), (10, 5)]
  (9, 6) -> [(9, 7)]
  (9, 7) -> [(8, 7), (9, 6), (9, 8), (10, 7)]
  (9, 8) -> [(8, 8), (9, 7)]
  (10, 0) -> [(9, 0), (10, 1), (11, 0)]
  (10, 1) -> [(9, 1), (10, 0), (11, 1)]
  (10, 2) -> [(10, 3), (11, 2)]
  (10, 3) -> [(10, 2), (11, 3)]
  (10, 4) -> [(10, 5), (11, 4)]
  (10, 5) -> [(9, 5), (10, 4), (11, 5)]
  (10, 6) -> [(10, 7)]
  (10, 7) -> [(9, 7), (10, 6), (10, 8), (11, 7)]
  (10, 8) -> [(10, 7)]
  (11, 0) -> [(10, 0), (11, 1)]
  (11, 1) -> [(10, 1), (11, 0), (11, 2)]
  (11, 2) -> [(10, 2), (11, 1), (11, 3)]
  (11, 3) -> [(10, 3), (11, 2)]
  (11, 4) -> [(10, 4), (11, 5)]
  (11, 5) -> [(10, 5), (11, 4)]
  (11, 7) -> [(10, 7)]
parent_path: {}
exploration_queue: [(9, 8), (9, 6), (8, 9), (6, 9), (5, 8), (6, 7), (9, 3), (11, 7), (10, 8), (10, 6)]

2025-07-31 20:37:06,097 - DEBUG - 
=== VISUAL BOARD - STEP 95 - BFS-EXPLORATION ===
   0  1  2  3  4  5  6  7  8  9 10 11
11 .  .  .  .  .  .  .  .  .  .  .  .   11
10 .  .  .  .  .  .  .  .  .  .  .  .   10
 9 .  .  .  .  .  .  V  V  V  .  .  .    9
 8 .  V  V  V  V  V  V  V  V  V  V  .    8
 7 V  V  V  V  V  .  V  V  V  V  R  V    7
 6 V  V  V  V  V  V  V  V  V  V  V  .    6
 5 V  V  V  V  V  V  V  V  V  V  V  V    5
 4 V  V  V  V  V  V  V  V  V  V  V  V    4
 3 V  V  V  V  V  V  V  V  V  V  V  V    3
 2 V  V  V  V  V  V  V  V  .  .  V  V    2
 1 V  V  V  V  V  V  V  V  V  V  V  V    1
 0 V  V  V  V  V  V  V  V  V  V  V  V    0
   0  1  2  3  4  5  6  7  8  9 10 11
Legend: R=Robot, V=Visited, P=Path, .=Unvisited

2025-07-31 20:37:06,097 - INFO - BFS Exploration Step 96: Exploring (9, 8)
2025-07-31 20:37:06,097 - DEBUG - Moving left from (10, 7) to (9, 7)
2025-07-31 20:37:06,195 - DEBUG - Moving up from (9, 7) to (9, 8)
2025-07-31 20:37:06,269 - DEBUG - Sensor readings: {'front': 1360.5028224707864, 'right': 2000.0, 'back': 1628.35233254718, 'left': 1296.0149424722422}
2025-07-31 20:37:06,269 - DEBUG - Added neighbor up: (9, 9)
2025-07-31 20:37:06,269 - DEBUG - Added 1 new neighbors. Queue size: 10
2025-07-31 20:37:06,269 - DEBUG - 
=== STEP 96 DATA STRUCTURES ===
Current Cell: (9, 8)
explored_cells: [(0, 0), (0, 1), (0, 2), (0, 3), (0, 4), (0, 5), (0, 6), (0, 7), (1, 0), (1, 1), (1, 2), (1, 3), (1, 4), (1, 5), (1, 6), (1, 7), (1, 8), (2, 0), (2, 1), (2, 2), (2, 3), (2, 4), (2, 5), (2, 6), (2, 7), (2, 8), (3, 0), (3, 1), (3, 2), (3, 3), (3, 4), (3, 5), (3, 6), (3, 7), (3, 8), (4, 0), (4, 1), (4, 2), (4, 3), (4, 4), (4, 5), (4, 6), (4, 7), (4, 8), (5, 0), (5, 1), (5, 2), (5, 3), (5, 4), (5, 5), (5, 6), (5, 8), (6, 0), (6, 1), (6, 2), (6, 3), (6, 4), (6, 5), (6, 6), (6, 7), (6, 8), (6, 9), (7, 0), (7, 1), (7, 2), (7, 3), (7, 4), (7, 5), (7, 6), (7, 7), (7, 8), (7, 9), (8, 0), (8, 1), (8, 3), (8, 4), (8, 5), (8, 6), (8, 7), (8, 8), (8, 9), (9, 0), (9, 1), (9, 3), (9, 4), (9, 5), (9, 6), (9, 7), (9, 8), (9, 9), (10, 0), (10, 1), (10, 2), (10, 3), (10, 4), (10, 5), (10, 6), (10, 7), (10, 8), (11, 0), (11, 1), (11, 2), (11, 3), (11, 4), (11, 5), (11, 7)]
accessible_from:
  (0, 0) -> [(0, 1), (1, 0)]
  (0, 1) -> [(0, 0), (1, 1)]
  (0, 2) -> [(0, 3)]
  (0, 3) -> [(0, 2), (0, 4)]
  (0, 4) -> [(0, 3), (0, 5)]
  (0, 5) -> [(0, 4), (0, 6), (1, 5)]
  (0, 6) -> [(0, 5), (0, 7), (1, 6)]
  (0, 7) -> [(0, 6)]
  (1, 0) -> [(0, 0), (1, 1), (2, 0)]
  (1, 1) -> [(0, 1), (1, 0), (2, 1)]
  (1, 2) -> [(1, 3), (2, 2)]
  (1, 3) -> [(1, 2), (2, 3)]
  (1, 4) -> [(1, 5), (2, 4)]
  (1, 5) -> [(0, 5), (1, 4), (2, 5)]
  (1, 6) -> [(0, 6), (1, 7)]
  (1, 7) -> [(1, 6), (2, 7)]
  (1, 8) -> [(2, 8)]
  (2, 0) -> [(1, 0), (3, 0)]
  (2, 1) -> [(1, 1), (2, 2)]
  (2, 2) -> [(1, 2), (2, 1), (3, 2)]
  (2, 3) -> [(1, 3), (2, 4), (3, 3)]
  (2, 4) -> [(1, 4), (2, 3), (3, 4)]
  (2, 5) -> [(1, 5), (2, 6), (3, 5)]
  (2, 6) -> [(2, 5), (3, 6)]
  (2, 7) -> [(1, 7), (2, 8), (3, 7)]
  (2, 8) -> [(1, 8), (2, 7), (3, 8)]
  (3, 0) -> [(2, 0), (4, 0)]
  (3, 1) -> [(3, 2), (4, 1)]
  (3, 2) -> [(2, 2), (3, 1), (4, 2)]
  (3, 3) -> [(2, 3), (3, 4), (4, 3)]
  (3, 4) -> [(2, 4), (3, 3), (4, 4)]
  (3, 5) -> [(2, 5), (3, 6), (4, 5)]
  (3, 6) -> [(2, 6), (3, 5), (4, 6)]
  (3, 7) -> [(2, 7), (3, 8), (4, 7)]
  (3, 8) -> [(2, 8), (3, 7)]
  (4, 0) -> [(3, 0), (5, 0)]
  (4, 1) -> [(3, 1), (4, 2), (5, 1)]
  (4, 2) -> [(3, 2), (4, 1)]
  (4, 3) -> [(3, 3), (4, 4), (5, 3)]
  (4, 4) -> [(3, 4), (4, 3), (5, 4)]
  (4, 5) -> [(3, 5), (4, 6)]
  (4, 6) -> [(3, 6), (4, 5)]
  (4, 7) -> [(3, 7), (4, 8)]
  (4, 8) -> [(4, 7), (5, 8)]
  (5, 0) -> [(4, 0), (5, 1), (6, 0)]
  (5, 1) -> [(4, 1), (5, 0), (5, 2), (6, 1)]
  (5, 2) -> [(5, 1), (6, 2)]
  (5, 3) -> [(4, 3), (5, 4), (6, 3)]
  (5, 4) -> [(4, 4), (5, 3)]
  (5, 5) -> [(5, 6), (6, 5)]
  (5, 6) -> [(5, 5), (6, 6)]
  (5, 8) -> [(4, 8), (6, 8)]
  (6, 0) -> [(5, 0), (6, 1), (7, 0)]
  (6, 1) -> [(5, 1), (6, 0), (7, 1)]
  (6, 2) -> [(5, 2), (7, 2)]
  (6, 3) -> [(5, 3), (6, 4), (7, 3)]
  (6, 4) -> [(6, 3), (6, 5), (7, 4)]
  (6, 5) -> [(5, 5), (6, 4), (6, 6), (7, 5)]
  (6, 6) -> [(5, 6), (6, 5), (7, 6)]
  (6, 7) -> [(6, 8)]
  (6, 8) -> [(5, 8), (6, 7), (7, 8)]
  (6, 9) -> [(7, 9)]
  (7, 0) -> [(6, 0), (7, 1), (8, 0)]
  (7, 1) -> [(6, 1), (7, 0), (8, 1)]
  (7, 2) -> [(6, 2)]
  (7, 3) -> [(6, 3), (7, 4)]
  (7, 4) -> [(6, 4), (7, 3)]
  (7, 5) -> [(6, 5), (7, 6), (8, 5)]
  (7, 6) -> [(6, 6), (7, 5), (7, 7), (8, 6)]
  (7, 7) -> [(7, 6), (7, 8), (8, 7)]
  (7, 8) -> [(6, 8), (7, 7), (7, 9)]
  (7, 9) -> [(6, 9), (7, 8), (8, 9)]
  (8, 0) -> [(7, 0), (8, 1), (9, 0)]
  (8, 1) -> [(7, 1), (8, 0)]
  (8, 3) -> [(8, 4), (9, 3)]
  (8, 4) -> [(8, 3), (9, 4)]
  (8, 5) -> [(7, 5), (9, 5)]
  (8, 6) -> [(7, 6), (8, 7)]
  (8, 7) -> [(7, 7), (8, 6), (8, 8), (9, 7)]
  (8, 8) -> [(8, 7), (8, 9), (9, 8)]
  (8, 9) -> [(7, 9), (8, 8)]
  (9, 0) -> [(8, 0), (9, 1), (10, 0)]
  (9, 1) -> [(9, 0), (10, 1)]
  (9, 3) -> [(8, 3)]
  (9, 4) -> [(8, 4), (9, 5)]
  (9, 5) -> [(8, 5), (9, 4), (10, 5)]
  (9, 6) -> [(9, 7)]
  (9, 7) -> [(8, 7), (9, 6), (9, 8), (10, 7)]
  (9, 8) -> [(8, 8), (9, 7), (9, 9), (10, 8)]
  (9, 9) -> [(9, 8)]
  (10, 0) -> [(9, 0), (10, 1), (11, 0)]
  (10, 1) -> [(9, 1), (10, 0), (11, 1)]
  (10, 2) -> [(10, 3), (11, 2)]
  (10, 3) -> [(10, 2), (11, 3)]
  (10, 4) -> [(10, 5), (11, 4)]
  (10, 5) -> [(9, 5), (10, 4), (11, 5)]
  (10, 6) -> [(10, 7)]
  (10, 7) -> [(9, 7), (10, 6), (10, 8), (11, 7)]
  (10, 8) -> [(9, 8), (10, 7)]
  (11, 0) -> [(10, 0), (11, 1)]
  (11, 1) -> [(10, 1), (11, 0), (11, 2)]
  (11, 2) -> [(10, 2), (11, 1), (11, 3)]
  (11, 3) -> [(10, 3), (11, 2)]
  (11, 4) -> [(10, 4), (11, 5)]
  (11, 5) -> [(10, 5), (11, 4)]
  (11, 7) -> [(10, 7)]
parent_path: {}
exploration_queue: [(9, 6), (8, 9), (6, 9), (5, 8), (6, 7), (9, 3), (11, 7), (10, 8), (10, 6), (9, 9)]

2025-07-31 20:37:06,269 - DEBUG - 
=== VISUAL BOARD - STEP 96 - BFS-EXPLORATION ===
   0  1  2  3  4  5  6  7  8  9 10 11
11 .  .  .  .  .  .  .  .  .  .  .  .   11
10 .  .  .  .  .  .  .  .  .  .  .  .   10
 9 .  .  .  .  .  .  V  V  V  V  .  .    9
 8 .  V  V  V  V  V  V  V  V  R  V  .    8
 7 V  V  V  V  V  .  V  V  V  V  V  V    7
 6 V  V  V  V  V  V  V  V  V  V  V  .    6
 5 V  V  V  V  V  V  V  V  V  V  V  V    5
 4 V  V  V  V  V  V  V  V  V  V  V  V    4
 3 V  V  V  V  V  V  V  V  V  V  V  V    3
 2 V  V  V  V  V  V  V  V  .  .  V  V    2
 1 V  V  V  V  V  V  V  V  V  V  V  V    1
 0 V  V  V  V  V  V  V  V  V  V  V  V    0
   0  1  2  3  4  5  6  7  8  9 10 11
Legend: R=Robot, V=Visited, P=Path, .=Unvisited

2025-07-31 20:37:06,269 - INFO - BFS Exploration Step 97: Exploring (9, 6)
2025-07-31 20:37:06,269 - DEBUG - Moving down from (9, 8) to (9, 7)
2025-07-31 20:37:06,339 - DEBUG - Moving down from (9, 7) to (9, 6)
2025-07-31 20:37:06,421 - DEBUG - Sensor readings: {'front': 2000.0, 'right': 2000.0, 'back': 345.17719787496094, 'left': 367.7471985868751}
2025-07-31 20:37:06,422 - DEBUG - Wall detected left to (8, 6)
2025-07-31 20:37:06,422 - DEBUG - Wall detected down to (9, 5)
2025-07-31 20:37:06,422 - DEBUG - Added 0 new neighbors. Queue size: 9
2025-07-31 20:37:06,422 - DEBUG - 
=== STEP 97 DATA STRUCTURES ===
Current Cell: (9, 6)
explored_cells: [(0, 0), (0, 1), (0, 2), (0, 3), (0, 4), (0, 5), (0, 6), (0, 7), (1, 0), (1, 1), (1, 2), (1, 3), (1, 4), (1, 5), (1, 6), (1, 7), (1, 8), (2, 0), (2, 1), (2, 2), (2, 3), (2, 4), (2, 5), (2, 6), (2, 7), (2, 8), (3, 0), (3, 1), (3, 2), (3, 3), (3, 4), (3, 5), (3, 6), (3, 7), (3, 8), (4, 0), (4, 1), (4, 2), (4, 3), (4, 4), (4, 5), (4, 6), (4, 7), (4, 8), (5, 0), (5, 1), (5, 2), (5, 3), (5, 4), (5, 5), (5, 6), (5, 8), (6, 0), (6, 1), (6, 2), (6, 3), (6, 4), (6, 5), (6, 6), (6, 7), (6, 8), (6, 9), (7, 0), (7, 1), (7, 2), (7, 3), (7, 4), (7, 5), (7, 6), (7, 7), (7, 8), (7, 9), (8, 0), (8, 1), (8, 3), (8, 4), (8, 5), (8, 6), (8, 7), (8, 8), (8, 9), (9, 0), (9, 1), (9, 3), (9, 4), (9, 5), (9, 6), (9, 7), (9, 8), (9, 9), (10, 0), (10, 1), (10, 2), (10, 3), (10, 4), (10, 5), (10, 6), (10, 7), (10, 8), (11, 0), (11, 1), (11, 2), (11, 3), (11, 4), (11, 5), (11, 7)]
accessible_from:
  (0, 0) -> [(0, 1), (1, 0)]
  (0, 1) -> [(0, 0), (1, 1)]
  (0, 2) -> [(0, 3)]
  (0, 3) -> [(0, 2), (0, 4)]
  (0, 4) -> [(0, 3), (0, 5)]
  (0, 5) -> [(0, 4), (0, 6), (1, 5)]
  (0, 6) -> [(0, 5), (0, 7), (1, 6)]
  (0, 7) -> [(0, 6)]
  (1, 0) -> [(0, 0), (1, 1), (2, 0)]
  (1, 1) -> [(0, 1), (1, 0), (2, 1)]
  (1, 2) -> [(1, 3), (2, 2)]
  (1, 3) -> [(1, 2), (2, 3)]
  (1, 4) -> [(1, 5), (2, 4)]
  (1, 5) -> [(0, 5), (1, 4), (2, 5)]
  (1, 6) -> [(0, 6), (1, 7)]
  (1, 7) -> [(1, 6), (2, 7)]
  (1, 8) -> [(2, 8)]
  (2, 0) -> [(1, 0), (3, 0)]
  (2, 1) -> [(1, 1), (2, 2)]
  (2, 2) -> [(1, 2), (2, 1), (3, 2)]
  (2, 3) -> [(1, 3), (2, 4), (3, 3)]
  (2, 4) -> [(1, 4), (2, 3), (3, 4)]
  (2, 5) -> [(1, 5), (2, 6), (3, 5)]
  (2, 6) -> [(2, 5), (3, 6)]
  (2, 7) -> [(1, 7), (2, 8), (3, 7)]
  (2, 8) -> [(1, 8), (2, 7), (3, 8)]
  (3, 0) -> [(2, 0), (4, 0)]
  (3, 1) -> [(3, 2), (4, 1)]
  (3, 2) -> [(2, 2), (3, 1), (4, 2)]
  (3, 3) -> [(2, 3), (3, 4), (4, 3)]
  (3, 4) -> [(2, 4), (3, 3), (4, 4)]
  (3, 5) -> [(2, 5), (3, 6), (4, 5)]
  (3, 6) -> [(2, 6), (3, 5), (4, 6)]
  (3, 7) -> [(2, 7), (3, 8), (4, 7)]
  (3, 8) -> [(2, 8), (3, 7)]
  (4, 0) -> [(3, 0), (5, 0)]
  (4, 1) -> [(3, 1), (4, 2), (5, 1)]
  (4, 2) -> [(3, 2), (4, 1)]
  (4, 3) -> [(3, 3), (4, 4), (5, 3)]
  (4, 4) -> [(3, 4), (4, 3), (5, 4)]
  (4, 5) -> [(3, 5), (4, 6)]
  (4, 6) -> [(3, 6), (4, 5)]
  (4, 7) -> [(3, 7), (4, 8)]
  (4, 8) -> [(4, 7), (5, 8)]
  (5, 0) -> [(4, 0), (5, 1), (6, 0)]
  (5, 1) -> [(4, 1), (5, 0), (5, 2), (6, 1)]
  (5, 2) -> [(5, 1), (6, 2)]
  (5, 3) -> [(4, 3), (5, 4), (6, 3)]
  (5, 4) -> [(4, 4), (5, 3)]
  (5, 5) -> [(5, 6), (6, 5)]
  (5, 6) -> [(5, 5), (6, 6)]
  (5, 8) -> [(4, 8), (6, 8)]
  (6, 0) -> [(5, 0), (6, 1), (7, 0)]
  (6, 1) -> [(5, 1), (6, 0), (7, 1)]
  (6, 2) -> [(5, 2), (7, 2)]
  (6, 3) -> [(5, 3), (6, 4), (7, 3)]
  (6, 4) -> [(6, 3), (6, 5), (7, 4)]
  (6, 5) -> [(5, 5), (6, 4), (6, 6), (7, 5)]
  (6, 6) -> [(5, 6), (6, 5), (7, 6)]
  (6, 7) -> [(6, 8)]
  (6, 8) -> [(5, 8), (6, 7), (7, 8)]
  (6, 9) -> [(7, 9)]
  (7, 0) -> [(6, 0), (7, 1), (8, 0)]
  (7, 1) -> [(6, 1), (7, 0), (8, 1)]
  (7, 2) -> [(6, 2)]
  (7, 3) -> [(6, 3), (7, 4)]
  (7, 4) -> [(6, 4), (7, 3)]
  (7, 5) -> [(6, 5), (7, 6), (8, 5)]
  (7, 6) -> [(6, 6), (7, 5), (7, 7), (8, 6)]
  (7, 7) -> [(7, 6), (7, 8), (8, 7)]
  (7, 8) -> [(6, 8), (7, 7), (7, 9)]
  (7, 9) -> [(6, 9), (7, 8), (8, 9)]
  (8, 0) -> [(7, 0), (8, 1), (9, 0)]
  (8, 1) -> [(7, 1), (8, 0)]
  (8, 3) -> [(8, 4), (9, 3)]
  (8, 4) -> [(8, 3), (9, 4)]
  (8, 5) -> [(7, 5), (9, 5)]
  (8, 6) -> [(7, 6), (8, 7)]
  (8, 7) -> [(7, 7), (8, 6), (8, 8), (9, 7)]
  (8, 8) -> [(8, 7), (8, 9), (9, 8)]
  (8, 9) -> [(7, 9), (8, 8)]
  (9, 0) -> [(8, 0), (9, 1), (10, 0)]
  (9, 1) -> [(9, 0), (10, 1)]
  (9, 3) -> [(8, 3)]
  (9, 4) -> [(8, 4), (9, 5)]
  (9, 5) -> [(8, 5), (9, 4), (10, 5)]
  (9, 6) -> [(9, 7), (10, 6)]
  (9, 7) -> [(8, 7), (9, 6), (9, 8), (10, 7)]
  (9, 8) -> [(8, 8), (9, 7), (9, 9), (10, 8)]
  (9, 9) -> [(9, 8)]
  (10, 0) -> [(9, 0), (10, 1), (11, 0)]
  (10, 1) -> [(9, 1), (10, 0), (11, 1)]
  (10, 2) -> [(10, 3), (11, 2)]
  (10, 3) -> [(10, 2), (11, 3)]
  (10, 4) -> [(10, 5), (11, 4)]
  (10, 5) -> [(9, 5), (10, 4), (11, 5)]
  (10, 6) -> [(9, 6), (10, 7)]
  (10, 7) -> [(9, 7), (10, 6), (10, 8), (11, 7)]
  (10, 8) -> [(9, 8), (10, 7)]
  (11, 0) -> [(10, 0), (11, 1)]
  (11, 1) -> [(10, 1), (11, 0), (11, 2)]
  (11, 2) -> [(10, 2), (11, 1), (11, 3)]
  (11, 3) -> [(10, 3), (11, 2)]
  (11, 4) -> [(10, 4), (11, 5)]
  (11, 5) -> [(10, 5), (11, 4)]
  (11, 7) -> [(10, 7)]
parent_path: {}
exploration_queue: [(8, 9), (6, 9), (5, 8), (6, 7), (9, 3), (11, 7), (10, 8), (10, 6), (9, 9)]

2025-07-31 20:37:06,422 - DEBUG - 
=== VISUAL BOARD - STEP 97 - BFS-EXPLORATION ===
   0  1  2  3  4  5  6  7  8  9 10 11
11 .  .  .  .  .  .  .  .  .  .  .  .   11
10 .  .  .  .  .  .  .  .  .  .  .  .   10
 9 .  .  .  .  .  .  V  V  V  V  .  .    9
 8 .  V  V  V  V  V  V  V  V  V  V  .    8
 7 V  V  V  V  V  .  V  V  V  V  V  V    7
 6 V  V  V  V  V  V  V  V  V  R  V  .    6
 5 V  V  V  V  V  V  V  V  V  V  V  V    5
 4 V  V  V  V  V  V  V  V  V  V  V  V    4
 3 V  V  V  V  V  V  V  V  V  V  V  V    3
 2 V  V  V  V  V  V  V  V  .  .  V  V    2
 1 V  V  V  V  V  V  V  V  V  V  V  V    1
 0 V  V  V  V  V  V  V  V  V  V  V  V    0
   0  1  2  3  4  5  6  7  8  9 10 11
Legend: R=Robot, V=Visited, P=Path, .=Unvisited

2025-07-31 20:37:06,422 - INFO - BFS Exploration Step 98: Exploring (8, 9)
2025-07-31 20:37:06,422 - DEBUG - Moving up from (9, 6) to (9, 7)
2025-07-31 20:37:06,495 - DEBUG - Moving left from (9, 7) to (8, 7)
2025-07-31 20:37:06,589 - DEBUG - Moving up from (8, 7) to (8, 8)
2025-07-31 20:37:06,667 - DEBUG - Moving up from (8, 8) to (8, 9)
2025-07-31 20:37:06,748 - DEBUG - Sensor readings: {'front': 344.139653539594, 'right': 2000.0, 'back': 2000.0, 'left': 2000.0}
2025-07-31 20:37:06,748 - DEBUG - Wall detected up to (8, 10)
2025-07-31 20:37:06,748 - DEBUG - Added 0 new neighbors. Queue size: 8
2025-07-31 20:37:06,748 - DEBUG - 
=== STEP 98 DATA STRUCTURES ===
Current Cell: (8, 9)
explored_cells: [(0, 0), (0, 1), (0, 2), (0, 3), (0, 4), (0, 5), (0, 6), (0, 7), (1, 0), (1, 1), (1, 2), (1, 3), (1, 4), (1, 5), (1, 6), (1, 7), (1, 8), (2, 0), (2, 1), (2, 2), (2, 3), (2, 4), (2, 5), (2, 6), (2, 7), (2, 8), (3, 0), (3, 1), (3, 2), (3, 3), (3, 4), (3, 5), (3, 6), (3, 7), (3, 8), (4, 0), (4, 1), (4, 2), (4, 3), (4, 4), (4, 5), (4, 6), (4, 7), (4, 8), (5, 0), (5, 1), (5, 2), (5, 3), (5, 4), (5, 5), (5, 6), (5, 8), (6, 0), (6, 1), (6, 2), (6, 3), (6, 4), (6, 5), (6, 6), (6, 7), (6, 8), (6, 9), (7, 0), (7, 1), (7, 2), (7, 3), (7, 4), (7, 5), (7, 6), (7, 7), (7, 8), (7, 9), (8, 0), (8, 1), (8, 3), (8, 4), (8, 5), (8, 6), (8, 7), (8, 8), (8, 9), (9, 0), (9, 1), (9, 3), (9, 4), (9, 5), (9, 6), (9, 7), (9, 8), (9, 9), (10, 0), (10, 1), (10, 2), (10, 3), (10, 4), (10, 5), (10, 6), (10, 7), (10, 8), (11, 0), (11, 1), (11, 2), (11, 3), (11, 4), (11, 5), (11, 7)]
accessible_from:
  (0, 0) -> [(0, 1), (1, 0)]
  (0, 1) -> [(0, 0), (1, 1)]
  (0, 2) -> [(0, 3)]
  (0, 3) -> [(0, 2), (0, 4)]
  (0, 4) -> [(0, 3), (0, 5)]
  (0, 5) -> [(0, 4), (0, 6), (1, 5)]
  (0, 6) -> [(0, 5), (0, 7), (1, 6)]
  (0, 7) -> [(0, 6)]
  (1, 0) -> [(0, 0), (1, 1), (2, 0)]
  (1, 1) -> [(0, 1), (1, 0), (2, 1)]
  (1, 2) -> [(1, 3), (2, 2)]
  (1, 3) -> [(1, 2), (2, 3)]
  (1, 4) -> [(1, 5), (2, 4)]
  (1, 5) -> [(0, 5), (1, 4), (2, 5)]
  (1, 6) -> [(0, 6), (1, 7)]
  (1, 7) -> [(1, 6), (2, 7)]
  (1, 8) -> [(2, 8)]
  (2, 0) -> [(1, 0), (3, 0)]
  (2, 1) -> [(1, 1), (2, 2)]
  (2, 2) -> [(1, 2), (2, 1), (3, 2)]
  (2, 3) -> [(1, 3), (2, 4), (3, 3)]
  (2, 4) -> [(1, 4), (2, 3), (3, 4)]
  (2, 5) -> [(1, 5), (2, 6), (3, 5)]
  (2, 6) -> [(2, 5), (3, 6)]
  (2, 7) -> [(1, 7), (2, 8), (3, 7)]
  (2, 8) -> [(1, 8), (2, 7), (3, 8)]
  (3, 0) -> [(2, 0), (4, 0)]
  (3, 1) -> [(3, 2), (4, 1)]
  (3, 2) -> [(2, 2), (3, 1), (4, 2)]
  (3, 3) -> [(2, 3), (3, 4), (4, 3)]
  (3, 4) -> [(2, 4), (3, 3), (4, 4)]
  (3, 5) -> [(2, 5), (3, 6), (4, 5)]
  (3, 6) -> [(2, 6), (3, 5), (4, 6)]
  (3, 7) -> [(2, 7), (3, 8), (4, 7)]
  (3, 8) -> [(2, 8), (3, 7)]
  (4, 0) -> [(3, 0), (5, 0)]
  (4, 1) -> [(3, 1), (4, 2), (5, 1)]
  (4, 2) -> [(3, 2), (4, 1)]
  (4, 3) -> [(3, 3), (4, 4), (5, 3)]
  (4, 4) -> [(3, 4), (4, 3), (5, 4)]
  (4, 5) -> [(3, 5), (4, 6)]
  (4, 6) -> [(3, 6), (4, 5)]
  (4, 7) -> [(3, 7), (4, 8)]
  (4, 8) -> [(4, 7), (5, 8)]
  (5, 0) -> [(4, 0), (5, 1), (6, 0)]
  (5, 1) -> [(4, 1), (5, 0), (5, 2), (6, 1)]
  (5, 2) -> [(5, 1), (6, 2)]
  (5, 3) -> [(4, 3), (5, 4), (6, 3)]
  (5, 4) -> [(4, 4), (5, 3)]
  (5, 5) -> [(5, 6), (6, 5)]
  (5, 6) -> [(5, 5), (6, 6)]
  (5, 8) -> [(4, 8), (6, 8)]
  (6, 0) -> [(5, 0), (6, 1), (7, 0)]
  (6, 1) -> [(5, 1), (6, 0), (7, 1)]
  (6, 2) -> [(5, 2), (7, 2)]
  (6, 3) -> [(5, 3), (6, 4), (7, 3)]
  (6, 4) -> [(6, 3), (6, 5), (7, 4)]
  (6, 5) -> [(5, 5), (6, 4), (6, 6), (7, 5)]
  (6, 6) -> [(5, 6), (6, 5), (7, 6)]
  (6, 7) -> [(6, 8)]
  (6, 8) -> [(5, 8), (6, 7), (7, 8)]
  (6, 9) -> [(7, 9)]
  (7, 0) -> [(6, 0), (7, 1), (8, 0)]
  (7, 1) -> [(6, 1), (7, 0), (8, 1)]
  (7, 2) -> [(6, 2)]
  (7, 3) -> [(6, 3), (7, 4)]
  (7, 4) -> [(6, 4), (7, 3)]
  (7, 5) -> [(6, 5), (7, 6), (8, 5)]
  (7, 6) -> [(6, 6), (7, 5), (7, 7), (8, 6)]
  (7, 7) -> [(7, 6), (7, 8), (8, 7)]
  (7, 8) -> [(6, 8), (7, 7), (7, 9)]
  (7, 9) -> [(6, 9), (7, 8), (8, 9)]
  (8, 0) -> [(7, 0), (8, 1), (9, 0)]
  (8, 1) -> [(7, 1), (8, 0)]
  (8, 3) -> [(8, 4), (9, 3)]
  (8, 4) -> [(8, 3), (9, 4)]
  (8, 5) -> [(7, 5), (9, 5)]
  (8, 6) -> [(7, 6), (8, 7)]
  (8, 7) -> [(7, 7), (8, 6), (8, 8), (9, 7)]
  (8, 8) -> [(8, 7), (8, 9), (9, 8)]
  (8, 9) -> [(7, 9), (8, 8), (9, 9)]
  (9, 0) -> [(8, 0), (9, 1), (10, 0)]
  (9, 1) -> [(9, 0), (10, 1)]
  (9, 3) -> [(8, 3)]
  (9, 4) -> [(8, 4), (9, 5)]
  (9, 5) -> [(8, 5), (9, 4), (10, 5)]
  (9, 6) -> [(9, 7), (10, 6)]
  (9, 7) -> [(8, 7), (9, 6), (9, 8), (10, 7)]
  (9, 8) -> [(8, 8), (9, 7), (9, 9), (10, 8)]
  (9, 9) -> [(8, 9), (9, 8)]
  (10, 0) -> [(9, 0), (10, 1), (11, 0)]
  (10, 1) -> [(9, 1), (10, 0), (11, 1)]
  (10, 2) -> [(10, 3), (11, 2)]
  (10, 3) -> [(10, 2), (11, 3)]
  (10, 4) -> [(10, 5), (11, 4)]
  (10, 5) -> [(9, 5), (10, 4), (11, 5)]
  (10, 6) -> [(9, 6), (10, 7)]
  (10, 7) -> [(9, 7), (10, 6), (10, 8), (11, 7)]
  (10, 8) -> [(9, 8), (10, 7)]
  (11, 0) -> [(10, 0), (11, 1)]
  (11, 1) -> [(10, 1), (11, 0), (11, 2)]
  (11, 2) -> [(10, 2), (11, 1), (11, 3)]
  (11, 3) -> [(10, 3), (11, 2)]
  (11, 4) -> [(10, 4), (11, 5)]
  (11, 5) -> [(10, 5), (11, 4)]
  (11, 7) -> [(10, 7)]
parent_path: {}
exploration_queue: [(6, 9), (5, 8), (6, 7), (9, 3), (11, 7), (10, 8), (10, 6), (9, 9)]

2025-07-31 20:37:06,749 - DEBUG - 
=== VISUAL BOARD - STEP 98 - BFS-EXPLORATION ===
   0  1  2  3  4  5  6  7  8  9 10 11
11 .  .  .  .  .  .  .  .  .  .  .  .   11
10 .  .  .  .  .  .  .  .  .  .  .  .   10
 9 .  .  .  .  .  .  V  V  R  V  .  .    9
 8 .  V  V  V  V  V  V  V  V  V  V  .    8
 7 V  V  V  V  V  .  V  V  V  V  V  V    7
 6 V  V  V  V  V  V  V  V  V  V  V  .    6
 5 V  V  V  V  V  V  V  V  V  V  V  V    5
 4 V  V  V  V  V  V  V  V  V  V  V  V    4
 3 V  V  V  V  V  V  V  V  V  V  V  V    3
 2 V  V  V  V  V  V  V  V  .  .  V  V    2
 1 V  V  V  V  V  V  V  V  V  V  V  V    1
 0 V  V  V  V  V  V  V  V  V  V  V  V    0
   0  1  2  3  4  5  6  7  8  9 10 11
Legend: R=Robot, V=Visited, P=Path, .=Unvisited

2025-07-31 20:37:06,749 - INFO - BFS Exploration Step 99: Exploring (6, 9)
2025-07-31 20:37:06,749 - DEBUG - Moving left from (8, 9) to (7, 9)
2025-07-31 20:37:06,839 - DEBUG - Moving left from (7, 9) to (6, 9)
2025-07-31 20:37:06,934 - DEBUG - Sensor readings: {'front': 2000.0, 'right': 2000.0, 'back': 297.6070387172108, 'left': 2000.0}
2025-07-31 20:37:06,934 - DEBUG - Added neighbor up: (6, 10)
2025-07-31 20:37:06,934 - DEBUG - Added neighbor left: (5, 9)
2025-07-31 20:37:06,934 - DEBUG - Wall detected down to (6, 8)
2025-07-31 20:37:06,934 - DEBUG - Added 2 new neighbors. Queue size: 9
2025-07-31 20:37:06,934 - DEBUG - 
=== STEP 99 DATA STRUCTURES ===
Current Cell: (6, 9)
explored_cells: [(0, 0), (0, 1), (0, 2), (0, 3), (0, 4), (0, 5), (0, 6), (0, 7), (1, 0), (1, 1), (1, 2), (1, 3), (1, 4), (1, 5), (1, 6), (1, 7), (1, 8), (2, 0), (2, 1), (2, 2), (2, 3), (2, 4), (2, 5), (2, 6), (2, 7), (2, 8), (3, 0), (3, 1), (3, 2), (3, 3), (3, 4), (3, 5), (3, 6), (3, 7), (3, 8), (4, 0), (4, 1), (4, 2), (4, 3), (4, 4), (4, 5), (4, 6), (4, 7), (4, 8), (5, 0), (5, 1), (5, 2), (5, 3), (5, 4), (5, 5), (5, 6), (5, 8), (5, 9), (6, 0), (6, 1), (6, 2), (6, 3), (6, 4), (6, 5), (6, 6), (6, 7), (6, 8), (6, 9), (6, 10), (7, 0), (7, 1), (7, 2), (7, 3), (7, 4), (7, 5), (7, 6), (7, 7), (7, 8), (7, 9), (8, 0), (8, 1), (8, 3), (8, 4), (8, 5), (8, 6), (8, 7), (8, 8), (8, 9), (9, 0), (9, 1), (9, 3), (9, 4), (9, 5), (9, 6), (9, 7), (9, 8), (9, 9), (10, 0), (10, 1), (10, 2), (10, 3), (10, 4), (10, 5), (10, 6), (10, 7), (10, 8), (11, 0), (11, 1), (11, 2), (11, 3), (11, 4), (11, 5), (11, 7)]
accessible_from:
  (0, 0) -> [(0, 1), (1, 0)]
  (0, 1) -> [(0, 0), (1, 1)]
  (0, 2) -> [(0, 3)]
  (0, 3) -> [(0, 2), (0, 4)]
  (0, 4) -> [(0, 3), (0, 5)]
  (0, 5) -> [(0, 4), (0, 6), (1, 5)]
  (0, 6) -> [(0, 5), (0, 7), (1, 6)]
  (0, 7) -> [(0, 6)]
  (1, 0) -> [(0, 0), (1, 1), (2, 0)]
  (1, 1) -> [(0, 1), (1, 0), (2, 1)]
  (1, 2) -> [(1, 3), (2, 2)]
  (1, 3) -> [(1, 2), (2, 3)]
  (1, 4) -> [(1, 5), (2, 4)]
  (1, 5) -> [(0, 5), (1, 4), (2, 5)]
  (1, 6) -> [(0, 6), (1, 7)]
  (1, 7) -> [(1, 6), (2, 7)]
  (1, 8) -> [(2, 8)]
  (2, 0) -> [(1, 0), (3, 0)]
  (2, 1) -> [(1, 1), (2, 2)]
  (2, 2) -> [(1, 2), (2, 1), (3, 2)]
  (2, 3) -> [(1, 3), (2, 4), (3, 3)]
  (2, 4) -> [(1, 4), (2, 3), (3, 4)]
  (2, 5) -> [(1, 5), (2, 6), (3, 5)]
  (2, 6) -> [(2, 5), (3, 6)]
  (2, 7) -> [(1, 7), (2, 8), (3, 7)]
  (2, 8) -> [(1, 8), (2, 7), (3, 8)]
  (3, 0) -> [(2, 0), (4, 0)]
  (3, 1) -> [(3, 2), (4, 1)]
  (3, 2) -> [(2, 2), (3, 1), (4, 2)]
  (3, 3) -> [(2, 3), (3, 4), (4, 3)]
  (3, 4) -> [(2, 4), (3, 3), (4, 4)]
  (3, 5) -> [(2, 5), (3, 6), (4, 5)]
  (3, 6) -> [(2, 6), (3, 5), (4, 6)]
  (3, 7) -> [(2, 7), (3, 8), (4, 7)]
  (3, 8) -> [(2, 8), (3, 7)]
  (4, 0) -> [(3, 0), (5, 0)]
  (4, 1) -> [(3, 1), (4, 2), (5, 1)]
  (4, 2) -> [(3, 2), (4, 1)]
  (4, 3) -> [(3, 3), (4, 4), (5, 3)]
  (4, 4) -> [(3, 4), (4, 3), (5, 4)]
  (4, 5) -> [(3, 5), (4, 6)]
  (4, 6) -> [(3, 6), (4, 5)]
  (4, 7) -> [(3, 7), (4, 8)]
  (4, 8) -> [(4, 7), (5, 8)]
  (5, 0) -> [(4, 0), (5, 1), (6, 0)]
  (5, 1) -> [(4, 1), (5, 0), (5, 2), (6, 1)]
  (5, 2) -> [(5, 1), (6, 2)]
  (5, 3) -> [(4, 3), (5, 4), (6, 3)]
  (5, 4) -> [(4, 4), (5, 3)]
  (5, 5) -> [(5, 6), (6, 5)]
  (5, 6) -> [(5, 5), (6, 6)]
  (5, 8) -> [(4, 8), (6, 8)]
  (5, 9) -> [(6, 9)]
  (6, 0) -> [(5, 0), (6, 1), (7, 0)]
  (6, 1) -> [(5, 1), (6, 0), (7, 1)]
  (6, 2) -> [(5, 2), (7, 2)]
  (6, 3) -> [(5, 3), (6, 4), (7, 3)]
  (6, 4) -> [(6, 3), (6, 5), (7, 4)]
  (6, 5) -> [(5, 5), (6, 4), (6, 6), (7, 5)]
  (6, 6) -> [(5, 6), (6, 5), (7, 6)]
  (6, 7) -> [(6, 8)]
  (6, 8) -> [(5, 8), (6, 7), (7, 8)]
  (6, 9) -> [(5, 9), (6, 10), (7, 9)]
  (6, 10) -> [(6, 9)]
  (7, 0) -> [(6, 0), (7, 1), (8, 0)]
  (7, 1) -> [(6, 1), (7, 0), (8, 1)]
  (7, 2) -> [(6, 2)]
  (7, 3) -> [(6, 3), (7, 4)]
  (7, 4) -> [(6, 4), (7, 3)]
  (7, 5) -> [(6, 5), (7, 6), (8, 5)]
  (7, 6) -> [(6, 6), (7, 5), (7, 7), (8, 6)]
  (7, 7) -> [(7, 6), (7, 8), (8, 7)]
  (7, 8) -> [(6, 8), (7, 7), (7, 9)]
  (7, 9) -> [(6, 9), (7, 8), (8, 9)]
  (8, 0) -> [(7, 0), (8, 1), (9, 0)]
  (8, 1) -> [(7, 1), (8, 0)]
  (8, 3) -> [(8, 4), (9, 3)]
  (8, 4) -> [(8, 3), (9, 4)]
  (8, 5) -> [(7, 5), (9, 5)]
  (8, 6) -> [(7, 6), (8, 7)]
  (8, 7) -> [(7, 7), (8, 6), (8, 8), (9, 7)]
  (8, 8) -> [(8, 7), (8, 9), (9, 8)]
  (8, 9) -> [(7, 9), (8, 8), (9, 9)]
  (9, 0) -> [(8, 0), (9, 1), (10, 0)]
  (9, 1) -> [(9, 0), (10, 1)]
  (9, 3) -> [(8, 3)]
  (9, 4) -> [(8, 4), (9, 5)]
  (9, 5) -> [(8, 5), (9, 4), (10, 5)]
  (9, 6) -> [(9, 7), (10, 6)]
  (9, 7) -> [(8, 7), (9, 6), (9, 8), (10, 7)]
  (9, 8) -> [(8, 8), (9, 7), (9, 9), (10, 8)]
  (9, 9) -> [(8, 9), (9, 8)]
  (10, 0) -> [(9, 0), (10, 1), (11, 0)]
  (10, 1) -> [(9, 1), (10, 0), (11, 1)]
  (10, 2) -> [(10, 3), (11, 2)]
  (10, 3) -> [(10, 2), (11, 3)]
  (10, 4) -> [(10, 5), (11, 4)]
  (10, 5) -> [(9, 5), (10, 4), (11, 5)]
  (10, 6) -> [(9, 6), (10, 7)]
  (10, 7) -> [(9, 7), (10, 6), (10, 8), (11, 7)]
  (10, 8) -> [(9, 8), (10, 7)]
  (11, 0) -> [(10, 0), (11, 1)]
  (11, 1) -> [(10, 1), (11, 0), (11, 2)]
  (11, 2) -> [(10, 2), (11, 1), (11, 3)]
  (11, 3) -> [(10, 3), (11, 2)]
  (11, 4) -> [(10, 4), (11, 5)]
  (11, 5) -> [(10, 5), (11, 4)]
  (11, 7) -> [(10, 7)]
parent_path: {}
exploration_queue: [(5, 8), (6, 7), (9, 3), (11, 7), (10, 8), (10, 6), (9, 9), (6, 10), (5, 9)]

2025-07-31 20:37:06,934 - DEBUG - 
=== VISUAL BOARD - STEP 99 - BFS-EXPLORATION ===
   0  1  2  3  4  5  6  7  8  9 10 11
11 .  .  .  .  .  .  .  .  .  .  .  .   11
10 .  .  .  .  .  .  V  .  .  .  .  .   10
 9 .  .  .  .  .  V  R  V  V  V  .  .    9
 8 .  V  V  V  V  V  V  V  V  V  V  .    8
 7 V  V  V  V  V  .  V  V  V  V  V  V    7
 6 V  V  V  V  V  V  V  V  V  V  V  .    6
 5 V  V  V  V  V  V  V  V  V  V  V  V    5
 4 V  V  V  V  V  V  V  V  V  V  V  V    4
 3 V  V  V  V  V  V  V  V  V  V  V  V    3
 2 V  V  V  V  V  V  V  V  .  .  V  V    2
 1 V  V  V  V  V  V  V  V  V  V  V  V    1
 0 V  V  V  V  V  V  V  V  V  V  V  V    0
   0  1  2  3  4  5  6  7  8  9 10 11
Legend: R=Robot, V=Visited, P=Path, .=Unvisited

2025-07-31 20:37:06,934 - INFO - BFS Exploration Step 100: Exploring (5, 8)
2025-07-31 20:37:06,934 - DEBUG - Moving right from (6, 9) to (7, 9)
2025-07-31 20:37:07,032 - DEBUG - Moving down from (7, 9) to (7, 8)
2025-07-31 20:37:07,106 - DEBUG - Moving left from (7, 8) to (6, 8)
2025-07-31 20:37:07,209 - DEBUG - Moving left from (6, 8) to (5, 8)
2025-07-31 20:37:07,312 - DEBUG - Sensor readings: {'front': 345.4819845640595, 'right': 2000.0, 'back': 1312.0813602887508, 'left': 1379.9727581153984}
2025-07-31 20:37:07,312 - DEBUG - Wall detected up to (5, 9)
2025-07-31 20:37:07,312 - DEBUG - Added neighbor down: (5, 7)
2025-07-31 20:37:07,312 - DEBUG - Added 1 new neighbors. Queue size: 9
2025-07-31 20:37:07,313 - DEBUG - 
=== STEP 100 DATA STRUCTURES ===
Current Cell: (5, 8)
explored_cells: [(0, 0), (0, 1), (0, 2), (0, 3), (0, 4), (0, 5), (0, 6), (0, 7), (1, 0), (1, 1), (1, 2), (1, 3), (1, 4), (1, 5), (1, 6), (1, 7), (1, 8), (2, 0), (2, 1), (2, 2), (2, 3), (2, 4), (2, 5), (2, 6), (2, 7), (2, 8), (3, 0), (3, 1), (3, 2), (3, 3), (3, 4), (3, 5), (3, 6), (3, 7), (3, 8), (4, 0), (4, 1), (4, 2), (4, 3), (4, 4), (4, 5), (4, 6), (4, 7), (4, 8), (5, 0), (5, 1), (5, 2), (5, 3), (5, 4), (5, 5), (5, 6), (5, 7), (5, 8), (5, 9), (6, 0), (6, 1), (6, 2), (6, 3), (6, 4), (6, 5), (6, 6), (6, 7), (6, 8), (6, 9), (6, 10), (7, 0), (7, 1), (7, 2), (7, 3), (7, 4), (7, 5), (7, 6), (7, 7), (7, 8), (7, 9), (8, 0), (8, 1), (8, 3), (8, 4), (8, 5), (8, 6), (8, 7), (8, 8), (8, 9), (9, 0), (9, 1), (9, 3), (9, 4), (9, 5), (9, 6), (9, 7), (9, 8), (9, 9), (10, 0), (10, 1), (10, 2), (10, 3), (10, 4), (10, 5), (10, 6), (10, 7), (10, 8), (11, 0), (11, 1), (11, 2), (11, 3), (11, 4), (11, 5), (11, 7)]
accessible_from:
  (0, 0) -> [(0, 1), (1, 0)]
  (0, 1) -> [(0, 0), (1, 1)]
  (0, 2) -> [(0, 3)]
  (0, 3) -> [(0, 2), (0, 4)]
  (0, 4) -> [(0, 3), (0, 5)]
  (0, 5) -> [(0, 4), (0, 6), (1, 5)]
  (0, 6) -> [(0, 5), (0, 7), (1, 6)]
  (0, 7) -> [(0, 6)]
  (1, 0) -> [(0, 0), (1, 1), (2, 0)]
  (1, 1) -> [(0, 1), (1, 0), (2, 1)]
  (1, 2) -> [(1, 3), (2, 2)]
  (1, 3) -> [(1, 2), (2, 3)]
  (1, 4) -> [(1, 5), (2, 4)]
  (1, 5) -> [(0, 5), (1, 4), (2, 5)]
  (1, 6) -> [(0, 6), (1, 7)]
  (1, 7) -> [(1, 6), (2, 7)]
  (1, 8) -> [(2, 8)]
  (2, 0) -> [(1, 0), (3, 0)]
  (2, 1) -> [(1, 1), (2, 2)]
  (2, 2) -> [(1, 2), (2, 1), (3, 2)]
  (2, 3) -> [(1, 3), (2, 4), (3, 3)]
  (2, 4) -> [(1, 4), (2, 3), (3, 4)]
  (2, 5) -> [(1, 5), (2, 6), (3, 5)]
  (2, 6) -> [(2, 5), (3, 6)]
  (2, 7) -> [(1, 7), (2, 8), (3, 7)]
  (2, 8) -> [(1, 8), (2, 7), (3, 8)]
  (3, 0) -> [(2, 0), (4, 0)]
  (3, 1) -> [(3, 2), (4, 1)]
  (3, 2) -> [(2, 2), (3, 1), (4, 2)]
  (3, 3) -> [(2, 3), (3, 4), (4, 3)]
  (3, 4) -> [(2, 4), (3, 3), (4, 4)]
  (3, 5) -> [(2, 5), (3, 6), (4, 5)]
  (3, 6) -> [(2, 6), (3, 5), (4, 6)]
  (3, 7) -> [(2, 7), (3, 8), (4, 7)]
  (3, 8) -> [(2, 8), (3, 7)]
  (4, 0) -> [(3, 0), (5, 0)]
  (4, 1) -> [(3, 1), (4, 2), (5, 1)]
  (4, 2) -> [(3, 2), (4, 1)]
  (4, 3) -> [(3, 3), (4, 4), (5, 3)]
  (4, 4) -> [(3, 4), (4, 3), (5, 4)]
  (4, 5) -> [(3, 5), (4, 6)]
  (4, 6) -> [(3, 6), (4, 5)]
  (4, 7) -> [(3, 7), (4, 8)]
  (4, 8) -> [(4, 7), (5, 8)]
  (5, 0) -> [(4, 0), (5, 1), (6, 0)]
  (5, 1) -> [(4, 1), (5, 0), (5, 2), (6, 1)]
  (5, 2) -> [(5, 1), (6, 2)]
  (5, 3) -> [(4, 3), (5, 4), (6, 3)]
  (5, 4) -> [(4, 4), (5, 3)]
  (5, 5) -> [(5, 6), (6, 5)]
  (5, 6) -> [(5, 5), (6, 6)]
  (5, 7) -> [(5, 8)]
  (5, 8) -> [(4, 8), (5, 7), (6, 8)]
  (5, 9) -> [(6, 9)]
  (6, 0) -> [(5, 0), (6, 1), (7, 0)]
  (6, 1) -> [(5, 1), (6, 0), (7, 1)]
  (6, 2) -> [(5, 2), (7, 2)]
  (6, 3) -> [(5, 3), (6, 4), (7, 3)]
  (6, 4) -> [(6, 3), (6, 5), (7, 4)]
  (6, 5) -> [(5, 5), (6, 4), (6, 6), (7, 5)]
  (6, 6) -> [(5, 6), (6, 5), (7, 6)]
  (6, 7) -> [(6, 8)]
  (6, 8) -> [(5, 8), (6, 7), (7, 8)]
  (6, 9) -> [(5, 9), (6, 10), (7, 9)]
  (6, 10) -> [(6, 9)]
  (7, 0) -> [(6, 0), (7, 1), (8, 0)]
  (7, 1) -> [(6, 1), (7, 0), (8, 1)]
  (7, 2) -> [(6, 2)]
  (7, 3) -> [(6, 3), (7, 4)]
  (7, 4) -> [(6, 4), (7, 3)]
  (7, 5) -> [(6, 5), (7, 6), (8, 5)]
  (7, 6) -> [(6, 6), (7, 5), (7, 7), (8, 6)]
  (7, 7) -> [(7, 6), (7, 8), (8, 7)]
  (7, 8) -> [(6, 8), (7, 7), (7, 9)]
  (7, 9) -> [(6, 9), (7, 8), (8, 9)]
  (8, 0) -> [(7, 0), (8, 1), (9, 0)]
  (8, 1) -> [(7, 1), (8, 0)]
  (8, 3) -> [(8, 4), (9, 3)]
  (8, 4) -> [(8, 3), (9, 4)]
  (8, 5) -> [(7, 5), (9, 5)]
  (8, 6) -> [(7, 6), (8, 7)]
  (8, 7) -> [(7, 7), (8, 6), (8, 8), (9, 7)]
  (8, 8) -> [(8, 7), (8, 9), (9, 8)]
  (8, 9) -> [(7, 9), (8, 8), (9, 9)]
  (9, 0) -> [(8, 0), (9, 1), (10, 0)]
  (9, 1) -> [(9, 0), (10, 1)]
  (9, 3) -> [(8, 3)]
  (9, 4) -> [(8, 4), (9, 5)]
  (9, 5) -> [(8, 5), (9, 4), (10, 5)]
  (9, 6) -> [(9, 7), (10, 6)]
  (9, 7) -> [(8, 7), (9, 6), (9, 8), (10, 7)]
  (9, 8) -> [(8, 8), (9, 7), (9, 9), (10, 8)]
  (9, 9) -> [(8, 9), (9, 8)]
  (10, 0) -> [(9, 0), (10, 1), (11, 0)]
  (10, 1) -> [(9, 1), (10, 0), (11, 1)]
  (10, 2) -> [(10, 3), (11, 2)]
  (10, 3) -> [(10, 2), (11, 3)]
  (10, 4) -> [(10, 5), (11, 4)]
  (10, 5) -> [(9, 5), (10, 4), (11, 5)]
  (10, 6) -> [(9, 6), (10, 7)]
  (10, 7) -> [(9, 7), (10, 6), (10, 8), (11, 7)]
  (10, 8) -> [(9, 8), (10, 7)]
  (11, 0) -> [(10, 0), (11, 1)]
  (11, 1) -> [(10, 1), (11, 0), (11, 2)]
  (11, 2) -> [(10, 2), (11, 1), (11, 3)]
  (11, 3) -> [(10, 3), (11, 2)]
  (11, 4) -> [(10, 4), (11, 5)]
  (11, 5) -> [(10, 5), (11, 4)]
  (11, 7) -> [(10, 7)]
parent_path: {}
exploration_queue: [(6, 7), (9, 3), (11, 7), (10, 8), (10, 6), (9, 9), (6, 10), (5, 9), (5, 7)]

2025-07-31 20:37:07,313 - DEBUG - 
=== VISUAL BOARD - STEP 100 - BFS-EXPLORATION ===
   0  1  2  3  4  5  6  7  8  9 10 11
11 .  .  .  .  .  .  .  .  .  .  .  .   11
10 .  .  .  .  .  .  V  .  .  .  .  .   10
 9 .  .  .  .  .  V  V  V  V  V  .  .    9
 8 .  V  V  V  V  R  V  V  V  V  V  .    8
 7 V  V  V  V  V  V  V  V  V  V  V  V    7
 6 V  V  V  V  V  V  V  V  V  V  V  .    6
 5 V  V  V  V  V  V  V  V  V  V  V  V    5
 4 V  V  V  V  V  V  V  V  V  V  V  V    4
 3 V  V  V  V  V  V  V  V  V  V  V  V    3
 2 V  V  V  V  V  V  V  V  .  .  V  V    2
 1 V  V  V  V  V  V  V  V  V  V  V  V    1
 0 V  V  V  V  V  V  V  V  V  V  V  V    0
   0  1  2  3  4  5  6  7  8  9 10 11
Legend: R=Robot, V=Visited, P=Path, .=Unvisited

2025-07-31 20:37:07,313 - INFO - BFS Exploration Step 101: Exploring (6, 7)
2025-07-31 20:37:07,313 - DEBUG - Moving right from (5, 8) to (6, 8)
2025-07-31 20:37:07,409 - DEBUG - Moving down from (6, 8) to (6, 7)
2025-07-31 20:37:07,476 - DEBUG - Sensor readings: {'front': 1301.0247672167309, 'right': 280.70099424700004, 'back': 355.5836949302145, 'left': 1375.34559689108}
2025-07-31 20:37:07,476 - DEBUG - Wall detected right to (7, 7)
2025-07-31 20:37:07,476 - DEBUG - Wall detected down to (6, 6)
2025-07-31 20:37:07,476 - DEBUG - Added 0 new neighbors. Queue size: 8
2025-07-31 20:37:07,477 - DEBUG - 
=== STEP 101 DATA STRUCTURES ===
Current Cell: (6, 7)
explored_cells: [(0, 0), (0, 1), (0, 2), (0, 3), (0, 4), (0, 5), (0, 6), (0, 7), (1, 0), (1, 1), (1, 2), (1, 3), (1, 4), (1, 5), (1, 6), (1, 7), (1, 8), (2, 0), (2, 1), (2, 2), (2, 3), (2, 4), (2, 5), (2, 6), (2, 7), (2, 8), (3, 0), (3, 1), (3, 2), (3, 3), (3, 4), (3, 5), (3, 6), (3, 7), (3, 8), (4, 0), (4, 1), (4, 2), (4, 3), (4, 4), (4, 5), (4, 6), (4, 7), (4, 8), (5, 0), (5, 1), (5, 2), (5, 3), (5, 4), (5, 5), (5, 6), (5, 7), (5, 8), (5, 9), (6, 0), (6, 1), (6, 2), (6, 3), (6, 4), (6, 5), (6, 6), (6, 7), (6, 8), (6, 9), (6, 10), (7, 0), (7, 1), (7, 2), (7, 3), (7, 4), (7, 5), (7, 6), (7, 7), (7, 8), (7, 9), (8, 0), (8, 1), (8, 3), (8, 4), (8, 5), (8, 6), (8, 7), (8, 8), (8, 9), (9, 0), (9, 1), (9, 3), (9, 4), (9, 5), (9, 6), (9, 7), (9, 8), (9, 9), (10, 0), (10, 1), (10, 2), (10, 3), (10, 4), (10, 5), (10, 6), (10, 7), (10, 8), (11, 0), (11, 1), (11, 2), (11, 3), (11, 4), (11, 5), (11, 7)]
accessible_from:
  (0, 0) -> [(0, 1), (1, 0)]
  (0, 1) -> [(0, 0), (1, 1)]
  (0, 2) -> [(0, 3)]
  (0, 3) -> [(0, 2), (0, 4)]
  (0, 4) -> [(0, 3), (0, 5)]
  (0, 5) -> [(0, 4), (0, 6), (1, 5)]
  (0, 6) -> [(0, 5), (0, 7), (1, 6)]
  (0, 7) -> [(0, 6)]
  (1, 0) -> [(0, 0), (1, 1), (2, 0)]
  (1, 1) -> [(0, 1), (1, 0), (2, 1)]
  (1, 2) -> [(1, 3), (2, 2)]
  (1, 3) -> [(1, 2), (2, 3)]
  (1, 4) -> [(1, 5), (2, 4)]
  (1, 5) -> [(0, 5), (1, 4), (2, 5)]
  (1, 6) -> [(0, 6), (1, 7)]
  (1, 7) -> [(1, 6), (2, 7)]
  (1, 8) -> [(2, 8)]
  (2, 0) -> [(1, 0), (3, 0)]
  (2, 1) -> [(1, 1), (2, 2)]
  (2, 2) -> [(1, 2), (2, 1), (3, 2)]
  (2, 3) -> [(1, 3), (2, 4), (3, 3)]
  (2, 4) -> [(1, 4), (2, 3), (3, 4)]
  (2, 5) -> [(1, 5), (2, 6), (3, 5)]
  (2, 6) -> [(2, 5), (3, 6)]
  (2, 7) -> [(1, 7), (2, 8), (3, 7)]
  (2, 8) -> [(1, 8), (2, 7), (3, 8)]
  (3, 0) -> [(2, 0), (4, 0)]
  (3, 1) -> [(3, 2), (4, 1)]
  (3, 2) -> [(2, 2), (3, 1), (4, 2)]
  (3, 3) -> [(2, 3), (3, 4), (4, 3)]
  (3, 4) -> [(2, 4), (3, 3), (4, 4)]
  (3, 5) -> [(2, 5), (3, 6), (4, 5)]
  (3, 6) -> [(2, 6), (3, 5), (4, 6)]
  (3, 7) -> [(2, 7), (3, 8), (4, 7)]
  (3, 8) -> [(2, 8), (3, 7)]
  (4, 0) -> [(3, 0), (5, 0)]
  (4, 1) -> [(3, 1), (4, 2), (5, 1)]
  (4, 2) -> [(3, 2), (4, 1)]
  (4, 3) -> [(3, 3), (4, 4), (5, 3)]
  (4, 4) -> [(3, 4), (4, 3), (5, 4)]
  (4, 5) -> [(3, 5), (4, 6)]
  (4, 6) -> [(3, 6), (4, 5)]
  (4, 7) -> [(3, 7), (4, 8)]
  (4, 8) -> [(4, 7), (5, 8)]
  (5, 0) -> [(4, 0), (5, 1), (6, 0)]
  (5, 1) -> [(4, 1), (5, 0), (5, 2), (6, 1)]
  (5, 2) -> [(5, 1), (6, 2)]
  (5, 3) -> [(4, 3), (5, 4), (6, 3)]
  (5, 4) -> [(4, 4), (5, 3)]
  (5, 5) -> [(5, 6), (6, 5)]
  (5, 6) -> [(5, 5), (6, 6)]
  (5, 7) -> [(5, 8), (6, 7)]
  (5, 8) -> [(4, 8), (5, 7), (6, 8)]
  (5, 9) -> [(6, 9)]
  (6, 0) -> [(5, 0), (6, 1), (7, 0)]
  (6, 1) -> [(5, 1), (6, 0), (7, 1)]
  (6, 2) -> [(5, 2), (7, 2)]
  (6, 3) -> [(5, 3), (6, 4), (7, 3)]
  (6, 4) -> [(6, 3), (6, 5), (7, 4)]
  (6, 5) -> [(5, 5), (6, 4), (6, 6), (7, 5)]
  (6, 6) -> [(5, 6), (6, 5), (7, 6)]
  (6, 7) -> [(5, 7), (6, 8)]
  (6, 8) -> [(5, 8), (6, 7), (7, 8)]
  (6, 9) -> [(5, 9), (6, 10), (7, 9)]
  (6, 10) -> [(6, 9)]
  (7, 0) -> [(6, 0), (7, 1), (8, 0)]
  (7, 1) -> [(6, 1), (7, 0), (8, 1)]
  (7, 2) -> [(6, 2)]
  (7, 3) -> [(6, 3), (7, 4)]
  (7, 4) -> [(6, 4), (7, 3)]
  (7, 5) -> [(6, 5), (7, 6), (8, 5)]
  (7, 6) -> [(6, 6), (7, 5), (7, 7), (8, 6)]
  (7, 7) -> [(7, 6), (7, 8), (8, 7)]
  (7, 8) -> [(6, 8), (7, 7), (7, 9)]
  (7, 9) -> [(6, 9), (7, 8), (8, 9)]
  (8, 0) -> [(7, 0), (8, 1), (9, 0)]
  (8, 1) -> [(7, 1), (8, 0)]
  (8, 3) -> [(8, 4), (9, 3)]
  (8, 4) -> [(8, 3), (9, 4)]
  (8, 5) -> [(7, 5), (9, 5)]
  (8, 6) -> [(7, 6), (8, 7)]
  (8, 7) -> [(7, 7), (8, 6), (8, 8), (9, 7)]
  (8, 8) -> [(8, 7), (8, 9), (9, 8)]
  (8, 9) -> [(7, 9), (8, 8), (9, 9)]
  (9, 0) -> [(8, 0), (9, 1), (10, 0)]
  (9, 1) -> [(9, 0), (10, 1)]
  (9, 3) -> [(8, 3)]
  (9, 4) -> [(8, 4), (9, 5)]
  (9, 5) -> [(8, 5), (9, 4), (10, 5)]
  (9, 6) -> [(9, 7), (10, 6)]
  (9, 7) -> [(8, 7), (9, 6), (9, 8), (10, 7)]
  (9, 8) -> [(8, 8), (9, 7), (9, 9), (10, 8)]
  (9, 9) -> [(8, 9), (9, 8)]
  (10, 0) -> [(9, 0), (10, 1), (11, 0)]
  (10, 1) -> [(9, 1), (10, 0), (11, 1)]
  (10, 2) -> [(10, 3), (11, 2)]
  (10, 3) -> [(10, 2), (11, 3)]
  (10, 4) -> [(10, 5), (11, 4)]
  (10, 5) -> [(9, 5), (10, 4), (11, 5)]
  (10, 6) -> [(9, 6), (10, 7)]
  (10, 7) -> [(9, 7), (10, 6), (10, 8), (11, 7)]
  (10, 8) -> [(9, 8), (10, 7)]
  (11, 0) -> [(10, 0), (11, 1)]
  (11, 1) -> [(10, 1), (11, 0), (11, 2)]
  (11, 2) -> [(10, 2), (11, 1), (11, 3)]
  (11, 3) -> [(10, 3), (11, 2)]
  (11, 4) -> [(10, 4), (11, 5)]
  (11, 5) -> [(10, 5), (11, 4)]
  (11, 7) -> [(10, 7)]
parent_path: {}
exploration_queue: [(9, 3), (11, 7), (10, 8), (10, 6), (9, 9), (6, 10), (5, 9), (5, 7)]

2025-07-31 20:37:07,477 - DEBUG - 
=== VISUAL BOARD - STEP 101 - BFS-EXPLORATION ===
   0  1  2  3  4  5  6  7  8  9 10 11
11 .  .  .  .  .  .  .  .  .  .  .  .   11
10 .  .  .  .  .  .  V  .  .  .  .  .   10
 9 .  .  .  .  .  V  V  V  V  V  .  .    9
 8 .  V  V  V  V  V  V  V  V  V  V  .    8
 7 V  V  V  V  V  V  R  V  V  V  V  V    7
 6 V  V  V  V  V  V  V  V  V  V  V  .    6
 5 V  V  V  V  V  V  V  V  V  V  V  V    5
 4 V  V  V  V  V  V  V  V  V  V  V  V    4
 3 V  V  V  V  V  V  V  V  V  V  V  V    3
 2 V  V  V  V  V  V  V  V  .  .  V  V    2
 1 V  V  V  V  V  V  V  V  V  V  V  V    1
 0 V  V  V  V  V  V  V  V  V  V  V  V    0
   0  1  2  3  4  5  6  7  8  9 10 11
Legend: R=Robot, V=Visited, P=Path, .=Unvisited

2025-07-31 20:37:07,477 - INFO - BFS Exploration Step 102: Exploring (9, 3)
2025-07-31 20:37:07,477 - DEBUG - Moving up from (6, 7) to (6, 8)
2025-07-31 20:37:07,543 - DEBUG - Moving right from (6, 8) to (7, 8)
2025-07-31 20:37:07,642 - DEBUG - Moving down from (7, 8) to (7, 7)
2025-07-31 20:37:07,714 - DEBUG - Moving down from (7, 7) to (7, 6)
2025-07-31 20:37:07,790 - DEBUG - Moving down from (7, 6) to (7, 5)
2025-07-31 20:37:07,865 - DEBUG - Moving right from (7, 5) to (8, 5)
2025-07-31 20:37:07,962 - DEBUG - Moving right from (8, 5) to (9, 5)
2025-07-31 20:37:08,064 - DEBUG - Moving down from (9, 5) to (9, 4)
2025-07-31 20:37:08,126 - DEBUG - Moving left from (9, 4) to (8, 4)
2025-07-31 20:37:08,238 - DEBUG - Moving down from (8, 4) to (8, 3)
2025-07-31 20:37:08,309 - DEBUG - Moving right from (8, 3) to (9, 3)
2025-07-31 20:37:08,403 - DEBUG - Sensor readings: {'front': 295.8500020080773, 'right': 363.57720566648186, 'back': 1349.6992172214489, 'left': 1281.9722834333613}
2025-07-31 20:37:08,403 - DEBUG - Wall detected right to (10, 3)
2025-07-31 20:37:08,403 - DEBUG - Wall detected up to (9, 4)
2025-07-31 20:37:08,403 - DEBUG - Added neighbor down: (9, 2)
2025-07-31 20:37:08,403 - DEBUG - Added 1 new neighbors. Queue size: 8
2025-07-31 20:37:08,404 - DEBUG - 
=== STEP 102 DATA STRUCTURES ===
Current Cell: (9, 3)
explored_cells: [(0, 0), (0, 1), (0, 2), (0, 3), (0, 4), (0, 5), (0, 6), (0, 7), (1, 0), (1, 1), (1, 2), (1, 3), (1, 4), (1, 5), (1, 6), (1, 7), (1, 8), (2, 0), (2, 1), (2, 2), (2, 3), (2, 4), (2, 5), (2, 6), (2, 7), (2, 8), (3, 0), (3, 1), (3, 2), (3, 3), (3, 4), (3, 5), (3, 6), (3, 7), (3, 8), (4, 0), (4, 1), (4, 2), (4, 3), (4, 4), (4, 5), (4, 6), (4, 7), (4, 8), (5, 0), (5, 1), (5, 2), (5, 3), (5, 4), (5, 5), (5, 6), (5, 7), (5, 8), (5, 9), (6, 0), (6, 1), (6, 2), (6, 3), (6, 4), (6, 5), (6, 6), (6, 7), (6, 8), (6, 9), (6, 10), (7, 0), (7, 1), (7, 2), (7, 3), (7, 4), (7, 5), (7, 6), (7, 7), (7, 8), (7, 9), (8, 0), (8, 1), (8, 3), (8, 4), (8, 5), (8, 6), (8, 7), (8, 8), (8, 9), (9, 0), (9, 1), (9, 2), (9, 3), (9, 4), (9, 5), (9, 6), (9, 7), (9, 8), (9, 9), (10, 0), (10, 1), (10, 2), (10, 3), (10, 4), (10, 5), (10, 6), (10, 7), (10, 8), (11, 0), (11, 1), (11, 2), (11, 3), (11, 4), (11, 5), (11, 7)]
accessible_from:
  (0, 0) -> [(0, 1), (1, 0)]
  (0, 1) -> [(0, 0), (1, 1)]
  (0, 2) -> [(0, 3)]
  (0, 3) -> [(0, 2), (0, 4)]
  (0, 4) -> [(0, 3), (0, 5)]
  (0, 5) -> [(0, 4), (0, 6), (1, 5)]
  (0, 6) -> [(0, 5), (0, 7), (1, 6)]
  (0, 7) -> [(0, 6)]
  (1, 0) -> [(0, 0), (1, 1), (2, 0)]
  (1, 1) -> [(0, 1), (1, 0), (2, 1)]
  (1, 2) -> [(1, 3), (2, 2)]
  (1, 3) -> [(1, 2), (2, 3)]
  (1, 4) -> [(1, 5), (2, 4)]
  (1, 5) -> [(0, 5), (1, 4), (2, 5)]
  (1, 6) -> [(0, 6), (1, 7)]
  (1, 7) -> [(1, 6), (2, 7)]
  (1, 8) -> [(2, 8)]
  (2, 0) -> [(1, 0), (3, 0)]
  (2, 1) -> [(1, 1), (2, 2)]
  (2, 2) -> [(1, 2), (2, 1), (3, 2)]
  (2, 3) -> [(1, 3), (2, 4), (3, 3)]
  (2, 4) -> [(1, 4), (2, 3), (3, 4)]
  (2, 5) -> [(1, 5), (2, 6), (3, 5)]
  (2, 6) -> [(2, 5), (3, 6)]
  (2, 7) -> [(1, 7), (2, 8), (3, 7)]
  (2, 8) -> [(1, 8), (2, 7), (3, 8)]
  (3, 0) -> [(2, 0), (4, 0)]
  (3, 1) -> [(3, 2), (4, 1)]
  (3, 2) -> [(2, 2), (3, 1), (4, 2)]
  (3, 3) -> [(2, 3), (3, 4), (4, 3)]
  (3, 4) -> [(2, 4), (3, 3), (4, 4)]
  (3, 5) -> [(2, 5), (3, 6), (4, 5)]
  (3, 6) -> [(2, 6), (3, 5), (4, 6)]
  (3, 7) -> [(2, 7), (3, 8), (4, 7)]
  (3, 8) -> [(2, 8), (3, 7)]
  (4, 0) -> [(3, 0), (5, 0)]
  (4, 1) -> [(3, 1), (4, 2), (5, 1)]
  (4, 2) -> [(3, 2), (4, 1)]
  (4, 3) -> [(3, 3), (4, 4), (5, 3)]
  (4, 4) -> [(3, 4), (4, 3), (5, 4)]
  (4, 5) -> [(3, 5), (4, 6)]
  (4, 6) -> [(3, 6), (4, 5)]
  (4, 7) -> [(3, 7), (4, 8)]
  (4, 8) -> [(4, 7), (5, 8)]
  (5, 0) -> [(4, 0), (5, 1), (6, 0)]
  (5, 1) -> [(4, 1), (5, 0), (5, 2), (6, 1)]
  (5, 2) -> [(5, 1), (6, 2)]
  (5, 3) -> [(4, 3), (5, 4), (6, 3)]
  (5, 4) -> [(4, 4), (5, 3)]
  (5, 5) -> [(5, 6), (6, 5)]
  (5, 6) -> [(5, 5), (6, 6)]
  (5, 7) -> [(5, 8), (6, 7)]
  (5, 8) -> [(4, 8), (5, 7), (6, 8)]
  (5, 9) -> [(6, 9)]
  (6, 0) -> [(5, 0), (6, 1), (7, 0)]
  (6, 1) -> [(5, 1), (6, 0), (7, 1)]
  (6, 2) -> [(5, 2), (7, 2)]
  (6, 3) -> [(5, 3), (6, 4), (7, 3)]
  (6, 4) -> [(6, 3), (6, 5), (7, 4)]
  (6, 5) -> [(5, 5), (6, 4), (6, 6), (7, 5)]
  (6, 6) -> [(5, 6), (6, 5), (7, 6)]
  (6, 7) -> [(5, 7), (6, 8)]
  (6, 8) -> [(5, 8), (6, 7), (7, 8)]
  (6, 9) -> [(5, 9), (6, 10), (7, 9)]
  (6, 10) -> [(6, 9)]
  (7, 0) -> [(6, 0), (7, 1), (8, 0)]
  (7, 1) -> [(6, 1), (7, 0), (8, 1)]
  (7, 2) -> [(6, 2)]
  (7, 3) -> [(6, 3), (7, 4)]
  (7, 4) -> [(6, 4), (7, 3)]
  (7, 5) -> [(6, 5), (7, 6), (8, 5)]
  (7, 6) -> [(6, 6), (7, 5), (7, 7), (8, 6)]
  (7, 7) -> [(7, 6), (7, 8), (8, 7)]
  (7, 8) -> [(6, 8), (7, 7), (7, 9)]
  (7, 9) -> [(6, 9), (7, 8), (8, 9)]
  (8, 0) -> [(7, 0), (8, 1), (9, 0)]
  (8, 1) -> [(7, 1), (8, 0)]
  (8, 3) -> [(8, 4), (9, 3)]
  (8, 4) -> [(8, 3), (9, 4)]
  (8, 5) -> [(7, 5), (9, 5)]
  (8, 6) -> [(7, 6), (8, 7)]
  (8, 7) -> [(7, 7), (8, 6), (8, 8), (9, 7)]
  (8, 8) -> [(8, 7), (8, 9), (9, 8)]
  (8, 9) -> [(7, 9), (8, 8), (9, 9)]
  (9, 0) -> [(8, 0), (9, 1), (10, 0)]
  (9, 1) -> [(9, 0), (10, 1)]
  (9, 2) -> [(9, 3)]
  (9, 3) -> [(8, 3), (9, 2)]
  (9, 4) -> [(8, 4), (9, 5)]
  (9, 5) -> [(8, 5), (9, 4), (10, 5)]
  (9, 6) -> [(9, 7), (10, 6)]
  (9, 7) -> [(8, 7), (9, 6), (9, 8), (10, 7)]
  (9, 8) -> [(8, 8), (9, 7), (9, 9), (10, 8)]
  (9, 9) -> [(8, 9), (9, 8)]
  (10, 0) -> [(9, 0), (10, 1), (11, 0)]
  (10, 1) -> [(9, 1), (10, 0), (11, 1)]
  (10, 2) -> [(10, 3), (11, 2)]
  (10, 3) -> [(10, 2), (11, 3)]
  (10, 4) -> [(10, 5), (11, 4)]
  (10, 5) -> [(9, 5), (10, 4), (11, 5)]
  (10, 6) -> [(9, 6), (10, 7)]
  (10, 7) -> [(9, 7), (10, 6), (10, 8), (11, 7)]
  (10, 8) -> [(9, 8), (10, 7)]
  (11, 0) -> [(10, 0), (11, 1)]
  (11, 1) -> [(10, 1), (11, 0), (11, 2)]
  (11, 2) -> [(10, 2), (11, 1), (11, 3)]
  (11, 3) -> [(10, 3), (11, 2)]
  (11, 4) -> [(10, 4), (11, 5)]
  (11, 5) -> [(10, 5), (11, 4)]
  (11, 7) -> [(10, 7)]
parent_path: {}
exploration_queue: [(11, 7), (10, 8), (10, 6), (9, 9), (6, 10), (5, 9), (5, 7), (9, 2)]

2025-07-31 20:37:08,404 - DEBUG - 
=== VISUAL BOARD - STEP 102 - BFS-EXPLORATION ===
   0  1  2  3  4  5  6  7  8  9 10 11
11 .  .  .  .  .  .  .  .  .  .  .  .   11
10 .  .  .  .  .  .  V  .  .  .  .  .   10
 9 .  .  .  .  .  V  V  V  V  V  .  .    9
 8 .  V  V  V  V  V  V  V  V  V  V  .    8
 7 V  V  V  V  V  V  V  V  V  V  V  V    7
 6 V  V  V  V  V  V  V  V  V  V  V  .    6
 5 V  V  V  V  V  V  V  V  V  V  V  V    5
 4 V  V  V  V  V  V  V  V  V  V  V  V    4
 3 V  V  V  V  V  V  V  V  V  R  V  V    3
 2 V  V  V  V  V  V  V  V  .  V  V  V    2
 1 V  V  V  V  V  V  V  V  V  V  V  V    1
 0 V  V  V  V  V  V  V  V  V  V  V  V    0
   0  1  2  3  4  5  6  7  8  9 10 11
Legend: R=Robot, V=Visited, P=Path, .=Unvisited

2025-07-31 20:37:08,404 - INFO - BFS Exploration Step 103: Exploring (11, 7)
2025-07-31 20:37:08,404 - DEBUG - Moving left from (9, 3) to (8, 3)
2025-07-31 20:37:08,498 - DEBUG - Moving up from (8, 3) to (8, 4)
2025-07-31 20:37:08,576 - DEBUG - Moving right from (8, 4) to (9, 4)
2025-07-31 20:37:08,678 - DEBUG - Moving up from (9, 4) to (9, 5)
2025-07-31 20:37:08,758 - DEBUG - Moving left from (9, 5) to (8, 5)
2025-07-31 20:37:08,856 - DEBUG - Moving left from (8, 5) to (7, 5)
2025-07-31 20:37:08,961 - DEBUG - Moving up from (7, 5) to (7, 6)
2025-07-31 20:37:09,034 - DEBUG - Moving up from (7, 6) to (7, 7)
2025-07-31 20:37:09,111 - DEBUG - Moving right from (7, 7) to (8, 7)
2025-07-31 20:37:09,220 - DEBUG - Moving right from (8, 7) to (9, 7)
2025-07-31 20:37:09,322 - DEBUG - Moving right from (9, 7) to (10, 7)
2025-07-31 20:37:09,426 - DEBUG - Moving right from (10, 7) to (11, 7)
2025-07-31 20:37:09,525 - DEBUG - Sensor readings: {'front': 2000.0, 'right': 387.046872419993, 'back': 1343.9661581597102, 'left': 2000.0}
2025-07-31 20:37:09,525 - DEBUG - Added neighbor up: (11, 8)
2025-07-31 20:37:09,525 - DEBUG - Added neighbor down: (11, 6)
2025-07-31 20:37:09,525 - DEBUG - Added 2 new neighbors. Queue size: 9
2025-07-31 20:37:09,525 - DEBUG - 
=== STEP 103 DATA STRUCTURES ===
Current Cell: (11, 7)
explored_cells: [(0, 0), (0, 1), (0, 2), (0, 3), (0, 4), (0, 5), (0, 6), (0, 7), (1, 0), (1, 1), (1, 2), (1, 3), (1, 4), (1, 5), (1, 6), (1, 7), (1, 8), (2, 0), (2, 1), (2, 2), (2, 3), (2, 4), (2, 5), (2, 6), (2, 7), (2, 8), (3, 0), (3, 1), (3, 2), (3, 3), (3, 4), (3, 5), (3, 6), (3, 7), (3, 8), (4, 0), (4, 1), (4, 2), (4, 3), (4, 4), (4, 5), (4, 6), (4, 7), (4, 8), (5, 0), (5, 1), (5, 2), (5, 3), (5, 4), (5, 5), (5, 6), (5, 7), (5, 8), (5, 9), (6, 0), (6, 1), (6, 2), (6, 3), (6, 4), (6, 5), (6, 6), (6, 7), (6, 8), (6, 9), (6, 10), (7, 0), (7, 1), (7, 2), (7, 3), (7, 4), (7, 5), (7, 6), (7, 7), (7, 8), (7, 9), (8, 0), (8, 1), (8, 3), (8, 4), (8, 5), (8, 6), (8, 7), (8, 8), (8, 9), (9, 0), (9, 1), (9, 2), (9, 3), (9, 4), (9, 5), (9, 6), (9, 7), (9, 8), (9, 9), (10, 0), (10, 1), (10, 2), (10, 3), (10, 4), (10, 5), (10, 6), (10, 7), (10, 8), (11, 0), (11, 1), (11, 2), (11, 3), (11, 4), (11, 5), (11, 6), (11, 7), (11, 8)]
accessible_from:
  (0, 0) -> [(0, 1), (1, 0)]
  (0, 1) -> [(0, 0), (1, 1)]
  (0, 2) -> [(0, 3)]
  (0, 3) -> [(0, 2), (0, 4)]
  (0, 4) -> [(0, 3), (0, 5)]
  (0, 5) -> [(0, 4), (0, 6), (1, 5)]
  (0, 6) -> [(0, 5), (0, 7), (1, 6)]
  (0, 7) -> [(0, 6)]
  (1, 0) -> [(0, 0), (1, 1), (2, 0)]
  (1, 1) -> [(0, 1), (1, 0), (2, 1)]
  (1, 2) -> [(1, 3), (2, 2)]
  (1, 3) -> [(1, 2), (2, 3)]
  (1, 4) -> [(1, 5), (2, 4)]
  (1, 5) -> [(0, 5), (1, 4), (2, 5)]
  (1, 6) -> [(0, 6), (1, 7)]
  (1, 7) -> [(1, 6), (2, 7)]
  (1, 8) -> [(2, 8)]
  (2, 0) -> [(1, 0), (3, 0)]
  (2, 1) -> [(1, 1), (2, 2)]
  (2, 2) -> [(1, 2), (2, 1), (3, 2)]
  (2, 3) -> [(1, 3), (2, 4), (3, 3)]
  (2, 4) -> [(1, 4), (2, 3), (3, 4)]
  (2, 5) -> [(1, 5), (2, 6), (3, 5)]
  (2, 6) -> [(2, 5), (3, 6)]
  (2, 7) -> [(1, 7), (2, 8), (3, 7)]
  (2, 8) -> [(1, 8), (2, 7), (3, 8)]
  (3, 0) -> [(2, 0), (4, 0)]
  (3, 1) -> [(3, 2), (4, 1)]
  (3, 2) -> [(2, 2), (3, 1), (4, 2)]
  (3, 3) -> [(2, 3), (3, 4), (4, 3)]
  (3, 4) -> [(2, 4), (3, 3), (4, 4)]
  (3, 5) -> [(2, 5), (3, 6), (4, 5)]
  (3, 6) -> [(2, 6), (3, 5), (4, 6)]
  (3, 7) -> [(2, 7), (3, 8), (4, 7)]
  (3, 8) -> [(2, 8), (3, 7)]
  (4, 0) -> [(3, 0), (5, 0)]
  (4, 1) -> [(3, 1), (4, 2), (5, 1)]
  (4, 2) -> [(3, 2), (4, 1)]
  (4, 3) -> [(3, 3), (4, 4), (5, 3)]
  (4, 4) -> [(3, 4), (4, 3), (5, 4)]
  (4, 5) -> [(3, 5), (4, 6)]
  (4, 6) -> [(3, 6), (4, 5)]
  (4, 7) -> [(3, 7), (4, 8)]
  (4, 8) -> [(4, 7), (5, 8)]
  (5, 0) -> [(4, 0), (5, 1), (6, 0)]
  (5, 1) -> [(4, 1), (5, 0), (5, 2), (6, 1)]
  (5, 2) -> [(5, 1), (6, 2)]
  (5, 3) -> [(4, 3), (5, 4), (6, 3)]
  (5, 4) -> [(4, 4), (5, 3)]
  (5, 5) -> [(5, 6), (6, 5)]
  (5, 6) -> [(5, 5), (6, 6)]
  (5, 7) -> [(5, 8), (6, 7)]
  (5, 8) -> [(4, 8), (5, 7), (6, 8)]
  (5, 9) -> [(6, 9)]
  (6, 0) -> [(5, 0), (6, 1), (7, 0)]
  (6, 1) -> [(5, 1), (6, 0), (7, 1)]
  (6, 2) -> [(5, 2), (7, 2)]
  (6, 3) -> [(5, 3), (6, 4), (7, 3)]
  (6, 4) -> [(6, 3), (6, 5), (7, 4)]
  (6, 5) -> [(5, 5), (6, 4), (6, 6), (7, 5)]
  (6, 6) -> [(5, 6), (6, 5), (7, 6)]
  (6, 7) -> [(5, 7), (6, 8)]
  (6, 8) -> [(5, 8), (6, 7), (7, 8)]
  (6, 9) -> [(5, 9), (6, 10), (7, 9)]
  (6, 10) -> [(6, 9)]
  (7, 0) -> [(6, 0), (7, 1), (8, 0)]
  (7, 1) -> [(6, 1), (7, 0), (8, 1)]
  (7, 2) -> [(6, 2)]
  (7, 3) -> [(6, 3), (7, 4)]
  (7, 4) -> [(6, 4), (7, 3)]
  (7, 5) -> [(6, 5), (7, 6), (8, 5)]
  (7, 6) -> [(6, 6), (7, 5), (7, 7), (8, 6)]
  (7, 7) -> [(7, 6), (7, 8), (8, 7)]
  (7, 8) -> [(6, 8), (7, 7), (7, 9)]
  (7, 9) -> [(6, 9), (7, 8), (8, 9)]
  (8, 0) -> [(7, 0), (8, 1), (9, 0)]
  (8, 1) -> [(7, 1), (8, 0)]
  (8, 3) -> [(8, 4), (9, 3)]
  (8, 4) -> [(8, 3), (9, 4)]
  (8, 5) -> [(7, 5), (9, 5)]
  (8, 6) -> [(7, 6), (8, 7)]
  (8, 7) -> [(7, 7), (8, 6), (8, 8), (9, 7)]
  (8, 8) -> [(8, 7), (8, 9), (9, 8)]
  (8, 9) -> [(7, 9), (8, 8), (9, 9)]
  (9, 0) -> [(8, 0), (9, 1), (10, 0)]
  (9, 1) -> [(9, 0), (10, 1)]
  (9, 2) -> [(9, 3)]
  (9, 3) -> [(8, 3), (9, 2)]
  (9, 4) -> [(8, 4), (9, 5)]
  (9, 5) -> [(8, 5), (9, 4), (10, 5)]
  (9, 6) -> [(9, 7), (10, 6)]
  (9, 7) -> [(8, 7), (9, 6), (9, 8), (10, 7)]
  (9, 8) -> [(8, 8), (9, 7), (9, 9), (10, 8)]
  (9, 9) -> [(8, 9), (9, 8)]
  (10, 0) -> [(9, 0), (10, 1), (11, 0)]
  (10, 1) -> [(9, 1), (10, 0), (11, 1)]
  (10, 2) -> [(10, 3), (11, 2)]
  (10, 3) -> [(10, 2), (11, 3)]
  (10, 4) -> [(10, 5), (11, 4)]
  (10, 5) -> [(9, 5), (10, 4), (11, 5)]
  (10, 6) -> [(9, 6), (10, 7)]
  (10, 7) -> [(9, 7), (10, 6), (10, 8), (11, 7)]
  (10, 8) -> [(9, 8), (10, 7)]
  (11, 0) -> [(10, 0), (11, 1)]
  (11, 1) -> [(10, 1), (11, 0), (11, 2)]
  (11, 2) -> [(10, 2), (11, 1), (11, 3)]
  (11, 3) -> [(10, 3), (11, 2)]
  (11, 4) -> [(10, 4), (11, 5)]
  (11, 5) -> [(10, 5), (11, 4)]
  (11, 6) -> [(11, 7)]
  (11, 7) -> [(10, 7), (11, 6), (11, 8)]
  (11, 8) -> [(11, 7)]
parent_path: {}
exploration_queue: [(10, 8), (10, 6), (9, 9), (6, 10), (5, 9), (5, 7), (9, 2), (11, 8), (11, 6)]

2025-07-31 20:37:09,525 - DEBUG - 
=== VISUAL BOARD - STEP 103 - BFS-EXPLORATION ===
   0  1  2  3  4  5  6  7  8  9 10 11
11 .  .  .  .  .  .  .  .  .  .  .  .   11
10 .  .  .  .  .  .  V  .  .  .  .  .   10
 9 .  .  .  .  .  V  V  V  V  V  .  .    9
 8 .  V  V  V  V  V  V  V  V  V  V  V    8
 7 V  V  V  V  V  V  V  V  V  V  V  R    7
 6 V  V  V  V  V  V  V  V  V  V  V  V    6
 5 V  V  V  V  V  V  V  V  V  V  V  V    5
 4 V  V  V  V  V  V  V  V  V  V  V  V    4
 3 V  V  V  V  V  V  V  V  V  V  V  V    3
 2 V  V  V  V  V  V  V  V  .  V  V  V    2
 1 V  V  V  V  V  V  V  V  V  V  V  V    1
 0 V  V  V  V  V  V  V  V  V  V  V  V    0
   0  1  2  3  4  5  6  7  8  9 10 11
Legend: R=Robot, V=Visited, P=Path, .=Unvisited

2025-07-31 20:37:09,525 - INFO - BFS Exploration Step 104: Exploring (10, 8)
2025-07-31 20:37:09,525 - DEBUG - Moving left from (11, 7) to (10, 7)
2025-07-31 20:37:09,624 - DEBUG - Moving up from (10, 7) to (10, 8)
2025-07-31 20:37:09,690 - DEBUG - Sensor readings: {'front': 1363.3304038359909, 'right': 1380.116891218191, 'back': 2000.0, 'left': 2000.0}
2025-07-31 20:37:09,690 - DEBUG - Added neighbor up: (10, 9)
2025-07-31 20:37:09,690 - DEBUG - Added 1 new neighbors. Queue size: 9
2025-07-31 20:37:09,690 - DEBUG - 
=== STEP 104 DATA STRUCTURES ===
Current Cell: (10, 8)
explored_cells: [(0, 0), (0, 1), (0, 2), (0, 3), (0, 4), (0, 5), (0, 6), (0, 7), (1, 0), (1, 1), (1, 2), (1, 3), (1, 4), (1, 5), (1, 6), (1, 7), (1, 8), (2, 0), (2, 1), (2, 2), (2, 3), (2, 4), (2, 5), (2, 6), (2, 7), (2, 8), (3, 0), (3, 1), (3, 2), (3, 3), (3, 4), (3, 5), (3, 6), (3, 7), (3, 8), (4, 0), (4, 1), (4, 2), (4, 3), (4, 4), (4, 5), (4, 6), (4, 7), (4, 8), (5, 0), (5, 1), (5, 2), (5, 3), (5, 4), (5, 5), (5, 6), (5, 7), (5, 8), (5, 9), (6, 0), (6, 1), (6, 2), (6, 3), (6, 4), (6, 5), (6, 6), (6, 7), (6, 8), (6, 9), (6, 10), (7, 0), (7, 1), (7, 2), (7, 3), (7, 4), (7, 5), (7, 6), (7, 7), (7, 8), (7, 9), (8, 0), (8, 1), (8, 3), (8, 4), (8, 5), (8, 6), (8, 7), (8, 8), (8, 9), (9, 0), (9, 1), (9, 2), (9, 3), (9, 4), (9, 5), (9, 6), (9, 7), (9, 8), (9, 9), (10, 0), (10, 1), (10, 2), (10, 3), (10, 4), (10, 5), (10, 6), (10, 7), (10, 8), (10, 9), (11, 0), (11, 1), (11, 2), (11, 3), (11, 4), (11, 5), (11, 6), (11, 7), (11, 8)]
accessible_from:
  (0, 0) -> [(0, 1), (1, 0)]
  (0, 1) -> [(0, 0), (1, 1)]
  (0, 2) -> [(0, 3)]
  (0, 3) -> [(0, 2), (0, 4)]
  (0, 4) -> [(0, 3), (0, 5)]
  (0, 5) -> [(0, 4), (0, 6), (1, 5)]
  (0, 6) -> [(0, 5), (0, 7), (1, 6)]
  (0, 7) -> [(0, 6)]
  (1, 0) -> [(0, 0), (1, 1), (2, 0)]
  (1, 1) -> [(0, 1), (1, 0), (2, 1)]
  (1, 2) -> [(1, 3), (2, 2)]
  (1, 3) -> [(1, 2), (2, 3)]
  (1, 4) -> [(1, 5), (2, 4)]
  (1, 5) -> [(0, 5), (1, 4), (2, 5)]
  (1, 6) -> [(0, 6), (1, 7)]
  (1, 7) -> [(1, 6), (2, 7)]
  (1, 8) -> [(2, 8)]
  (2, 0) -> [(1, 0), (3, 0)]
  (2, 1) -> [(1, 1), (2, 2)]
  (2, 2) -> [(1, 2), (2, 1), (3, 2)]
  (2, 3) -> [(1, 3), (2, 4), (3, 3)]
  (2, 4) -> [(1, 4), (2, 3), (3, 4)]
  (2, 5) -> [(1, 5), (2, 6), (3, 5)]
  (2, 6) -> [(2, 5), (3, 6)]
  (2, 7) -> [(1, 7), (2, 8), (3, 7)]
  (2, 8) -> [(1, 8), (2, 7), (3, 8)]
  (3, 0) -> [(2, 0), (4, 0)]
  (3, 1) -> [(3, 2), (4, 1)]
  (3, 2) -> [(2, 2), (3, 1), (4, 2)]
  (3, 3) -> [(2, 3), (3, 4), (4, 3)]
  (3, 4) -> [(2, 4), (3, 3), (4, 4)]
  (3, 5) -> [(2, 5), (3, 6), (4, 5)]
  (3, 6) -> [(2, 6), (3, 5), (4, 6)]
  (3, 7) -> [(2, 7), (3, 8), (4, 7)]
  (3, 8) -> [(2, 8), (3, 7)]
  (4, 0) -> [(3, 0), (5, 0)]
  (4, 1) -> [(3, 1), (4, 2), (5, 1)]
  (4, 2) -> [(3, 2), (4, 1)]
  (4, 3) -> [(3, 3), (4, 4), (5, 3)]
  (4, 4) -> [(3, 4), (4, 3), (5, 4)]
  (4, 5) -> [(3, 5), (4, 6)]
  (4, 6) -> [(3, 6), (4, 5)]
  (4, 7) -> [(3, 7), (4, 8)]
  (4, 8) -> [(4, 7), (5, 8)]
  (5, 0) -> [(4, 0), (5, 1), (6, 0)]
  (5, 1) -> [(4, 1), (5, 0), (5, 2), (6, 1)]
  (5, 2) -> [(5, 1), (6, 2)]
  (5, 3) -> [(4, 3), (5, 4), (6, 3)]
  (5, 4) -> [(4, 4), (5, 3)]
  (5, 5) -> [(5, 6), (6, 5)]
  (5, 6) -> [(5, 5), (6, 6)]
  (5, 7) -> [(5, 8), (6, 7)]
  (5, 8) -> [(4, 8), (5, 7), (6, 8)]
  (5, 9) -> [(6, 9)]
  (6, 0) -> [(5, 0), (6, 1), (7, 0)]
  (6, 1) -> [(5, 1), (6, 0), (7, 1)]
  (6, 2) -> [(5, 2), (7, 2)]
  (6, 3) -> [(5, 3), (6, 4), (7, 3)]
  (6, 4) -> [(6, 3), (6, 5), (7, 4)]
  (6, 5) -> [(5, 5), (6, 4), (6, 6), (7, 5)]
  (6, 6) -> [(5, 6), (6, 5), (7, 6)]
  (6, 7) -> [(5, 7), (6, 8)]
  (6, 8) -> [(5, 8), (6, 7), (7, 8)]
  (6, 9) -> [(5, 9), (6, 10), (7, 9)]
  (6, 10) -> [(6, 9)]
  (7, 0) -> [(6, 0), (7, 1), (8, 0)]
  (7, 1) -> [(6, 1), (7, 0), (8, 1)]
  (7, 2) -> [(6, 2)]
  (7, 3) -> [(6, 3), (7, 4)]
  (7, 4) -> [(6, 4), (7, 3)]
  (7, 5) -> [(6, 5), (7, 6), (8, 5)]
  (7, 6) -> [(6, 6), (7, 5), (7, 7), (8, 6)]
  (7, 7) -> [(7, 6), (7, 8), (8, 7)]
  (7, 8) -> [(6, 8), (7, 7), (7, 9)]
  (7, 9) -> [(6, 9), (7, 8), (8, 9)]
  (8, 0) -> [(7, 0), (8, 1), (9, 0)]
  (8, 1) -> [(7, 1), (8, 0)]
  (8, 3) -> [(8, 4), (9, 3)]
  (8, 4) -> [(8, 3), (9, 4)]
  (8, 5) -> [(7, 5), (9, 5)]
  (8, 6) -> [(7, 6), (8, 7)]
  (8, 7) -> [(7, 7), (8, 6), (8, 8), (9, 7)]
  (8, 8) -> [(8, 7), (8, 9), (9, 8)]
  (8, 9) -> [(7, 9), (8, 8), (9, 9)]
  (9, 0) -> [(8, 0), (9, 1), (10, 0)]
  (9, 1) -> [(9, 0), (10, 1)]
  (9, 2) -> [(9, 3)]
  (9, 3) -> [(8, 3), (9, 2)]
  (9, 4) -> [(8, 4), (9, 5)]
  (9, 5) -> [(8, 5), (9, 4), (10, 5)]
  (9, 6) -> [(9, 7), (10, 6)]
  (9, 7) -> [(8, 7), (9, 6), (9, 8), (10, 7)]
  (9, 8) -> [(8, 8), (9, 7), (9, 9), (10, 8)]
  (9, 9) -> [(8, 9), (9, 8)]
  (10, 0) -> [(9, 0), (10, 1), (11, 0)]
  (10, 1) -> [(9, 1), (10, 0), (11, 1)]
  (10, 2) -> [(10, 3), (11, 2)]
  (10, 3) -> [(10, 2), (11, 3)]
  (10, 4) -> [(10, 5), (11, 4)]
  (10, 5) -> [(9, 5), (10, 4), (11, 5)]
  (10, 6) -> [(9, 6), (10, 7)]
  (10, 7) -> [(9, 7), (10, 6), (10, 8), (11, 7)]
  (10, 8) -> [(9, 8), (10, 7), (10, 9), (11, 8)]
  (10, 9) -> [(10, 8)]
  (11, 0) -> [(10, 0), (11, 1)]
  (11, 1) -> [(10, 1), (11, 0), (11, 2)]
  (11, 2) -> [(10, 2), (11, 1), (11, 3)]
  (11, 3) -> [(10, 3), (11, 2)]
  (11, 4) -> [(10, 4), (11, 5)]
  (11, 5) -> [(10, 5), (11, 4)]
  (11, 6) -> [(11, 7)]
  (11, 7) -> [(10, 7), (11, 6), (11, 8)]
  (11, 8) -> [(10, 8), (11, 7)]
parent_path: {}
exploration_queue: [(10, 6), (9, 9), (6, 10), (5, 9), (5, 7), (9, 2), (11, 8), (11, 6), (10, 9)]

2025-07-31 20:37:09,690 - DEBUG - 
=== VISUAL BOARD - STEP 104 - BFS-EXPLORATION ===
   0  1  2  3  4  5  6  7  8  9 10 11
11 .  .  .  .  .  .  .  .  .  .  .  .   11
10 .  .  .  .  .  .  V  .  .  .  .  .   10
 9 .  .  .  .  .  V  V  V  V  V  V  .    9
 8 .  V  V  V  V  V  V  V  V  V  R  V    8
 7 V  V  V  V  V  V  V  V  V  V  V  V    7
 6 V  V  V  V  V  V  V  V  V  V  V  V    6
 5 V  V  V  V  V  V  V  V  V  V  V  V    5
 4 V  V  V  V  V  V  V  V  V  V  V  V    4
 3 V  V  V  V  V  V  V  V  V  V  V  V    3
 2 V  V  V  V  V  V  V  V  .  V  V  V    2
 1 V  V  V  V  V  V  V  V  V  V  V  V    1
 0 V  V  V  V  V  V  V  V  V  V  V  V    0
   0  1  2  3  4  5  6  7  8  9 10 11
Legend: R=Robot, V=Visited, P=Path, .=Unvisited

2025-07-31 20:37:09,690 - INFO - BFS Exploration Step 105: Exploring (10, 6)
2025-07-31 20:37:09,690 - DEBUG - Moving down from (10, 8) to (10, 7)
2025-07-31 20:37:09,762 - DEBUG - Moving down from (10, 7) to (10, 6)
2025-07-31 20:37:09,832 - DEBUG - Sensor readings: {'front': 2000.0, 'right': 1309.3523165883848, 'back': 350.7794115213857, 'left': 1370.207759731043}
2025-07-31 20:37:09,832 - DEBUG - Wall detected down to (10, 5)
2025-07-31 20:37:09,832 - DEBUG - Added 0 new neighbors. Queue size: 8
2025-07-31 20:37:09,833 - DEBUG - 
=== STEP 105 DATA STRUCTURES ===
Current Cell: (10, 6)
explored_cells: [(0, 0), (0, 1), (0, 2), (0, 3), (0, 4), (0, 5), (0, 6), (0, 7), (1, 0), (1, 1), (1, 2), (1, 3), (1, 4), (1, 5), (1, 6), (1, 7), (1, 8), (2, 0), (2, 1), (2, 2), (2, 3), (2, 4), (2, 5), (2, 6), (2, 7), (2, 8), (3, 0), (3, 1), (3, 2), (3, 3), (3, 4), (3, 5), (3, 6), (3, 7), (3, 8), (4, 0), (4, 1), (4, 2), (4, 3), (4, 4), (4, 5), (4, 6), (4, 7), (4, 8), (5, 0), (5, 1), (5, 2), (5, 3), (5, 4), (5, 5), (5, 6), (5, 7), (5, 8), (5, 9), (6, 0), (6, 1), (6, 2), (6, 3), (6, 4), (6, 5), (6, 6), (6, 7), (6, 8), (6, 9), (6, 10), (7, 0), (7, 1), (7, 2), (7, 3), (7, 4), (7, 5), (7, 6), (7, 7), (7, 8), (7, 9), (8, 0), (8, 1), (8, 3), (8, 4), (8, 5), (8, 6), (8, 7), (8, 8), (8, 9), (9, 0), (9, 1), (9, 2), (9, 3), (9, 4), (9, 5), (9, 6), (9, 7), (9, 8), (9, 9), (10, 0), (10, 1), (10, 2), (10, 3), (10, 4), (10, 5), (10, 6), (10, 7), (10, 8), (10, 9), (11, 0), (11, 1), (11, 2), (11, 3), (11, 4), (11, 5), (11, 6), (11, 7), (11, 8)]
accessible_from:
  (0, 0) -> [(0, 1), (1, 0)]
  (0, 1) -> [(0, 0), (1, 1)]
  (0, 2) -> [(0, 3)]
  (0, 3) -> [(0, 2), (0, 4)]
  (0, 4) -> [(0, 3), (0, 5)]
  (0, 5) -> [(0, 4), (0, 6), (1, 5)]
  (0, 6) -> [(0, 5), (0, 7), (1, 6)]
  (0, 7) -> [(0, 6)]
  (1, 0) -> [(0, 0), (1, 1), (2, 0)]
  (1, 1) -> [(0, 1), (1, 0), (2, 1)]
  (1, 2) -> [(1, 3), (2, 2)]
  (1, 3) -> [(1, 2), (2, 3)]
  (1, 4) -> [(1, 5), (2, 4)]
  (1, 5) -> [(0, 5), (1, 4), (2, 5)]
  (1, 6) -> [(0, 6), (1, 7)]
  (1, 7) -> [(1, 6), (2, 7)]
  (1, 8) -> [(2, 8)]
  (2, 0) -> [(1, 0), (3, 0)]
  (2, 1) -> [(1, 1), (2, 2)]
  (2, 2) -> [(1, 2), (2, 1), (3, 2)]
  (2, 3) -> [(1, 3), (2, 4), (3, 3)]
  (2, 4) -> [(1, 4), (2, 3), (3, 4)]
  (2, 5) -> [(1, 5), (2, 6), (3, 5)]
  (2, 6) -> [(2, 5), (3, 6)]
  (2, 7) -> [(1, 7), (2, 8), (3, 7)]
  (2, 8) -> [(1, 8), (2, 7), (3, 8)]
  (3, 0) -> [(2, 0), (4, 0)]
  (3, 1) -> [(3, 2), (4, 1)]
  (3, 2) -> [(2, 2), (3, 1), (4, 2)]
  (3, 3) -> [(2, 3), (3, 4), (4, 3)]
  (3, 4) -> [(2, 4), (3, 3), (4, 4)]
  (3, 5) -> [(2, 5), (3, 6), (4, 5)]
  (3, 6) -> [(2, 6), (3, 5), (4, 6)]
  (3, 7) -> [(2, 7), (3, 8), (4, 7)]
  (3, 8) -> [(2, 8), (3, 7)]
  (4, 0) -> [(3, 0), (5, 0)]
  (4, 1) -> [(3, 1), (4, 2), (5, 1)]
  (4, 2) -> [(3, 2), (4, 1)]
  (4, 3) -> [(3, 3), (4, 4), (5, 3)]
  (4, 4) -> [(3, 4), (4, 3), (5, 4)]
  (4, 5) -> [(3, 5), (4, 6)]
  (4, 6) -> [(3, 6), (4, 5)]
  (4, 7) -> [(3, 7), (4, 8)]
  (4, 8) -> [(4, 7), (5, 8)]
  (5, 0) -> [(4, 0), (5, 1), (6, 0)]
  (5, 1) -> [(4, 1), (5, 0), (5, 2), (6, 1)]
  (5, 2) -> [(5, 1), (6, 2)]
  (5, 3) -> [(4, 3), (5, 4), (6, 3)]
  (5, 4) -> [(4, 4), (5, 3)]
  (5, 5) -> [(5, 6), (6, 5)]
  (5, 6) -> [(5, 5), (6, 6)]
  (5, 7) -> [(5, 8), (6, 7)]
  (5, 8) -> [(4, 8), (5, 7), (6, 8)]
  (5, 9) -> [(6, 9)]
  (6, 0) -> [(5, 0), (6, 1), (7, 0)]
  (6, 1) -> [(5, 1), (6, 0), (7, 1)]
  (6, 2) -> [(5, 2), (7, 2)]
  (6, 3) -> [(5, 3), (6, 4), (7, 3)]
  (6, 4) -> [(6, 3), (6, 5), (7, 4)]
  (6, 5) -> [(5, 5), (6, 4), (6, 6), (7, 5)]
  (6, 6) -> [(5, 6), (6, 5), (7, 6)]
  (6, 7) -> [(5, 7), (6, 8)]
  (6, 8) -> [(5, 8), (6, 7), (7, 8)]
  (6, 9) -> [(5, 9), (6, 10), (7, 9)]
  (6, 10) -> [(6, 9)]
  (7, 0) -> [(6, 0), (7, 1), (8, 0)]
  (7, 1) -> [(6, 1), (7, 0), (8, 1)]
  (7, 2) -> [(6, 2)]
  (7, 3) -> [(6, 3), (7, 4)]
  (7, 4) -> [(6, 4), (7, 3)]
  (7, 5) -> [(6, 5), (7, 6), (8, 5)]
  (7, 6) -> [(6, 6), (7, 5), (7, 7), (8, 6)]
  (7, 7) -> [(7, 6), (7, 8), (8, 7)]
  (7, 8) -> [(6, 8), (7, 7), (7, 9)]
  (7, 9) -> [(6, 9), (7, 8), (8, 9)]
  (8, 0) -> [(7, 0), (8, 1), (9, 0)]
  (8, 1) -> [(7, 1), (8, 0)]
  (8, 3) -> [(8, 4), (9, 3)]
  (8, 4) -> [(8, 3), (9, 4)]
  (8, 5) -> [(7, 5), (9, 5)]
  (8, 6) -> [(7, 6), (8, 7)]
  (8, 7) -> [(7, 7), (8, 6), (8, 8), (9, 7)]
  (8, 8) -> [(8, 7), (8, 9), (9, 8)]
  (8, 9) -> [(7, 9), (8, 8), (9, 9)]
  (9, 0) -> [(8, 0), (9, 1), (10, 0)]
  (9, 1) -> [(9, 0), (10, 1)]
  (9, 2) -> [(9, 3)]
  (9, 3) -> [(8, 3), (9, 2)]
  (9, 4) -> [(8, 4), (9, 5)]
  (9, 5) -> [(8, 5), (9, 4), (10, 5)]
  (9, 6) -> [(9, 7), (10, 6)]
  (9, 7) -> [(8, 7), (9, 6), (9, 8), (10, 7)]
  (9, 8) -> [(8, 8), (9, 7), (9, 9), (10, 8)]
  (9, 9) -> [(8, 9), (9, 8)]
  (10, 0) -> [(9, 0), (10, 1), (11, 0)]
  (10, 1) -> [(9, 1), (10, 0), (11, 1)]
  (10, 2) -> [(10, 3), (11, 2)]
  (10, 3) -> [(10, 2), (11, 3)]
  (10, 4) -> [(10, 5), (11, 4)]
  (10, 5) -> [(9, 5), (10, 4), (11, 5)]
  (10, 6) -> [(9, 6), (10, 7), (11, 6)]
  (10, 7) -> [(9, 7), (10, 6), (10, 8), (11, 7)]
  (10, 8) -> [(9, 8), (10, 7), (10, 9), (11, 8)]
  (10, 9) -> [(10, 8)]
  (11, 0) -> [(10, 0), (11, 1)]
  (11, 1) -> [(10, 1), (11, 0), (11, 2)]
  (11, 2) -> [(10, 2), (11, 1), (11, 3)]
  (11, 3) -> [(10, 3), (11, 2)]
  (11, 4) -> [(10, 4), (11, 5)]
  (11, 5) -> [(10, 5), (11, 4)]
  (11, 6) -> [(10, 6), (11, 7)]
  (11, 7) -> [(10, 7), (11, 6), (11, 8)]
  (11, 8) -> [(10, 8), (11, 7)]
parent_path: {}
exploration_queue: [(9, 9), (6, 10), (5, 9), (5, 7), (9, 2), (11, 8), (11, 6), (10, 9)]

2025-07-31 20:37:09,833 - DEBUG - 
=== VISUAL BOARD - STEP 105 - BFS-EXPLORATION ===
   0  1  2  3  4  5  6  7  8  9 10 11
11 .  .  .  .  .  .  .  .  .  .  .  .   11
10 .  .  .  .  .  .  V  .  .  .  .  .   10
 9 .  .  .  .  .  V  V  V  V  V  V  .    9
 8 .  V  V  V  V  V  V  V  V  V  V  V    8
 7 V  V  V  V  V  V  V  V  V  V  V  V    7
 6 V  V  V  V  V  V  V  V  V  V  R  V    6
 5 V  V  V  V  V  V  V  V  V  V  V  V    5
 4 V  V  V  V  V  V  V  V  V  V  V  V    4
 3 V  V  V  V  V  V  V  V  V  V  V  V    3
 2 V  V  V  V  V  V  V  V  .  V  V  V    2
 1 V  V  V  V  V  V  V  V  V  V  V  V    1
 0 V  V  V  V  V  V  V  V  V  V  V  V    0
   0  1  2  3  4  5  6  7  8  9 10 11
Legend: R=Robot, V=Visited, P=Path, .=Unvisited

2025-07-31 20:37:09,833 - INFO - BFS Exploration Step 106: Exploring (9, 9)
2025-07-31 20:37:09,833 - DEBUG - Moving left from (10, 6) to (9, 6)
2025-07-31 20:37:09,937 - DEBUG - Moving up from (9, 6) to (9, 7)
2025-07-31 20:37:10,002 - DEBUG - Moving up from (9, 7) to (9, 8)
2025-07-31 20:37:10,084 - DEBUG - Moving up from (9, 8) to (9, 9)
2025-07-31 20:37:10,157 - DEBUG - Sensor readings: {'front': 341.53467069423397, 'right': 2000.0, 'back': 2000.0, 'left': 2000.0}
2025-07-31 20:37:10,157 - DEBUG - Wall detected up to (9, 10)
2025-07-31 20:37:10,157 - DEBUG - Added 0 new neighbors. Queue size: 7
2025-07-31 20:37:10,157 - DEBUG - 
=== STEP 106 DATA STRUCTURES ===
Current Cell: (9, 9)
explored_cells: [(0, 0), (0, 1), (0, 2), (0, 3), (0, 4), (0, 5), (0, 6), (0, 7), (1, 0), (1, 1), (1, 2), (1, 3), (1, 4), (1, 5), (1, 6), (1, 7), (1, 8), (2, 0), (2, 1), (2, 2), (2, 3), (2, 4), (2, 5), (2, 6), (2, 7), (2, 8), (3, 0), (3, 1), (3, 2), (3, 3), (3, 4), (3, 5), (3, 6), (3, 7), (3, 8), (4, 0), (4, 1), (4, 2), (4, 3), (4, 4), (4, 5), (4, 6), (4, 7), (4, 8), (5, 0), (5, 1), (5, 2), (5, 3), (5, 4), (5, 5), (5, 6), (5, 7), (5, 8), (5, 9), (6, 0), (6, 1), (6, 2), (6, 3), (6, 4), (6, 5), (6, 6), (6, 7), (6, 8), (6, 9), (6, 10), (7, 0), (7, 1), (7, 2), (7, 3), (7, 4), (7, 5), (7, 6), (7, 7), (7, 8), (7, 9), (8, 0), (8, 1), (8, 3), (8, 4), (8, 5), (8, 6), (8, 7), (8, 8), (8, 9), (9, 0), (9, 1), (9, 2), (9, 3), (9, 4), (9, 5), (9, 6), (9, 7), (9, 8), (9, 9), (10, 0), (10, 1), (10, 2), (10, 3), (10, 4), (10, 5), (10, 6), (10, 7), (10, 8), (10, 9), (11, 0), (11, 1), (11, 2), (11, 3), (11, 4), (11, 5), (11, 6), (11, 7), (11, 8)]
accessible_from:
  (0, 0) -> [(0, 1), (1, 0)]
  (0, 1) -> [(0, 0), (1, 1)]
  (0, 2) -> [(0, 3)]
  (0, 3) -> [(0, 2), (0, 4)]
  (0, 4) -> [(0, 3), (0, 5)]
  (0, 5) -> [(0, 4), (0, 6), (1, 5)]
  (0, 6) -> [(0, 5), (0, 7), (1, 6)]
  (0, 7) -> [(0, 6)]
  (1, 0) -> [(0, 0), (1, 1), (2, 0)]
  (1, 1) -> [(0, 1), (1, 0), (2, 1)]
  (1, 2) -> [(1, 3), (2, 2)]
  (1, 3) -> [(1, 2), (2, 3)]
  (1, 4) -> [(1, 5), (2, 4)]
  (1, 5) -> [(0, 5), (1, 4), (2, 5)]
  (1, 6) -> [(0, 6), (1, 7)]
  (1, 7) -> [(1, 6), (2, 7)]
  (1, 8) -> [(2, 8)]
  (2, 0) -> [(1, 0), (3, 0)]
  (2, 1) -> [(1, 1), (2, 2)]
  (2, 2) -> [(1, 2), (2, 1), (3, 2)]
  (2, 3) -> [(1, 3), (2, 4), (3, 3)]
  (2, 4) -> [(1, 4), (2, 3), (3, 4)]
  (2, 5) -> [(1, 5), (2, 6), (3, 5)]
  (2, 6) -> [(2, 5), (3, 6)]
  (2, 7) -> [(1, 7), (2, 8), (3, 7)]
  (2, 8) -> [(1, 8), (2, 7), (3, 8)]
  (3, 0) -> [(2, 0), (4, 0)]
  (3, 1) -> [(3, 2), (4, 1)]
  (3, 2) -> [(2, 2), (3, 1), (4, 2)]
  (3, 3) -> [(2, 3), (3, 4), (4, 3)]
  (3, 4) -> [(2, 4), (3, 3), (4, 4)]
  (3, 5) -> [(2, 5), (3, 6), (4, 5)]
  (3, 6) -> [(2, 6), (3, 5), (4, 6)]
  (3, 7) -> [(2, 7), (3, 8), (4, 7)]
  (3, 8) -> [(2, 8), (3, 7)]
  (4, 0) -> [(3, 0), (5, 0)]
  (4, 1) -> [(3, 1), (4, 2), (5, 1)]
  (4, 2) -> [(3, 2), (4, 1)]
  (4, 3) -> [(3, 3), (4, 4), (5, 3)]
  (4, 4) -> [(3, 4), (4, 3), (5, 4)]
  (4, 5) -> [(3, 5), (4, 6)]
  (4, 6) -> [(3, 6), (4, 5)]
  (4, 7) -> [(3, 7), (4, 8)]
  (4, 8) -> [(4, 7), (5, 8)]
  (5, 0) -> [(4, 0), (5, 1), (6, 0)]
  (5, 1) -> [(4, 1), (5, 0), (5, 2), (6, 1)]
  (5, 2) -> [(5, 1), (6, 2)]
  (5, 3) -> [(4, 3), (5, 4), (6, 3)]
  (5, 4) -> [(4, 4), (5, 3)]
  (5, 5) -> [(5, 6), (6, 5)]
  (5, 6) -> [(5, 5), (6, 6)]
  (5, 7) -> [(5, 8), (6, 7)]
  (5, 8) -> [(4, 8), (5, 7), (6, 8)]
  (5, 9) -> [(6, 9)]
  (6, 0) -> [(5, 0), (6, 1), (7, 0)]
  (6, 1) -> [(5, 1), (6, 0), (7, 1)]
  (6, 2) -> [(5, 2), (7, 2)]
  (6, 3) -> [(5, 3), (6, 4), (7, 3)]
  (6, 4) -> [(6, 3), (6, 5), (7, 4)]
  (6, 5) -> [(5, 5), (6, 4), (6, 6), (7, 5)]
  (6, 6) -> [(5, 6), (6, 5), (7, 6)]
  (6, 7) -> [(5, 7), (6, 8)]
  (6, 8) -> [(5, 8), (6, 7), (7, 8)]
  (6, 9) -> [(5, 9), (6, 10), (7, 9)]
  (6, 10) -> [(6, 9)]
  (7, 0) -> [(6, 0), (7, 1), (8, 0)]
  (7, 1) -> [(6, 1), (7, 0), (8, 1)]
  (7, 2) -> [(6, 2)]
  (7, 3) -> [(6, 3), (7, 4)]
  (7, 4) -> [(6, 4), (7, 3)]
  (7, 5) -> [(6, 5), (7, 6), (8, 5)]
  (7, 6) -> [(6, 6), (7, 5), (7, 7), (8, 6)]
  (7, 7) -> [(7, 6), (7, 8), (8, 7)]
  (7, 8) -> [(6, 8), (7, 7), (7, 9)]
  (7, 9) -> [(6, 9), (7, 8), (8, 9)]
  (8, 0) -> [(7, 0), (8, 1), (9, 0)]
  (8, 1) -> [(7, 1), (8, 0)]
  (8, 3) -> [(8, 4), (9, 3)]
  (8, 4) -> [(8, 3), (9, 4)]
  (8, 5) -> [(7, 5), (9, 5)]
  (8, 6) -> [(7, 6), (8, 7)]
  (8, 7) -> [(7, 7), (8, 6), (8, 8), (9, 7)]
  (8, 8) -> [(8, 7), (8, 9), (9, 8)]
  (8, 9) -> [(7, 9), (8, 8), (9, 9)]
  (9, 0) -> [(8, 0), (9, 1), (10, 0)]
  (9, 1) -> [(9, 0), (10, 1)]
  (9, 2) -> [(9, 3)]
  (9, 3) -> [(8, 3), (9, 2)]
  (9, 4) -> [(8, 4), (9, 5)]
  (9, 5) -> [(8, 5), (9, 4), (10, 5)]
  (9, 6) -> [(9, 7), (10, 6)]
  (9, 7) -> [(8, 7), (9, 6), (9, 8), (10, 7)]
  (9, 8) -> [(8, 8), (9, 7), (9, 9), (10, 8)]
  (9, 9) -> [(8, 9), (9, 8), (10, 9)]
  (10, 0) -> [(9, 0), (10, 1), (11, 0)]
  (10, 1) -> [(9, 1), (10, 0), (11, 1)]
  (10, 2) -> [(10, 3), (11, 2)]
  (10, 3) -> [(10, 2), (11, 3)]
  (10, 4) -> [(10, 5), (11, 4)]
  (10, 5) -> [(9, 5), (10, 4), (11, 5)]
  (10, 6) -> [(9, 6), (10, 7), (11, 6)]
  (10, 7) -> [(9, 7), (10, 6), (10, 8), (11, 7)]
  (10, 8) -> [(9, 8), (10, 7), (10, 9), (11, 8)]
  (10, 9) -> [(9, 9), (10, 8)]
  (11, 0) -> [(10, 0), (11, 1)]
  (11, 1) -> [(10, 1), (11, 0), (11, 2)]
  (11, 2) -> [(10, 2), (11, 1), (11, 3)]
  (11, 3) -> [(10, 3), (11, 2)]
  (11, 4) -> [(10, 4), (11, 5)]
  (11, 5) -> [(10, 5), (11, 4)]
  (11, 6) -> [(10, 6), (11, 7)]
  (11, 7) -> [(10, 7), (11, 6), (11, 8)]
  (11, 8) -> [(10, 8), (11, 7)]
parent_path: {}
exploration_queue: [(6, 10), (5, 9), (5, 7), (9, 2), (11, 8), (11, 6), (10, 9)]

2025-07-31 20:37:10,158 - DEBUG - 
=== VISUAL BOARD - STEP 106 - BFS-EXPLORATION ===
   0  1  2  3  4  5  6  7  8  9 10 11
11 .  .  .  .  .  .  .  .  .  .  .  .   11
10 .  .  .  .  .  .  V  .  .  .  .  .   10
 9 .  .  .  .  .  V  V  V  V  R  V  .    9
 8 .  V  V  V  V  V  V  V  V  V  V  V    8
 7 V  V  V  V  V  V  V  V  V  V  V  V    7
 6 V  V  V  V  V  V  V  V  V  V  V  V    6
 5 V  V  V  V  V  V  V  V  V  V  V  V    5
 4 V  V  V  V  V  V  V  V  V  V  V  V    4
 3 V  V  V  V  V  V  V  V  V  V  V  V    3
 2 V  V  V  V  V  V  V  V  .  V  V  V    2
 1 V  V  V  V  V  V  V  V  V  V  V  V    1
 0 V  V  V  V  V  V  V  V  V  V  V  V    0
   0  1  2  3  4  5  6  7  8  9 10 11
Legend: R=Robot, V=Visited, P=Path, .=Unvisited

2025-07-31 20:37:10,158 - INFO - BFS Exploration Step 107: Exploring (6, 10)
2025-07-31 20:37:10,158 - DEBUG - Moving left from (9, 9) to (8, 9)
2025-07-31 20:37:10,251 - DEBUG - Moving left from (8, 9) to (7, 9)
2025-07-31 20:37:10,358 - DEBUG - Moving left from (7, 9) to (6, 9)
2025-07-31 20:37:10,463 - DEBUG - Moving up from (6, 9) to (6, 10)
2025-07-31 20:37:10,534 - DEBUG - Sensor readings: {'front': 1380.513011888843, 'right': 359.3459527531914, 'back': 1300.6574798377158, 'left': 278.96375380939844}
2025-07-31 20:37:10,534 - DEBUG - Wall detected right to (7, 10)
2025-07-31 20:37:10,534 - DEBUG - Added neighbor up: (6, 11)
2025-07-31 20:37:10,534 - DEBUG - Wall detected left to (5, 10)
2025-07-31 20:37:10,534 - DEBUG - Added 1 new neighbors. Queue size: 7
2025-07-31 20:37:10,535 - DEBUG - 
=== STEP 107 DATA STRUCTURES ===
Current Cell: (6, 10)
explored_cells: [(0, 0), (0, 1), (0, 2), (0, 3), (0, 4), (0, 5), (0, 6), (0, 7), (1, 0), (1, 1), (1, 2), (1, 3), (1, 4), (1, 5), (1, 6), (1, 7), (1, 8), (2, 0), (2, 1), (2, 2), (2, 3), (2, 4), (2, 5), (2, 6), (2, 7), (2, 8), (3, 0), (3, 1), (3, 2), (3, 3), (3, 4), (3, 5), (3, 6), (3, 7), (3, 8), (4, 0), (4, 1), (4, 2), (4, 3), (4, 4), (4, 5), (4, 6), (4, 7), (4, 8), (5, 0), (5, 1), (5, 2), (5, 3), (5, 4), (5, 5), (5, 6), (5, 7), (5, 8), (5, 9), (6, 0), (6, 1), (6, 2), (6, 3), (6, 4), (6, 5), (6, 6), (6, 7), (6, 8), (6, 9), (6, 10), (6, 11), (7, 0), (7, 1), (7, 2), (7, 3), (7, 4), (7, 5), (7, 6), (7, 7), (7, 8), (7, 9), (8, 0), (8, 1), (8, 3), (8, 4), (8, 5), (8, 6), (8, 7), (8, 8), (8, 9), (9, 0), (9, 1), (9, 2), (9, 3), (9, 4), (9, 5), (9, 6), (9, 7), (9, 8), (9, 9), (10, 0), (10, 1), (10, 2), (10, 3), (10, 4), (10, 5), (10, 6), (10, 7), (10, 8), (10, 9), (11, 0), (11, 1), (11, 2), (11, 3), (11, 4), (11, 5), (11, 6), (11, 7), (11, 8)]
accessible_from:
  (0, 0) -> [(0, 1), (1, 0)]
  (0, 1) -> [(0, 0), (1, 1)]
  (0, 2) -> [(0, 3)]
  (0, 3) -> [(0, 2), (0, 4)]
  (0, 4) -> [(0, 3), (0, 5)]
  (0, 5) -> [(0, 4), (0, 6), (1, 5)]
  (0, 6) -> [(0, 5), (0, 7), (1, 6)]
  (0, 7) -> [(0, 6)]
  (1, 0) -> [(0, 0), (1, 1), (2, 0)]
  (1, 1) -> [(0, 1), (1, 0), (2, 1)]
  (1, 2) -> [(1, 3), (2, 2)]
  (1, 3) -> [(1, 2), (2, 3)]
  (1, 4) -> [(1, 5), (2, 4)]
  (1, 5) -> [(0, 5), (1, 4), (2, 5)]
  (1, 6) -> [(0, 6), (1, 7)]
  (1, 7) -> [(1, 6), (2, 7)]
  (1, 8) -> [(2, 8)]
  (2, 0) -> [(1, 0), (3, 0)]
  (2, 1) -> [(1, 1), (2, 2)]
  (2, 2) -> [(1, 2), (2, 1), (3, 2)]
  (2, 3) -> [(1, 3), (2, 4), (3, 3)]
  (2, 4) -> [(1, 4), (2, 3), (3, 4)]
  (2, 5) -> [(1, 5), (2, 6), (3, 5)]
  (2, 6) -> [(2, 5), (3, 6)]
  (2, 7) -> [(1, 7), (2, 8), (3, 7)]
  (2, 8) -> [(1, 8), (2, 7), (3, 8)]
  (3, 0) -> [(2, 0), (4, 0)]
  (3, 1) -> [(3, 2), (4, 1)]
  (3, 2) -> [(2, 2), (3, 1), (4, 2)]
  (3, 3) -> [(2, 3), (3, 4), (4, 3)]
  (3, 4) -> [(2, 4), (3, 3), (4, 4)]
  (3, 5) -> [(2, 5), (3, 6), (4, 5)]
  (3, 6) -> [(2, 6), (3, 5), (4, 6)]
  (3, 7) -> [(2, 7), (3, 8), (4, 7)]
  (3, 8) -> [(2, 8), (3, 7)]
  (4, 0) -> [(3, 0), (5, 0)]
  (4, 1) -> [(3, 1), (4, 2), (5, 1)]
  (4, 2) -> [(3, 2), (4, 1)]
  (4, 3) -> [(3, 3), (4, 4), (5, 3)]
  (4, 4) -> [(3, 4), (4, 3), (5, 4)]
  (4, 5) -> [(3, 5), (4, 6)]
  (4, 6) -> [(3, 6), (4, 5)]
  (4, 7) -> [(3, 7), (4, 8)]
  (4, 8) -> [(4, 7), (5, 8)]
  (5, 0) -> [(4, 0), (5, 1), (6, 0)]
  (5, 1) -> [(4, 1), (5, 0), (5, 2), (6, 1)]
  (5, 2) -> [(5, 1), (6, 2)]
  (5, 3) -> [(4, 3), (5, 4), (6, 3)]
  (5, 4) -> [(4, 4), (5, 3)]
  (5, 5) -> [(5, 6), (6, 5)]
  (5, 6) -> [(5, 5), (6, 6)]
  (5, 7) -> [(5, 8), (6, 7)]
  (5, 8) -> [(4, 8), (5, 7), (6, 8)]
  (5, 9) -> [(6, 9)]
  (6, 0) -> [(5, 0), (6, 1), (7, 0)]
  (6, 1) -> [(5, 1), (6, 0), (7, 1)]
  (6, 2) -> [(5, 2), (7, 2)]
  (6, 3) -> [(5, 3), (6, 4), (7, 3)]
  (6, 4) -> [(6, 3), (6, 5), (7, 4)]
  (6, 5) -> [(5, 5), (6, 4), (6, 6), (7, 5)]
  (6, 6) -> [(5, 6), (6, 5), (7, 6)]
  (6, 7) -> [(5, 7), (6, 8)]
  (6, 8) -> [(5, 8), (6, 7), (7, 8)]
  (6, 9) -> [(5, 9), (6, 10), (7, 9)]
  (6, 10) -> [(6, 9), (6, 11)]
  (6, 11) -> [(6, 10)]
  (7, 0) -> [(6, 0), (7, 1), (8, 0)]
  (7, 1) -> [(6, 1), (7, 0), (8, 1)]
  (7, 2) -> [(6, 2)]
  (7, 3) -> [(6, 3), (7, 4)]
  (7, 4) -> [(6, 4), (7, 3)]
  (7, 5) -> [(6, 5), (7, 6), (8, 5)]
  (7, 6) -> [(6, 6), (7, 5), (7, 7), (8, 6)]
  (7, 7) -> [(7, 6), (7, 8), (8, 7)]
  (7, 8) -> [(6, 8), (7, 7), (7, 9)]
  (7, 9) -> [(6, 9), (7, 8), (8, 9)]
  (8, 0) -> [(7, 0), (8, 1), (9, 0)]
  (8, 1) -> [(7, 1), (8, 0)]
  (8, 3) -> [(8, 4), (9, 3)]
  (8, 4) -> [(8, 3), (9, 4)]
  (8, 5) -> [(7, 5), (9, 5)]
  (8, 6) -> [(7, 6), (8, 7)]
  (8, 7) -> [(7, 7), (8, 6), (8, 8), (9, 7)]
  (8, 8) -> [(8, 7), (8, 9), (9, 8)]
  (8, 9) -> [(7, 9), (8, 8), (9, 9)]
  (9, 0) -> [(8, 0), (9, 1), (10, 0)]
  (9, 1) -> [(9, 0), (10, 1)]
  (9, 2) -> [(9, 3)]
  (9, 3) -> [(8, 3), (9, 2)]
  (9, 4) -> [(8, 4), (9, 5)]
  (9, 5) -> [(8, 5), (9, 4), (10, 5)]
  (9, 6) -> [(9, 7), (10, 6)]
  (9, 7) -> [(8, 7), (9, 6), (9, 8), (10, 7)]
  (9, 8) -> [(8, 8), (9, 7), (9, 9), (10, 8)]
  (9, 9) -> [(8, 9), (9, 8), (10, 9)]
  (10, 0) -> [(9, 0), (10, 1), (11, 0)]
  (10, 1) -> [(9, 1), (10, 0), (11, 1)]
  (10, 2) -> [(10, 3), (11, 2)]
  (10, 3) -> [(10, 2), (11, 3)]
  (10, 4) -> [(10, 5), (11, 4)]
  (10, 5) -> [(9, 5), (10, 4), (11, 5)]
  (10, 6) -> [(9, 6), (10, 7), (11, 6)]
  (10, 7) -> [(9, 7), (10, 6), (10, 8), (11, 7)]
  (10, 8) -> [(9, 8), (10, 7), (10, 9), (11, 8)]
  (10, 9) -> [(9, 9), (10, 8)]
  (11, 0) -> [(10, 0), (11, 1)]
  (11, 1) -> [(10, 1), (11, 0), (11, 2)]
  (11, 2) -> [(10, 2), (11, 1), (11, 3)]
  (11, 3) -> [(10, 3), (11, 2)]
  (11, 4) -> [(10, 4), (11, 5)]
  (11, 5) -> [(10, 5), (11, 4)]
  (11, 6) -> [(10, 6), (11, 7)]
  (11, 7) -> [(10, 7), (11, 6), (11, 8)]
  (11, 8) -> [(10, 8), (11, 7)]
parent_path: {}
exploration_queue: [(5, 9), (5, 7), (9, 2), (11, 8), (11, 6), (10, 9), (6, 11)]

2025-07-31 20:37:10,535 - DEBUG - 
=== VISUAL BOARD - STEP 107 - BFS-EXPLORATION ===
   0  1  2  3  4  5  6  7  8  9 10 11
11 .  .  .  .  .  .  V  .  .  .  .  .   11
10 .  .  .  .  .  .  R  .  .  .  .  .   10
 9 .  .  .  .  .  V  V  V  V  V  V  .    9
 8 .  V  V  V  V  V  V  V  V  V  V  V    8
 7 V  V  V  V  V  V  V  V  V  V  V  V    7
 6 V  V  V  V  V  V  V  V  V  V  V  V    6
 5 V  V  V  V  V  V  V  V  V  V  V  V    5
 4 V  V  V  V  V  V  V  V  V  V  V  V    4
 3 V  V  V  V  V  V  V  V  V  V  V  V    3
 2 V  V  V  V  V  V  V  V  .  V  V  V    2
 1 V  V  V  V  V  V  V  V  V  V  V  V    1
 0 V  V  V  V  V  V  V  V  V  V  V  V    0
   0  1  2  3  4  5  6  7  8  9 10 11
Legend: R=Robot, V=Visited, P=Path, .=Unvisited

2025-07-31 20:37:10,535 - INFO - BFS Exploration Step 108: Exploring (5, 9)
2025-07-31 20:37:10,535 - DEBUG - Moving down from (6, 10) to (6, 9)
2025-07-31 20:37:10,610 - DEBUG - Moving left from (6, 9) to (5, 9)
2025-07-31 20:37:10,710 - DEBUG - Sensor readings: {'front': 2000.0, 'right': 2000.0, 'back': 297.78006144204846, 'left': 2000.0}
2025-07-31 20:37:10,711 - DEBUG - Added neighbor up: (5, 10)
2025-07-31 20:37:10,711 - DEBUG - Added neighbor left: (4, 9)
2025-07-31 20:37:10,711 - DEBUG - Wall detected down to (5, 8)
2025-07-31 20:37:10,711 - DEBUG - Added 2 new neighbors. Queue size: 8
2025-07-31 20:37:10,711 - DEBUG - 
=== STEP 108 DATA STRUCTURES ===
Current Cell: (5, 9)
explored_cells: [(0, 0), (0, 1), (0, 2), (0, 3), (0, 4), (0, 5), (0, 6), (0, 7), (1, 0), (1, 1), (1, 2), (1, 3), (1, 4), (1, 5), (1, 6), (1, 7), (1, 8), (2, 0), (2, 1), (2, 2), (2, 3), (2, 4), (2, 5), (2, 6), (2, 7), (2, 8), (3, 0), (3, 1), (3, 2), (3, 3), (3, 4), (3, 5), (3, 6), (3, 7), (3, 8), (4, 0), (4, 1), (4, 2), (4, 3), (4, 4), (4, 5), (4, 6), (4, 7), (4, 8), (4, 9), (5, 0), (5, 1), (5, 2), (5, 3), (5, 4), (5, 5), (5, 6), (5, 7), (5, 8), (5, 9), (5, 10), (6, 0), (6, 1), (6, 2), (6, 3), (6, 4), (6, 5), (6, 6), (6, 7), (6, 8), (6, 9), (6, 10), (6, 11), (7, 0), (7, 1), (7, 2), (7, 3), (7, 4), (7, 5), (7, 6), (7, 7), (7, 8), (7, 9), (8, 0), (8, 1), (8, 3), (8, 4), (8, 5), (8, 6), (8, 7), (8, 8), (8, 9), (9, 0), (9, 1), (9, 2), (9, 3), (9, 4), (9, 5), (9, 6), (9, 7), (9, 8), (9, 9), (10, 0), (10, 1), (10, 2), (10, 3), (10, 4), (10, 5), (10, 6), (10, 7), (10, 8), (10, 9), (11, 0), (11, 1), (11, 2), (11, 3), (11, 4), (11, 5), (11, 6), (11, 7), (11, 8)]
accessible_from:
  (0, 0) -> [(0, 1), (1, 0)]
  (0, 1) -> [(0, 0), (1, 1)]
  (0, 2) -> [(0, 3)]
  (0, 3) -> [(0, 2), (0, 4)]
  (0, 4) -> [(0, 3), (0, 5)]
  (0, 5) -> [(0, 4), (0, 6), (1, 5)]
  (0, 6) -> [(0, 5), (0, 7), (1, 6)]
  (0, 7) -> [(0, 6)]
  (1, 0) -> [(0, 0), (1, 1), (2, 0)]
  (1, 1) -> [(0, 1), (1, 0), (2, 1)]
  (1, 2) -> [(1, 3), (2, 2)]
  (1, 3) -> [(1, 2), (2, 3)]
  (1, 4) -> [(1, 5), (2, 4)]
  (1, 5) -> [(0, 5), (1, 4), (2, 5)]
  (1, 6) -> [(0, 6), (1, 7)]
  (1, 7) -> [(1, 6), (2, 7)]
  (1, 8) -> [(2, 8)]
  (2, 0) -> [(1, 0), (3, 0)]
  (2, 1) -> [(1, 1), (2, 2)]
  (2, 2) -> [(1, 2), (2, 1), (3, 2)]
  (2, 3) -> [(1, 3), (2, 4), (3, 3)]
  (2, 4) -> [(1, 4), (2, 3), (3, 4)]
  (2, 5) -> [(1, 5), (2, 6), (3, 5)]
  (2, 6) -> [(2, 5), (3, 6)]
  (2, 7) -> [(1, 7), (2, 8), (3, 7)]
  (2, 8) -> [(1, 8), (2, 7), (3, 8)]
  (3, 0) -> [(2, 0), (4, 0)]
  (3, 1) -> [(3, 2), (4, 1)]
  (3, 2) -> [(2, 2), (3, 1), (4, 2)]
  (3, 3) -> [(2, 3), (3, 4), (4, 3)]
  (3, 4) -> [(2, 4), (3, 3), (4, 4)]
  (3, 5) -> [(2, 5), (3, 6), (4, 5)]
  (3, 6) -> [(2, 6), (3, 5), (4, 6)]
  (3, 7) -> [(2, 7), (3, 8), (4, 7)]
  (3, 8) -> [(2, 8), (3, 7)]
  (4, 0) -> [(3, 0), (5, 0)]
  (4, 1) -> [(3, 1), (4, 2), (5, 1)]
  (4, 2) -> [(3, 2), (4, 1)]
  (4, 3) -> [(3, 3), (4, 4), (5, 3)]
  (4, 4) -> [(3, 4), (4, 3), (5, 4)]
  (4, 5) -> [(3, 5), (4, 6)]
  (4, 6) -> [(3, 6), (4, 5)]
  (4, 7) -> [(3, 7), (4, 8)]
  (4, 8) -> [(4, 7), (5, 8)]
  (4, 9) -> [(5, 9)]
  (5, 0) -> [(4, 0), (5, 1), (6, 0)]
  (5, 1) -> [(4, 1), (5, 0), (5, 2), (6, 1)]
  (5, 2) -> [(5, 1), (6, 2)]
  (5, 3) -> [(4, 3), (5, 4), (6, 3)]
  (5, 4) -> [(4, 4), (5, 3)]
  (5, 5) -> [(5, 6), (6, 5)]
  (5, 6) -> [(5, 5), (6, 6)]
  (5, 7) -> [(5, 8), (6, 7)]
  (5, 8) -> [(4, 8), (5, 7), (6, 8)]
  (5, 9) -> [(4, 9), (5, 10), (6, 9)]
  (5, 10) -> [(5, 9)]
  (6, 0) -> [(5, 0), (6, 1), (7, 0)]
  (6, 1) -> [(5, 1), (6, 0), (7, 1)]
  (6, 2) -> [(5, 2), (7, 2)]
  (6, 3) -> [(5, 3), (6, 4), (7, 3)]
  (6, 4) -> [(6, 3), (6, 5), (7, 4)]
  (6, 5) -> [(5, 5), (6, 4), (6, 6), (7, 5)]
  (6, 6) -> [(5, 6), (6, 5), (7, 6)]
  (6, 7) -> [(5, 7), (6, 8)]
  (6, 8) -> [(5, 8), (6, 7), (7, 8)]
  (6, 9) -> [(5, 9), (6, 10), (7, 9)]
  (6, 10) -> [(6, 9), (6, 11)]
  (6, 11) -> [(6, 10)]
  (7, 0) -> [(6, 0), (7, 1), (8, 0)]
  (7, 1) -> [(6, 1), (7, 0), (8, 1)]
  (7, 2) -> [(6, 2)]
  (7, 3) -> [(6, 3), (7, 4)]
  (7, 4) -> [(6, 4), (7, 3)]
  (7, 5) -> [(6, 5), (7, 6), (8, 5)]
  (7, 6) -> [(6, 6), (7, 5), (7, 7), (8, 6)]
  (7, 7) -> [(7, 6), (7, 8), (8, 7)]
  (7, 8) -> [(6, 8), (7, 7), (7, 9)]
  (7, 9) -> [(6, 9), (7, 8), (8, 9)]
  (8, 0) -> [(7, 0), (8, 1), (9, 0)]
  (8, 1) -> [(7, 1), (8, 0)]
  (8, 3) -> [(8, 4), (9, 3)]
  (8, 4) -> [(8, 3), (9, 4)]
  (8, 5) -> [(7, 5), (9, 5)]
  (8, 6) -> [(7, 6), (8, 7)]
  (8, 7) -> [(7, 7), (8, 6), (8, 8), (9, 7)]
  (8, 8) -> [(8, 7), (8, 9), (9, 8)]
  (8, 9) -> [(7, 9), (8, 8), (9, 9)]
  (9, 0) -> [(8, 0), (9, 1), (10, 0)]
  (9, 1) -> [(9, 0), (10, 1)]
  (9, 2) -> [(9, 3)]
  (9, 3) -> [(8, 3), (9, 2)]
  (9, 4) -> [(8, 4), (9, 5)]
  (9, 5) -> [(8, 5), (9, 4), (10, 5)]
  (9, 6) -> [(9, 7), (10, 6)]
  (9, 7) -> [(8, 7), (9, 6), (9, 8), (10, 7)]
  (9, 8) -> [(8, 8), (9, 7), (9, 9), (10, 8)]
  (9, 9) -> [(8, 9), (9, 8), (10, 9)]
  (10, 0) -> [(9, 0), (10, 1), (11, 0)]
  (10, 1) -> [(9, 1), (10, 0), (11, 1)]
  (10, 2) -> [(10, 3), (11, 2)]
  (10, 3) -> [(10, 2), (11, 3)]
  (10, 4) -> [(10, 5), (11, 4)]
  (10, 5) -> [(9, 5), (10, 4), (11, 5)]
  (10, 6) -> [(9, 6), (10, 7), (11, 6)]
  (10, 7) -> [(9, 7), (10, 6), (10, 8), (11, 7)]
  (10, 8) -> [(9, 8), (10, 7), (10, 9), (11, 8)]
  (10, 9) -> [(9, 9), (10, 8)]
  (11, 0) -> [(10, 0), (11, 1)]
  (11, 1) -> [(10, 1), (11, 0), (11, 2)]
  (11, 2) -> [(10, 2), (11, 1), (11, 3)]
  (11, 3) -> [(10, 3), (11, 2)]
  (11, 4) -> [(10, 4), (11, 5)]
  (11, 5) -> [(10, 5), (11, 4)]
  (11, 6) -> [(10, 6), (11, 7)]
  (11, 7) -> [(10, 7), (11, 6), (11, 8)]
  (11, 8) -> [(10, 8), (11, 7)]
parent_path: {}
exploration_queue: [(5, 7), (9, 2), (11, 8), (11, 6), (10, 9), (6, 11), (5, 10), (4, 9)]

2025-07-31 20:37:10,711 - DEBUG - 
=== VISUAL BOARD - STEP 108 - BFS-EXPLORATION ===
   0  1  2  3  4  5  6  7  8  9 10 11
11 .  .  .  .  .  .  V  .  .  .  .  .   11
10 .  .  .  .  .  V  V  .  .  .  .  .   10
 9 .  .  .  .  V  R  V  V  V  V  V  .    9
 8 .  V  V  V  V  V  V  V  V  V  V  V    8
 7 V  V  V  V  V  V  V  V  V  V  V  V    7
 6 V  V  V  V  V  V  V  V  V  V  V  V    6
 5 V  V  V  V  V  V  V  V  V  V  V  V    5
 4 V  V  V  V  V  V  V  V  V  V  V  V    4
 3 V  V  V  V  V  V  V  V  V  V  V  V    3
 2 V  V  V  V  V  V  V  V  .  V  V  V    2
 1 V  V  V  V  V  V  V  V  V  V  V  V    1
 0 V  V  V  V  V  V  V  V  V  V  V  V    0
   0  1  2  3  4  5  6  7  8  9 10 11
Legend: R=Robot, V=Visited, P=Path, .=Unvisited

2025-07-31 20:37:10,711 - INFO - BFS Exploration Step 109: Exploring (5, 7)
2025-07-31 20:37:10,711 - DEBUG - Moving right from (5, 9) to (6, 9)
2025-07-31 20:37:10,807 - DEBUG - Moving right from (6, 9) to (7, 9)
2025-07-31 20:37:10,901 - DEBUG - Moving down from (7, 9) to (7, 8)
2025-07-31 20:37:10,977 - DEBUG - Moving left from (7, 8) to (6, 8)
2025-07-31 20:37:11,075 - DEBUG - Moving down from (6, 8) to (6, 7)
2025-07-31 20:37:11,153 - DEBUG - Moving left from (6, 7) to (5, 7)
2025-07-31 20:37:11,266 - DEBUG - Sensor readings: {'front': 1360.713243977479, 'right': 1293.9928506315507, 'back': 298.07232735160613, 'left': 365.05332242743447}
2025-07-31 20:37:11,266 - DEBUG - Wall detected left to (4, 7)
2025-07-31 20:37:11,266 - DEBUG - Wall detected down to (5, 6)
2025-07-31 20:37:11,266 - DEBUG - Added 0 new neighbors. Queue size: 7
2025-07-31 20:37:11,267 - DEBUG - 
=== STEP 109 DATA STRUCTURES ===
Current Cell: (5, 7)
explored_cells: [(0, 0), (0, 1), (0, 2), (0, 3), (0, 4), (0, 5), (0, 6), (0, 7), (1, 0), (1, 1), (1, 2), (1, 3), (1, 4), (1, 5), (1, 6), (1, 7), (1, 8), (2, 0), (2, 1), (2, 2), (2, 3), (2, 4), (2, 5), (2, 6), (2, 7), (2, 8), (3, 0), (3, 1), (3, 2), (3, 3), (3, 4), (3, 5), (3, 6), (3, 7), (3, 8), (4, 0), (4, 1), (4, 2), (4, 3), (4, 4), (4, 5), (4, 6), (4, 7), (4, 8), (4, 9), (5, 0), (5, 1), (5, 2), (5, 3), (5, 4), (5, 5), (5, 6), (5, 7), (5, 8), (5, 9), (5, 10), (6, 0), (6, 1), (6, 2), (6, 3), (6, 4), (6, 5), (6, 6), (6, 7), (6, 8), (6, 9), (6, 10), (6, 11), (7, 0), (7, 1), (7, 2), (7, 3), (7, 4), (7, 5), (7, 6), (7, 7), (7, 8), (7, 9), (8, 0), (8, 1), (8, 3), (8, 4), (8, 5), (8, 6), (8, 7), (8, 8), (8, 9), (9, 0), (9, 1), (9, 2), (9, 3), (9, 4), (9, 5), (9, 6), (9, 7), (9, 8), (9, 9), (10, 0), (10, 1), (10, 2), (10, 3), (10, 4), (10, 5), (10, 6), (10, 7), (10, 8), (10, 9), (11, 0), (11, 1), (11, 2), (11, 3), (11, 4), (11, 5), (11, 6), (11, 7), (11, 8)]
accessible_from:
  (0, 0) -> [(0, 1), (1, 0)]
  (0, 1) -> [(0, 0), (1, 1)]
  (0, 2) -> [(0, 3)]
  (0, 3) -> [(0, 2), (0, 4)]
  (0, 4) -> [(0, 3), (0, 5)]
  (0, 5) -> [(0, 4), (0, 6), (1, 5)]
  (0, 6) -> [(0, 5), (0, 7), (1, 6)]
  (0, 7) -> [(0, 6)]
  (1, 0) -> [(0, 0), (1, 1), (2, 0)]
  (1, 1) -> [(0, 1), (1, 0), (2, 1)]
  (1, 2) -> [(1, 3), (2, 2)]
  (1, 3) -> [(1, 2), (2, 3)]
  (1, 4) -> [(1, 5), (2, 4)]
  (1, 5) -> [(0, 5), (1, 4), (2, 5)]
  (1, 6) -> [(0, 6), (1, 7)]
  (1, 7) -> [(1, 6), (2, 7)]
  (1, 8) -> [(2, 8)]
  (2, 0) -> [(1, 0), (3, 0)]
  (2, 1) -> [(1, 1), (2, 2)]
  (2, 2) -> [(1, 2), (2, 1), (3, 2)]
  (2, 3) -> [(1, 3), (2, 4), (3, 3)]
  (2, 4) -> [(1, 4), (2, 3), (3, 4)]
  (2, 5) -> [(1, 5), (2, 6), (3, 5)]
  (2, 6) -> [(2, 5), (3, 6)]
  (2, 7) -> [(1, 7), (2, 8), (3, 7)]
  (2, 8) -> [(1, 8), (2, 7), (3, 8)]
  (3, 0) -> [(2, 0), (4, 0)]
  (3, 1) -> [(3, 2), (4, 1)]
  (3, 2) -> [(2, 2), (3, 1), (4, 2)]
  (3, 3) -> [(2, 3), (3, 4), (4, 3)]
  (3, 4) -> [(2, 4), (3, 3), (4, 4)]
  (3, 5) -> [(2, 5), (3, 6), (4, 5)]
  (3, 6) -> [(2, 6), (3, 5), (4, 6)]
  (3, 7) -> [(2, 7), (3, 8), (4, 7)]
  (3, 8) -> [(2, 8), (3, 7)]
  (4, 0) -> [(3, 0), (5, 0)]
  (4, 1) -> [(3, 1), (4, 2), (5, 1)]
  (4, 2) -> [(3, 2), (4, 1)]
  (4, 3) -> [(3, 3), (4, 4), (5, 3)]
  (4, 4) -> [(3, 4), (4, 3), (5, 4)]
  (4, 5) -> [(3, 5), (4, 6)]
  (4, 6) -> [(3, 6), (4, 5)]
  (4, 7) -> [(3, 7), (4, 8)]
  (4, 8) -> [(4, 7), (5, 8)]
  (4, 9) -> [(5, 9)]
  (5, 0) -> [(4, 0), (5, 1), (6, 0)]
  (5, 1) -> [(4, 1), (5, 0), (5, 2), (6, 1)]
  (5, 2) -> [(5, 1), (6, 2)]
  (5, 3) -> [(4, 3), (5, 4), (6, 3)]
  (5, 4) -> [(4, 4), (5, 3)]
  (5, 5) -> [(5, 6), (6, 5)]
  (5, 6) -> [(5, 5), (6, 6)]
  (5, 7) -> [(5, 8), (6, 7)]
  (5, 8) -> [(4, 8), (5, 7), (6, 8)]
  (5, 9) -> [(4, 9), (5, 10), (6, 9)]
  (5, 10) -> [(5, 9)]
  (6, 0) -> [(5, 0), (6, 1), (7, 0)]
  (6, 1) -> [(5, 1), (6, 0), (7, 1)]
  (6, 2) -> [(5, 2), (7, 2)]
  (6, 3) -> [(5, 3), (6, 4), (7, 3)]
  (6, 4) -> [(6, 3), (6, 5), (7, 4)]
  (6, 5) -> [(5, 5), (6, 4), (6, 6), (7, 5)]
  (6, 6) -> [(5, 6), (6, 5), (7, 6)]
  (6, 7) -> [(5, 7), (6, 8)]
  (6, 8) -> [(5, 8), (6, 7), (7, 8)]
  (6, 9) -> [(5, 9), (6, 10), (7, 9)]
  (6, 10) -> [(6, 9), (6, 11)]
  (6, 11) -> [(6, 10)]
  (7, 0) -> [(6, 0), (7, 1), (8, 0)]
  (7, 1) -> [(6, 1), (7, 0), (8, 1)]
  (7, 2) -> [(6, 2)]
  (7, 3) -> [(6, 3), (7, 4)]
  (7, 4) -> [(6, 4), (7, 3)]
  (7, 5) -> [(6, 5), (7, 6), (8, 5)]
  (7, 6) -> [(6, 6), (7, 5), (7, 7), (8, 6)]
  (7, 7) -> [(7, 6), (7, 8), (8, 7)]
  (7, 8) -> [(6, 8), (7, 7), (7, 9)]
  (7, 9) -> [(6, 9), (7, 8), (8, 9)]
  (8, 0) -> [(7, 0), (8, 1), (9, 0)]
  (8, 1) -> [(7, 1), (8, 0)]
  (8, 3) -> [(8, 4), (9, 3)]
  (8, 4) -> [(8, 3), (9, 4)]
  (8, 5) -> [(7, 5), (9, 5)]
  (8, 6) -> [(7, 6), (8, 7)]
  (8, 7) -> [(7, 7), (8, 6), (8, 8), (9, 7)]
  (8, 8) -> [(8, 7), (8, 9), (9, 8)]
  (8, 9) -> [(7, 9), (8, 8), (9, 9)]
  (9, 0) -> [(8, 0), (9, 1), (10, 0)]
  (9, 1) -> [(9, 0), (10, 1)]
  (9, 2) -> [(9, 3)]
  (9, 3) -> [(8, 3), (9, 2)]
  (9, 4) -> [(8, 4), (9, 5)]
  (9, 5) -> [(8, 5), (9, 4), (10, 5)]
  (9, 6) -> [(9, 7), (10, 6)]
  (9, 7) -> [(8, 7), (9, 6), (9, 8), (10, 7)]
  (9, 8) -> [(8, 8), (9, 7), (9, 9), (10, 8)]
  (9, 9) -> [(8, 9), (9, 8), (10, 9)]
  (10, 0) -> [(9, 0), (10, 1), (11, 0)]
  (10, 1) -> [(9, 1), (10, 0), (11, 1)]
  (10, 2) -> [(10, 3), (11, 2)]
  (10, 3) -> [(10, 2), (11, 3)]
  (10, 4) -> [(10, 5), (11, 4)]
  (10, 5) -> [(9, 5), (10, 4), (11, 5)]
  (10, 6) -> [(9, 6), (10, 7), (11, 6)]
  (10, 7) -> [(9, 7), (10, 6), (10, 8), (11, 7)]
  (10, 8) -> [(9, 8), (10, 7), (10, 9), (11, 8)]
  (10, 9) -> [(9, 9), (10, 8)]
  (11, 0) -> [(10, 0), (11, 1)]
  (11, 1) -> [(10, 1), (11, 0), (11, 2)]
  (11, 2) -> [(10, 2), (11, 1), (11, 3)]
  (11, 3) -> [(10, 3), (11, 2)]
  (11, 4) -> [(10, 4), (11, 5)]
  (11, 5) -> [(10, 5), (11, 4)]
  (11, 6) -> [(10, 6), (11, 7)]
  (11, 7) -> [(10, 7), (11, 6), (11, 8)]
  (11, 8) -> [(10, 8), (11, 7)]
parent_path: {}
exploration_queue: [(9, 2), (11, 8), (11, 6), (10, 9), (6, 11), (5, 10), (4, 9)]

2025-07-31 20:37:11,267 - DEBUG - 
=== VISUAL BOARD - STEP 109 - BFS-EXPLORATION ===
   0  1  2  3  4  5  6  7  8  9 10 11
11 .  .  .  .  .  .  V  .  .  .  .  .   11
10 .  .  .  .  .  V  V  .  .  .  .  .   10
 9 .  .  .  .  V  V  V  V  V  V  V  .    9
 8 .  V  V  V  V  V  V  V  V  V  V  V    8
 7 V  V  V  V  V  R  V  V  V  V  V  V    7
 6 V  V  V  V  V  V  V  V  V  V  V  V    6
 5 V  V  V  V  V  V  V  V  V  V  V  V    5
 4 V  V  V  V  V  V  V  V  V  V  V  V    4
 3 V  V  V  V  V  V  V  V  V  V  V  V    3
 2 V  V  V  V  V  V  V  V  .  V  V  V    2
 1 V  V  V  V  V  V  V  V  V  V  V  V    1
 0 V  V  V  V  V  V  V  V  V  V  V  V    0
   0  1  2  3  4  5  6  7  8  9 10 11
Legend: R=Robot, V=Visited, P=Path, .=Unvisited

2025-07-31 20:37:11,267 - INFO - BFS Exploration Step 110: Exploring (9, 2)
2025-07-31 20:37:11,267 - DEBUG - Moving right from (5, 7) to (6, 7)
2025-07-31 20:37:11,360 - DEBUG - Moving up from (6, 7) to (6, 8)
2025-07-31 20:37:11,439 - DEBUG - Moving right from (6, 8) to (7, 8)
2025-07-31 20:37:11,544 - DEBUG - Moving down from (7, 8) to (7, 7)
2025-07-31 20:37:11,612 - DEBUG - Moving down from (7, 7) to (7, 6)
2025-07-31 20:37:11,689 - DEBUG - Moving down from (7, 6) to (7, 5)
2025-07-31 20:37:11,772 - DEBUG - Moving right from (7, 5) to (8, 5)
2025-07-31 20:37:11,880 - DEBUG - Moving right from (8, 5) to (9, 5)
2025-07-31 20:37:11,984 - DEBUG - Moving down from (9, 5) to (9, 4)
2025-07-31 20:37:12,055 - DEBUG - Moving left from (9, 4) to (8, 4)
2025-07-31 20:37:12,165 - DEBUG - Moving down from (8, 4) to (8, 3)
2025-07-31 20:37:12,240 - DEBUG - Moving right from (8, 3) to (9, 3)
2025-07-31 20:37:12,336 - DEBUG - Moving down from (9, 3) to (9, 2)
2025-07-31 20:37:12,412 - DEBUG - Sensor readings: {'front': 1316.1819117658786, 'right': 277.67488102354224, 'back': 345.19914373901327, 'left': 1383.8101072948757}
2025-07-31 20:37:12,413 - DEBUG - Wall detected right to (10, 2)
2025-07-31 20:37:12,413 - DEBUG - Added neighbor left: (8, 2)
2025-07-31 20:37:12,413 - DEBUG - Wall detected down to (9, 1)
2025-07-31 20:37:12,413 - DEBUG - Added 1 new neighbors. Queue size: 7
2025-07-31 20:37:12,413 - DEBUG - 
=== STEP 110 DATA STRUCTURES ===
Current Cell: (9, 2)
explored_cells: [(0, 0), (0, 1), (0, 2), (0, 3), (0, 4), (0, 5), (0, 6), (0, 7), (1, 0), (1, 1), (1, 2), (1, 3), (1, 4), (1, 5), (1, 6), (1, 7), (1, 8), (2, 0), (2, 1), (2, 2), (2, 3), (2, 4), (2, 5), (2, 6), (2, 7), (2, 8), (3, 0), (3, 1), (3, 2), (3, 3), (3, 4), (3, 5), (3, 6), (3, 7), (3, 8), (4, 0), (4, 1), (4, 2), (4, 3), (4, 4), (4, 5), (4, 6), (4, 7), (4, 8), (4, 9), (5, 0), (5, 1), (5, 2), (5, 3), (5, 4), (5, 5), (5, 6), (5, 7), (5, 8), (5, 9), (5, 10), (6, 0), (6, 1), (6, 2), (6, 3), (6, 4), (6, 5), (6, 6), (6, 7), (6, 8), (6, 9), (6, 10), (6, 11), (7, 0), (7, 1), (7, 2), (7, 3), (7, 4), (7, 5), (7, 6), (7, 7), (7, 8), (7, 9), (8, 0), (8, 1), (8, 2), (8, 3), (8, 4), (8, 5), (8, 6), (8, 7), (8, 8), (8, 9), (9, 0), (9, 1), (9, 2), (9, 3), (9, 4), (9, 5), (9, 6), (9, 7), (9, 8), (9, 9), (10, 0), (10, 1), (10, 2), (10, 3), (10, 4), (10, 5), (10, 6), (10, 7), (10, 8), (10, 9), (11, 0), (11, 1), (11, 2), (11, 3), (11, 4), (11, 5), (11, 6), (11, 7), (11, 8)]
accessible_from:
  (0, 0) -> [(0, 1), (1, 0)]
  (0, 1) -> [(0, 0), (1, 1)]
  (0, 2) -> [(0, 3)]
  (0, 3) -> [(0, 2), (0, 4)]
  (0, 4) -> [(0, 3), (0, 5)]
  (0, 5) -> [(0, 4), (0, 6), (1, 5)]
  (0, 6) -> [(0, 5), (0, 7), (1, 6)]
  (0, 7) -> [(0, 6)]
  (1, 0) -> [(0, 0), (1, 1), (2, 0)]
  (1, 1) -> [(0, 1), (1, 0), (2, 1)]
  (1, 2) -> [(1, 3), (2, 2)]
  (1, 3) -> [(1, 2), (2, 3)]
  (1, 4) -> [(1, 5), (2, 4)]
  (1, 5) -> [(0, 5), (1, 4), (2, 5)]
  (1, 6) -> [(0, 6), (1, 7)]
  (1, 7) -> [(1, 6), (2, 7)]
  (1, 8) -> [(2, 8)]
  (2, 0) -> [(1, 0), (3, 0)]
  (2, 1) -> [(1, 1), (2, 2)]
  (2, 2) -> [(1, 2), (2, 1), (3, 2)]
  (2, 3) -> [(1, 3), (2, 4), (3, 3)]
  (2, 4) -> [(1, 4), (2, 3), (3, 4)]
  (2, 5) -> [(1, 5), (2, 6), (3, 5)]
  (2, 6) -> [(2, 5), (3, 6)]
  (2, 7) -> [(1, 7), (2, 8), (3, 7)]
  (2, 8) -> [(1, 8), (2, 7), (3, 8)]
  (3, 0) -> [(2, 0), (4, 0)]
  (3, 1) -> [(3, 2), (4, 1)]
  (3, 2) -> [(2, 2), (3, 1), (4, 2)]
  (3, 3) -> [(2, 3), (3, 4), (4, 3)]
  (3, 4) -> [(2, 4), (3, 3), (4, 4)]
  (3, 5) -> [(2, 5), (3, 6), (4, 5)]
  (3, 6) -> [(2, 6), (3, 5), (4, 6)]
  (3, 7) -> [(2, 7), (3, 8), (4, 7)]
  (3, 8) -> [(2, 8), (3, 7)]
  (4, 0) -> [(3, 0), (5, 0)]
  (4, 1) -> [(3, 1), (4, 2), (5, 1)]
  (4, 2) -> [(3, 2), (4, 1)]
  (4, 3) -> [(3, 3), (4, 4), (5, 3)]
  (4, 4) -> [(3, 4), (4, 3), (5, 4)]
  (4, 5) -> [(3, 5), (4, 6)]
  (4, 6) -> [(3, 6), (4, 5)]
  (4, 7) -> [(3, 7), (4, 8)]
  (4, 8) -> [(4, 7), (5, 8)]
  (4, 9) -> [(5, 9)]
  (5, 0) -> [(4, 0), (5, 1), (6, 0)]
  (5, 1) -> [(4, 1), (5, 0), (5, 2), (6, 1)]
  (5, 2) -> [(5, 1), (6, 2)]
  (5, 3) -> [(4, 3), (5, 4), (6, 3)]
  (5, 4) -> [(4, 4), (5, 3)]
  (5, 5) -> [(5, 6), (6, 5)]
  (5, 6) -> [(5, 5), (6, 6)]
  (5, 7) -> [(5, 8), (6, 7)]
  (5, 8) -> [(4, 8), (5, 7), (6, 8)]
  (5, 9) -> [(4, 9), (5, 10), (6, 9)]
  (5, 10) -> [(5, 9)]
  (6, 0) -> [(5, 0), (6, 1), (7, 0)]
  (6, 1) -> [(5, 1), (6, 0), (7, 1)]
  (6, 2) -> [(5, 2), (7, 2)]
  (6, 3) -> [(5, 3), (6, 4), (7, 3)]
  (6, 4) -> [(6, 3), (6, 5), (7, 4)]
  (6, 5) -> [(5, 5), (6, 4), (6, 6), (7, 5)]
  (6, 6) -> [(5, 6), (6, 5), (7, 6)]
  (6, 7) -> [(5, 7), (6, 8)]
  (6, 8) -> [(5, 8), (6, 7), (7, 8)]
  (6, 9) -> [(5, 9), (6, 10), (7, 9)]
  (6, 10) -> [(6, 9), (6, 11)]
  (6, 11) -> [(6, 10)]
  (7, 0) -> [(6, 0), (7, 1), (8, 0)]
  (7, 1) -> [(6, 1), (7, 0), (8, 1)]
  (7, 2) -> [(6, 2)]
  (7, 3) -> [(6, 3), (7, 4)]
  (7, 4) -> [(6, 4), (7, 3)]
  (7, 5) -> [(6, 5), (7, 6), (8, 5)]
  (7, 6) -> [(6, 6), (7, 5), (7, 7), (8, 6)]
  (7, 7) -> [(7, 6), (7, 8), (8, 7)]
  (7, 8) -> [(6, 8), (7, 7), (7, 9)]
  (7, 9) -> [(6, 9), (7, 8), (8, 9)]
  (8, 0) -> [(7, 0), (8, 1), (9, 0)]
  (8, 1) -> [(7, 1), (8, 0)]
  (8, 2) -> [(9, 2)]
  (8, 3) -> [(8, 4), (9, 3)]
  (8, 4) -> [(8, 3), (9, 4)]
  (8, 5) -> [(7, 5), (9, 5)]
  (8, 6) -> [(7, 6), (8, 7)]
  (8, 7) -> [(7, 7), (8, 6), (8, 8), (9, 7)]
  (8, 8) -> [(8, 7), (8, 9), (9, 8)]
  (8, 9) -> [(7, 9), (8, 8), (9, 9)]
  (9, 0) -> [(8, 0), (9, 1), (10, 0)]
  (9, 1) -> [(9, 0), (10, 1)]
  (9, 2) -> [(8, 2), (9, 3)]
  (9, 3) -> [(8, 3), (9, 2)]
  (9, 4) -> [(8, 4), (9, 5)]
  (9, 5) -> [(8, 5), (9, 4), (10, 5)]
  (9, 6) -> [(9, 7), (10, 6)]
  (9, 7) -> [(8, 7), (9, 6), (9, 8), (10, 7)]
  (9, 8) -> [(8, 8), (9, 7), (9, 9), (10, 8)]
  (9, 9) -> [(8, 9), (9, 8), (10, 9)]
  (10, 0) -> [(9, 0), (10, 1), (11, 0)]
  (10, 1) -> [(9, 1), (10, 0), (11, 1)]
  (10, 2) -> [(10, 3), (11, 2)]
  (10, 3) -> [(10, 2), (11, 3)]
  (10, 4) -> [(10, 5), (11, 4)]
  (10, 5) -> [(9, 5), (10, 4), (11, 5)]
  (10, 6) -> [(9, 6), (10, 7), (11, 6)]
  (10, 7) -> [(9, 7), (10, 6), (10, 8), (11, 7)]
  (10, 8) -> [(9, 8), (10, 7), (10, 9), (11, 8)]
  (10, 9) -> [(9, 9), (10, 8)]
  (11, 0) -> [(10, 0), (11, 1)]
  (11, 1) -> [(10, 1), (11, 0), (11, 2)]
  (11, 2) -> [(10, 2), (11, 1), (11, 3)]
  (11, 3) -> [(10, 3), (11, 2)]
  (11, 4) -> [(10, 4), (11, 5)]
  (11, 5) -> [(10, 5), (11, 4)]
  (11, 6) -> [(10, 6), (11, 7)]
  (11, 7) -> [(10, 7), (11, 6), (11, 8)]
  (11, 8) -> [(10, 8), (11, 7)]
parent_path: {}
exploration_queue: [(11, 8), (11, 6), (10, 9), (6, 11), (5, 10), (4, 9), (8, 2)]

2025-07-31 20:37:12,413 - DEBUG - 
=== VISUAL BOARD - STEP 110 - BFS-EXPLORATION ===
   0  1  2  3  4  5  6  7  8  9 10 11
11 .  .  .  .  .  .  V  .  .  .  .  .   11
10 .  .  .  .  .  V  V  .  .  .  .  .   10
 9 .  .  .  .  V  V  V  V  V  V  V  .    9
 8 .  V  V  V  V  V  V  V  V  V  V  V    8
 7 V  V  V  V  V  V  V  V  V  V  V  V    7
 6 V  V  V  V  V  V  V  V  V  V  V  V    6
 5 V  V  V  V  V  V  V  V  V  V  V  V    5
 4 V  V  V  V  V  V  V  V  V  V  V  V    4
 3 V  V  V  V  V  V  V  V  V  V  V  V    3
 2 V  V  V  V  V  V  V  V  V  R  V  V    2
 1 V  V  V  V  V  V  V  V  V  V  V  V    1
 0 V  V  V  V  V  V  V  V  V  V  V  V    0
   0  1  2  3  4  5  6  7  8  9 10 11
Legend: R=Robot, V=Visited, P=Path, .=Unvisited

2025-07-31 20:37:12,413 - INFO - BFS Exploration Step 111: Exploring (11, 8)
2025-07-31 20:37:12,413 - DEBUG - Moving up from (9, 2) to (9, 3)
2025-07-31 20:37:12,488 - DEBUG - Moving left from (9, 3) to (8, 3)
2025-07-31 20:37:12,581 - DEBUG - Moving up from (8, 3) to (8, 4)
2025-07-31 20:37:12,650 - DEBUG - Moving right from (8, 4) to (9, 4)
2025-07-31 20:37:12,753 - DEBUG - Moving up from (9, 4) to (9, 5)
2025-07-31 20:37:12,835 - DEBUG - Moving left from (9, 5) to (8, 5)
2025-07-31 20:37:12,924 - DEBUG - Moving left from (8, 5) to (7, 5)
2025-07-31 20:37:13,028 - DEBUG - Moving up from (7, 5) to (7, 6)
2025-07-31 20:37:13,099 - DEBUG - Moving up from (7, 6) to (7, 7)
2025-07-31 20:37:13,174 - DEBUG - Moving right from (7, 7) to (8, 7)
2025-07-31 20:37:13,279 - DEBUG - Moving up from (8, 7) to (8, 8)
2025-07-31 20:37:13,359 - DEBUG - Moving right from (8, 8) to (9, 8)
2025-07-31 20:37:13,463 - DEBUG - Moving right from (9, 8) to (10, 8)
2025-07-31 20:37:13,559 - DEBUG - Moving right from (10, 8) to (11, 8)
2025-07-31 20:37:13,655 - DEBUG - Sensor readings: {'front': 1309.547857503793, 'right': 391.8103099326087, 'back': 2000.0, 'left': 2000.0}
2025-07-31 20:37:13,655 - DEBUG - Added neighbor up: (11, 9)
2025-07-31 20:37:13,655 - DEBUG - Added 1 new neighbors. Queue size: 7
2025-07-31 20:37:13,655 - DEBUG - 
=== STEP 111 DATA STRUCTURES ===
Current Cell: (11, 8)
explored_cells: [(0, 0), (0, 1), (0, 2), (0, 3), (0, 4), (0, 5), (0, 6), (0, 7), (1, 0), (1, 1), (1, 2), (1, 3), (1, 4), (1, 5), (1, 6), (1, 7), (1, 8), (2, 0), (2, 1), (2, 2), (2, 3), (2, 4), (2, 5), (2, 6), (2, 7), (2, 8), (3, 0), (3, 1), (3, 2), (3, 3), (3, 4), (3, 5), (3, 6), (3, 7), (3, 8), (4, 0), (4, 1), (4, 2), (4, 3), (4, 4), (4, 5), (4, 6), (4, 7), (4, 8), (4, 9), (5, 0), (5, 1), (5, 2), (5, 3), (5, 4), (5, 5), (5, 6), (5, 7), (5, 8), (5, 9), (5, 10), (6, 0), (6, 1), (6, 2), (6, 3), (6, 4), (6, 5), (6, 6), (6, 7), (6, 8), (6, 9), (6, 10), (6, 11), (7, 0), (7, 1), (7, 2), (7, 3), (7, 4), (7, 5), (7, 6), (7, 7), (7, 8), (7, 9), (8, 0), (8, 1), (8, 2), (8, 3), (8, 4), (8, 5), (8, 6), (8, 7), (8, 8), (8, 9), (9, 0), (9, 1), (9, 2), (9, 3), (9, 4), (9, 5), (9, 6), (9, 7), (9, 8), (9, 9), (10, 0), (10, 1), (10, 2), (10, 3), (10, 4), (10, 5), (10, 6), (10, 7), (10, 8), (10, 9), (11, 0), (11, 1), (11, 2), (11, 3), (11, 4), (11, 5), (11, 6), (11, 7), (11, 8), (11, 9)]
accessible_from:
  (0, 0) -> [(0, 1), (1, 0)]
  (0, 1) -> [(0, 0), (1, 1)]
  (0, 2) -> [(0, 3)]
  (0, 3) -> [(0, 2), (0, 4)]
  (0, 4) -> [(0, 3), (0, 5)]
  (0, 5) -> [(0, 4), (0, 6), (1, 5)]
  (0, 6) -> [(0, 5), (0, 7), (1, 6)]
  (0, 7) -> [(0, 6)]
  (1, 0) -> [(0, 0), (1, 1), (2, 0)]
  (1, 1) -> [(0, 1), (1, 0), (2, 1)]
  (1, 2) -> [(1, 3), (2, 2)]
  (1, 3) -> [(1, 2), (2, 3)]
  (1, 4) -> [(1, 5), (2, 4)]
  (1, 5) -> [(0, 5), (1, 4), (2, 5)]
  (1, 6) -> [(0, 6), (1, 7)]
  (1, 7) -> [(1, 6), (2, 7)]
  (1, 8) -> [(2, 8)]
  (2, 0) -> [(1, 0), (3, 0)]
  (2, 1) -> [(1, 1), (2, 2)]
  (2, 2) -> [(1, 2), (2, 1), (3, 2)]
  (2, 3) -> [(1, 3), (2, 4), (3, 3)]
  (2, 4) -> [(1, 4), (2, 3), (3, 4)]
  (2, 5) -> [(1, 5), (2, 6), (3, 5)]
  (2, 6) -> [(2, 5), (3, 6)]
  (2, 7) -> [(1, 7), (2, 8), (3, 7)]
  (2, 8) -> [(1, 8), (2, 7), (3, 8)]
  (3, 0) -> [(2, 0), (4, 0)]
  (3, 1) -> [(3, 2), (4, 1)]
  (3, 2) -> [(2, 2), (3, 1), (4, 2)]
  (3, 3) -> [(2, 3), (3, 4), (4, 3)]
  (3, 4) -> [(2, 4), (3, 3), (4, 4)]
  (3, 5) -> [(2, 5), (3, 6), (4, 5)]
  (3, 6) -> [(2, 6), (3, 5), (4, 6)]
  (3, 7) -> [(2, 7), (3, 8), (4, 7)]
  (3, 8) -> [(2, 8), (3, 7)]
  (4, 0) -> [(3, 0), (5, 0)]
  (4, 1) -> [(3, 1), (4, 2), (5, 1)]
  (4, 2) -> [(3, 2), (4, 1)]
  (4, 3) -> [(3, 3), (4, 4), (5, 3)]
  (4, 4) -> [(3, 4), (4, 3), (5, 4)]
  (4, 5) -> [(3, 5), (4, 6)]
  (4, 6) -> [(3, 6), (4, 5)]
  (4, 7) -> [(3, 7), (4, 8)]
  (4, 8) -> [(4, 7), (5, 8)]
  (4, 9) -> [(5, 9)]
  (5, 0) -> [(4, 0), (5, 1), (6, 0)]
  (5, 1) -> [(4, 1), (5, 0), (5, 2), (6, 1)]
  (5, 2) -> [(5, 1), (6, 2)]
  (5, 3) -> [(4, 3), (5, 4), (6, 3)]
  (5, 4) -> [(4, 4), (5, 3)]
  (5, 5) -> [(5, 6), (6, 5)]
  (5, 6) -> [(5, 5), (6, 6)]
  (5, 7) -> [(5, 8), (6, 7)]
  (5, 8) -> [(4, 8), (5, 7), (6, 8)]
  (5, 9) -> [(4, 9), (5, 10), (6, 9)]
  (5, 10) -> [(5, 9)]
  (6, 0) -> [(5, 0), (6, 1), (7, 0)]
  (6, 1) -> [(5, 1), (6, 0), (7, 1)]
  (6, 2) -> [(5, 2), (7, 2)]
  (6, 3) -> [(5, 3), (6, 4), (7, 3)]
  (6, 4) -> [(6, 3), (6, 5), (7, 4)]
  (6, 5) -> [(5, 5), (6, 4), (6, 6), (7, 5)]
  (6, 6) -> [(5, 6), (6, 5), (7, 6)]
  (6, 7) -> [(5, 7), (6, 8)]
  (6, 8) -> [(5, 8), (6, 7), (7, 8)]
  (6, 9) -> [(5, 9), (6, 10), (7, 9)]
  (6, 10) -> [(6, 9), (6, 11)]
  (6, 11) -> [(6, 10)]
  (7, 0) -> [(6, 0), (7, 1), (8, 0)]
  (7, 1) -> [(6, 1), (7, 0), (8, 1)]
  (7, 2) -> [(6, 2)]
  (7, 3) -> [(6, 3), (7, 4)]
  (7, 4) -> [(6, 4), (7, 3)]
  (7, 5) -> [(6, 5), (7, 6), (8, 5)]
  (7, 6) -> [(6, 6), (7, 5), (7, 7), (8, 6)]
  (7, 7) -> [(7, 6), (7, 8), (8, 7)]
  (7, 8) -> [(6, 8), (7, 7), (7, 9)]
  (7, 9) -> [(6, 9), (7, 8), (8, 9)]
  (8, 0) -> [(7, 0), (8, 1), (9, 0)]
  (8, 1) -> [(7, 1), (8, 0)]
  (8, 2) -> [(9, 2)]
  (8, 3) -> [(8, 4), (9, 3)]
  (8, 4) -> [(8, 3), (9, 4)]
  (8, 5) -> [(7, 5), (9, 5)]
  (8, 6) -> [(7, 6), (8, 7)]
  (8, 7) -> [(7, 7), (8, 6), (8, 8), (9, 7)]
  (8, 8) -> [(8, 7), (8, 9), (9, 8)]
  (8, 9) -> [(7, 9), (8, 8), (9, 9)]
  (9, 0) -> [(8, 0), (9, 1), (10, 0)]
  (9, 1) -> [(9, 0), (10, 1)]
  (9, 2) -> [(8, 2), (9, 3)]
  (9, 3) -> [(8, 3), (9, 2)]
  (9, 4) -> [(8, 4), (9, 5)]
  (9, 5) -> [(8, 5), (9, 4), (10, 5)]
  (9, 6) -> [(9, 7), (10, 6)]
  (9, 7) -> [(8, 7), (9, 6), (9, 8), (10, 7)]
  (9, 8) -> [(8, 8), (9, 7), (9, 9), (10, 8)]
  (9, 9) -> [(8, 9), (9, 8), (10, 9)]
  (10, 0) -> [(9, 0), (10, 1), (11, 0)]
  (10, 1) -> [(9, 1), (10, 0), (11, 1)]
  (10, 2) -> [(10, 3), (11, 2)]
  (10, 3) -> [(10, 2), (11, 3)]
  (10, 4) -> [(10, 5), (11, 4)]
  (10, 5) -> [(9, 5), (10, 4), (11, 5)]
  (10, 6) -> [(9, 6), (10, 7), (11, 6)]
  (10, 7) -> [(9, 7), (10, 6), (10, 8), (11, 7)]
  (10, 8) -> [(9, 8), (10, 7), (10, 9), (11, 8)]
  (10, 9) -> [(9, 9), (10, 8)]
  (11, 0) -> [(10, 0), (11, 1)]
  (11, 1) -> [(10, 1), (11, 0), (11, 2)]
  (11, 2) -> [(10, 2), (11, 1), (11, 3)]
  (11, 3) -> [(10, 3), (11, 2)]
  (11, 4) -> [(10, 4), (11, 5)]
  (11, 5) -> [(10, 5), (11, 4)]
  (11, 6) -> [(10, 6), (11, 7)]
  (11, 7) -> [(10, 7), (11, 6), (11, 8)]
  (11, 8) -> [(10, 8), (11, 7), (11, 9)]
  (11, 9) -> [(11, 8)]
parent_path: {}
exploration_queue: [(11, 6), (10, 9), (6, 11), (5, 10), (4, 9), (8, 2), (11, 9)]

2025-07-31 20:37:13,655 - DEBUG - 
=== VISUAL BOARD - STEP 111 - BFS-EXPLORATION ===
   0  1  2  3  4  5  6  7  8  9 10 11
11 .  .  .  .  .  .  V  .  .  .  .  .   11
10 .  .  .  .  .  V  V  .  .  .  .  .   10
 9 .  .  .  .  V  V  V  V  V  V  V  V    9
 8 .  V  V  V  V  V  V  V  V  V  V  R    8
 7 V  V  V  V  V  V  V  V  V  V  V  V    7
 6 V  V  V  V  V  V  V  V  V  V  V  V    6
 5 V  V  V  V  V  V  V  V  V  V  V  V    5
 4 V  V  V  V  V  V  V  V  V  V  V  V    4
 3 V  V  V  V  V  V  V  V  V  V  V  V    3
 2 V  V  V  V  V  V  V  V  V  V  V  V    2
 1 V  V  V  V  V  V  V  V  V  V  V  V    1
 0 V  V  V  V  V  V  V  V  V  V  V  V    0
   0  1  2  3  4  5  6  7  8  9 10 11
Legend: R=Robot, V=Visited, P=Path, .=Unvisited

2025-07-31 20:37:13,655 - INFO - BFS Exploration Step 112: Exploring (11, 6)
2025-07-31 20:37:13,655 - DEBUG - Moving down from (11, 8) to (11, 7)
2025-07-31 20:37:13,732 - DEBUG - Moving down from (11, 7) to (11, 6)
2025-07-31 20:37:13,813 - DEBUG - Sensor readings: {'front': 2000.0, 'right': 303.49383725717263, 'back': 347.0637636664908, 'left': 2000.0}
2025-07-31 20:37:13,813 - DEBUG - Wall detected down to (11, 5)
2025-07-31 20:37:13,813 - DEBUG - Added 0 new neighbors. Queue size: 6
2025-07-31 20:37:13,814 - DEBUG - 
=== STEP 112 DATA STRUCTURES ===
Current Cell: (11, 6)
explored_cells: [(0, 0), (0, 1), (0, 2), (0, 3), (0, 4), (0, 5), (0, 6), (0, 7), (1, 0), (1, 1), (1, 2), (1, 3), (1, 4), (1, 5), (1, 6), (1, 7), (1, 8), (2, 0), (2, 1), (2, 2), (2, 3), (2, 4), (2, 5), (2, 6), (2, 7), (2, 8), (3, 0), (3, 1), (3, 2), (3, 3), (3, 4), (3, 5), (3, 6), (3, 7), (3, 8), (4, 0), (4, 1), (4, 2), (4, 3), (4, 4), (4, 5), (4, 6), (4, 7), (4, 8), (4, 9), (5, 0), (5, 1), (5, 2), (5, 3), (5, 4), (5, 5), (5, 6), (5, 7), (5, 8), (5, 9), (5, 10), (6, 0), (6, 1), (6, 2), (6, 3), (6, 4), (6, 5), (6, 6), (6, 7), (6, 8), (6, 9), (6, 10), (6, 11), (7, 0), (7, 1), (7, 2), (7, 3), (7, 4), (7, 5), (7, 6), (7, 7), (7, 8), (7, 9), (8, 0), (8, 1), (8, 2), (8, 3), (8, 4), (8, 5), (8, 6), (8, 7), (8, 8), (8, 9), (9, 0), (9, 1), (9, 2), (9, 3), (9, 4), (9, 5), (9, 6), (9, 7), (9, 8), (9, 9), (10, 0), (10, 1), (10, 2), (10, 3), (10, 4), (10, 5), (10, 6), (10, 7), (10, 8), (10, 9), (11, 0), (11, 1), (11, 2), (11, 3), (11, 4), (11, 5), (11, 6), (11, 7), (11, 8), (11, 9)]
accessible_from:
  (0, 0) -> [(0, 1), (1, 0)]
  (0, 1) -> [(0, 0), (1, 1)]
  (0, 2) -> [(0, 3)]
  (0, 3) -> [(0, 2), (0, 4)]
  (0, 4) -> [(0, 3), (0, 5)]
  (0, 5) -> [(0, 4), (0, 6), (1, 5)]
  (0, 6) -> [(0, 5), (0, 7), (1, 6)]
  (0, 7) -> [(0, 6)]
  (1, 0) -> [(0, 0), (1, 1), (2, 0)]
  (1, 1) -> [(0, 1), (1, 0), (2, 1)]
  (1, 2) -> [(1, 3), (2, 2)]
  (1, 3) -> [(1, 2), (2, 3)]
  (1, 4) -> [(1, 5), (2, 4)]
  (1, 5) -> [(0, 5), (1, 4), (2, 5)]
  (1, 6) -> [(0, 6), (1, 7)]
  (1, 7) -> [(1, 6), (2, 7)]
  (1, 8) -> [(2, 8)]
  (2, 0) -> [(1, 0), (3, 0)]
  (2, 1) -> [(1, 1), (2, 2)]
  (2, 2) -> [(1, 2), (2, 1), (3, 2)]
  (2, 3) -> [(1, 3), (2, 4), (3, 3)]
  (2, 4) -> [(1, 4), (2, 3), (3, 4)]
  (2, 5) -> [(1, 5), (2, 6), (3, 5)]
  (2, 6) -> [(2, 5), (3, 6)]
  (2, 7) -> [(1, 7), (2, 8), (3, 7)]
  (2, 8) -> [(1, 8), (2, 7), (3, 8)]
  (3, 0) -> [(2, 0), (4, 0)]
  (3, 1) -> [(3, 2), (4, 1)]
  (3, 2) -> [(2, 2), (3, 1), (4, 2)]
  (3, 3) -> [(2, 3), (3, 4), (4, 3)]
  (3, 4) -> [(2, 4), (3, 3), (4, 4)]
  (3, 5) -> [(2, 5), (3, 6), (4, 5)]
  (3, 6) -> [(2, 6), (3, 5), (4, 6)]
  (3, 7) -> [(2, 7), (3, 8), (4, 7)]
  (3, 8) -> [(2, 8), (3, 7)]
  (4, 0) -> [(3, 0), (5, 0)]
  (4, 1) -> [(3, 1), (4, 2), (5, 1)]
  (4, 2) -> [(3, 2), (4, 1)]
  (4, 3) -> [(3, 3), (4, 4), (5, 3)]
  (4, 4) -> [(3, 4), (4, 3), (5, 4)]
  (4, 5) -> [(3, 5), (4, 6)]
  (4, 6) -> [(3, 6), (4, 5)]
  (4, 7) -> [(3, 7), (4, 8)]
  (4, 8) -> [(4, 7), (5, 8)]
  (4, 9) -> [(5, 9)]
  (5, 0) -> [(4, 0), (5, 1), (6, 0)]
  (5, 1) -> [(4, 1), (5, 0), (5, 2), (6, 1)]
  (5, 2) -> [(5, 1), (6, 2)]
  (5, 3) -> [(4, 3), (5, 4), (6, 3)]
  (5, 4) -> [(4, 4), (5, 3)]
  (5, 5) -> [(5, 6), (6, 5)]
  (5, 6) -> [(5, 5), (6, 6)]
  (5, 7) -> [(5, 8), (6, 7)]
  (5, 8) -> [(4, 8), (5, 7), (6, 8)]
  (5, 9) -> [(4, 9), (5, 10), (6, 9)]
  (5, 10) -> [(5, 9)]
  (6, 0) -> [(5, 0), (6, 1), (7, 0)]
  (6, 1) -> [(5, 1), (6, 0), (7, 1)]
  (6, 2) -> [(5, 2), (7, 2)]
  (6, 3) -> [(5, 3), (6, 4), (7, 3)]
  (6, 4) -> [(6, 3), (6, 5), (7, 4)]
  (6, 5) -> [(5, 5), (6, 4), (6, 6), (7, 5)]
  (6, 6) -> [(5, 6), (6, 5), (7, 6)]
  (6, 7) -> [(5, 7), (6, 8)]
  (6, 8) -> [(5, 8), (6, 7), (7, 8)]
  (6, 9) -> [(5, 9), (6, 10), (7, 9)]
  (6, 10) -> [(6, 9), (6, 11)]
  (6, 11) -> [(6, 10)]
  (7, 0) -> [(6, 0), (7, 1), (8, 0)]
  (7, 1) -> [(6, 1), (7, 0), (8, 1)]
  (7, 2) -> [(6, 2)]
  (7, 3) -> [(6, 3), (7, 4)]
  (7, 4) -> [(6, 4), (7, 3)]
  (7, 5) -> [(6, 5), (7, 6), (8, 5)]
  (7, 6) -> [(6, 6), (7, 5), (7, 7), (8, 6)]
  (7, 7) -> [(7, 6), (7, 8), (8, 7)]
  (7, 8) -> [(6, 8), (7, 7), (7, 9)]
  (7, 9) -> [(6, 9), (7, 8), (8, 9)]
  (8, 0) -> [(7, 0), (8, 1), (9, 0)]
  (8, 1) -> [(7, 1), (8, 0)]
  (8, 2) -> [(9, 2)]
  (8, 3) -> [(8, 4), (9, 3)]
  (8, 4) -> [(8, 3), (9, 4)]
  (8, 5) -> [(7, 5), (9, 5)]
  (8, 6) -> [(7, 6), (8, 7)]
  (8, 7) -> [(7, 7), (8, 6), (8, 8), (9, 7)]
  (8, 8) -> [(8, 7), (8, 9), (9, 8)]
  (8, 9) -> [(7, 9), (8, 8), (9, 9)]
  (9, 0) -> [(8, 0), (9, 1), (10, 0)]
  (9, 1) -> [(9, 0), (10, 1)]
  (9, 2) -> [(8, 2), (9, 3)]
  (9, 3) -> [(8, 3), (9, 2)]
  (9, 4) -> [(8, 4), (9, 5)]
  (9, 5) -> [(8, 5), (9, 4), (10, 5)]
  (9, 6) -> [(9, 7), (10, 6)]
  (9, 7) -> [(8, 7), (9, 6), (9, 8), (10, 7)]
  (9, 8) -> [(8, 8), (9, 7), (9, 9), (10, 8)]
  (9, 9) -> [(8, 9), (9, 8), (10, 9)]
  (10, 0) -> [(9, 0), (10, 1), (11, 0)]
  (10, 1) -> [(9, 1), (10, 0), (11, 1)]
  (10, 2) -> [(10, 3), (11, 2)]
  (10, 3) -> [(10, 2), (11, 3)]
  (10, 4) -> [(10, 5), (11, 4)]
  (10, 5) -> [(9, 5), (10, 4), (11, 5)]
  (10, 6) -> [(9, 6), (10, 7), (11, 6)]
  (10, 7) -> [(9, 7), (10, 6), (10, 8), (11, 7)]
  (10, 8) -> [(9, 8), (10, 7), (10, 9), (11, 8)]
  (10, 9) -> [(9, 9), (10, 8)]
  (11, 0) -> [(10, 0), (11, 1)]
  (11, 1) -> [(10, 1), (11, 0), (11, 2)]
  (11, 2) -> [(10, 2), (11, 1), (11, 3)]
  (11, 3) -> [(10, 3), (11, 2)]
  (11, 4) -> [(10, 4), (11, 5)]
  (11, 5) -> [(10, 5), (11, 4)]
  (11, 6) -> [(10, 6), (11, 7)]
  (11, 7) -> [(10, 7), (11, 6), (11, 8)]
  (11, 8) -> [(10, 8), (11, 7), (11, 9)]
  (11, 9) -> [(11, 8)]
parent_path: {}
exploration_queue: [(10, 9), (6, 11), (5, 10), (4, 9), (8, 2), (11, 9)]

2025-07-31 20:37:13,814 - DEBUG - 
=== VISUAL BOARD - STEP 112 - BFS-EXPLORATION ===
   0  1  2  3  4  5  6  7  8  9 10 11
11 .  .  .  .  .  .  V  .  .  .  .  .   11
10 .  .  .  .  .  V  V  .  .  .  .  .   10
 9 .  .  .  .  V  V  V  V  V  V  V  V    9
 8 .  V  V  V  V  V  V  V  V  V  V  V    8
 7 V  V  V  V  V  V  V  V  V  V  V  V    7
 6 V  V  V  V  V  V  V  V  V  V  V  R    6
 5 V  V  V  V  V  V  V  V  V  V  V  V    5
 4 V  V  V  V  V  V  V  V  V  V  V  V    4
 3 V  V  V  V  V  V  V  V  V  V  V  V    3
 2 V  V  V  V  V  V  V  V  V  V  V  V    2
 1 V  V  V  V  V  V  V  V  V  V  V  V    1
 0 V  V  V  V  V  V  V  V  V  V  V  V    0
   0  1  2  3  4  5  6  7  8  9 10 11
Legend: R=Robot, V=Visited, P=Path, .=Unvisited

2025-07-31 20:37:13,814 - INFO - BFS Exploration Step 113: Exploring (10, 9)
2025-07-31 20:37:13,814 - DEBUG - Moving up from (11, 6) to (11, 7)
2025-07-31 20:37:13,889 - DEBUG - Moving up from (11, 7) to (11, 8)
2025-07-31 20:37:13,965 - DEBUG - Moving left from (11, 8) to (10, 8)
2025-07-31 20:37:14,063 - DEBUG - Moving up from (10, 8) to (10, 9)
2025-07-31 20:37:14,129 - DEBUG - Sensor readings: {'front': 359.0123697260968, 'right': 1381.2286819810874, 'back': 2000.0, 'left': 2000.0}
2025-07-31 20:37:14,129 - DEBUG - Wall detected up to (10, 10)
2025-07-31 20:37:14,129 - DEBUG - Added 0 new neighbors. Queue size: 5
2025-07-31 20:37:14,130 - DEBUG - 
=== STEP 113 DATA STRUCTURES ===
Current Cell: (10, 9)
explored_cells: [(0, 0), (0, 1), (0, 2), (0, 3), (0, 4), (0, 5), (0, 6), (0, 7), (1, 0), (1, 1), (1, 2), (1, 3), (1, 4), (1, 5), (1, 6), (1, 7), (1, 8), (2, 0), (2, 1), (2, 2), (2, 3), (2, 4), (2, 5), (2, 6), (2, 7), (2, 8), (3, 0), (3, 1), (3, 2), (3, 3), (3, 4), (3, 5), (3, 6), (3, 7), (3, 8), (4, 0), (4, 1), (4, 2), (4, 3), (4, 4), (4, 5), (4, 6), (4, 7), (4, 8), (4, 9), (5, 0), (5, 1), (5, 2), (5, 3), (5, 4), (5, 5), (5, 6), (5, 7), (5, 8), (5, 9), (5, 10), (6, 0), (6, 1), (6, 2), (6, 3), (6, 4), (6, 5), (6, 6), (6, 7), (6, 8), (6, 9), (6, 10), (6, 11), (7, 0), (7, 1), (7, 2), (7, 3), (7, 4), (7, 5), (7, 6), (7, 7), (7, 8), (7, 9), (8, 0), (8, 1), (8, 2), (8, 3), (8, 4), (8, 5), (8, 6), (8, 7), (8, 8), (8, 9), (9, 0), (9, 1), (9, 2), (9, 3), (9, 4), (9, 5), (9, 6), (9, 7), (9, 8), (9, 9), (10, 0), (10, 1), (10, 2), (10, 3), (10, 4), (10, 5), (10, 6), (10, 7), (10, 8), (10, 9), (11, 0), (11, 1), (11, 2), (11, 3), (11, 4), (11, 5), (11, 6), (11, 7), (11, 8), (11, 9)]
accessible_from:
  (0, 0) -> [(0, 1), (1, 0)]
  (0, 1) -> [(0, 0), (1, 1)]
  (0, 2) -> [(0, 3)]
  (0, 3) -> [(0, 2), (0, 4)]
  (0, 4) -> [(0, 3), (0, 5)]
  (0, 5) -> [(0, 4), (0, 6), (1, 5)]
  (0, 6) -> [(0, 5), (0, 7), (1, 6)]
  (0, 7) -> [(0, 6)]
  (1, 0) -> [(0, 0), (1, 1), (2, 0)]
  (1, 1) -> [(0, 1), (1, 0), (2, 1)]
  (1, 2) -> [(1, 3), (2, 2)]
  (1, 3) -> [(1, 2), (2, 3)]
  (1, 4) -> [(1, 5), (2, 4)]
  (1, 5) -> [(0, 5), (1, 4), (2, 5)]
  (1, 6) -> [(0, 6), (1, 7)]
  (1, 7) -> [(1, 6), (2, 7)]
  (1, 8) -> [(2, 8)]
  (2, 0) -> [(1, 0), (3, 0)]
  (2, 1) -> [(1, 1), (2, 2)]
  (2, 2) -> [(1, 2), (2, 1), (3, 2)]
  (2, 3) -> [(1, 3), (2, 4), (3, 3)]
  (2, 4) -> [(1, 4), (2, 3), (3, 4)]
  (2, 5) -> [(1, 5), (2, 6), (3, 5)]
  (2, 6) -> [(2, 5), (3, 6)]
  (2, 7) -> [(1, 7), (2, 8), (3, 7)]
  (2, 8) -> [(1, 8), (2, 7), (3, 8)]
  (3, 0) -> [(2, 0), (4, 0)]
  (3, 1) -> [(3, 2), (4, 1)]
  (3, 2) -> [(2, 2), (3, 1), (4, 2)]
  (3, 3) -> [(2, 3), (3, 4), (4, 3)]
  (3, 4) -> [(2, 4), (3, 3), (4, 4)]
  (3, 5) -> [(2, 5), (3, 6), (4, 5)]
  (3, 6) -> [(2, 6), (3, 5), (4, 6)]
  (3, 7) -> [(2, 7), (3, 8), (4, 7)]
  (3, 8) -> [(2, 8), (3, 7)]
  (4, 0) -> [(3, 0), (5, 0)]
  (4, 1) -> [(3, 1), (4, 2), (5, 1)]
  (4, 2) -> [(3, 2), (4, 1)]
  (4, 3) -> [(3, 3), (4, 4), (5, 3)]
  (4, 4) -> [(3, 4), (4, 3), (5, 4)]
  (4, 5) -> [(3, 5), (4, 6)]
  (4, 6) -> [(3, 6), (4, 5)]
  (4, 7) -> [(3, 7), (4, 8)]
  (4, 8) -> [(4, 7), (5, 8)]
  (4, 9) -> [(5, 9)]
  (5, 0) -> [(4, 0), (5, 1), (6, 0)]
  (5, 1) -> [(4, 1), (5, 0), (5, 2), (6, 1)]
  (5, 2) -> [(5, 1), (6, 2)]
  (5, 3) -> [(4, 3), (5, 4), (6, 3)]
  (5, 4) -> [(4, 4), (5, 3)]
  (5, 5) -> [(5, 6), (6, 5)]
  (5, 6) -> [(5, 5), (6, 6)]
  (5, 7) -> [(5, 8), (6, 7)]
  (5, 8) -> [(4, 8), (5, 7), (6, 8)]
  (5, 9) -> [(4, 9), (5, 10), (6, 9)]
  (5, 10) -> [(5, 9)]
  (6, 0) -> [(5, 0), (6, 1), (7, 0)]
  (6, 1) -> [(5, 1), (6, 0), (7, 1)]
  (6, 2) -> [(5, 2), (7, 2)]
  (6, 3) -> [(5, 3), (6, 4), (7, 3)]
  (6, 4) -> [(6, 3), (6, 5), (7, 4)]
  (6, 5) -> [(5, 5), (6, 4), (6, 6), (7, 5)]
  (6, 6) -> [(5, 6), (6, 5), (7, 6)]
  (6, 7) -> [(5, 7), (6, 8)]
  (6, 8) -> [(5, 8), (6, 7), (7, 8)]
  (6, 9) -> [(5, 9), (6, 10), (7, 9)]
  (6, 10) -> [(6, 9), (6, 11)]
  (6, 11) -> [(6, 10)]
  (7, 0) -> [(6, 0), (7, 1), (8, 0)]
  (7, 1) -> [(6, 1), (7, 0), (8, 1)]
  (7, 2) -> [(6, 2)]
  (7, 3) -> [(6, 3), (7, 4)]
  (7, 4) -> [(6, 4), (7, 3)]
  (7, 5) -> [(6, 5), (7, 6), (8, 5)]
  (7, 6) -> [(6, 6), (7, 5), (7, 7), (8, 6)]
  (7, 7) -> [(7, 6), (7, 8), (8, 7)]
  (7, 8) -> [(6, 8), (7, 7), (7, 9)]
  (7, 9) -> [(6, 9), (7, 8), (8, 9)]
  (8, 0) -> [(7, 0), (8, 1), (9, 0)]
  (8, 1) -> [(7, 1), (8, 0)]
  (8, 2) -> [(9, 2)]
  (8, 3) -> [(8, 4), (9, 3)]
  (8, 4) -> [(8, 3), (9, 4)]
  (8, 5) -> [(7, 5), (9, 5)]
  (8, 6) -> [(7, 6), (8, 7)]
  (8, 7) -> [(7, 7), (8, 6), (8, 8), (9, 7)]
  (8, 8) -> [(8, 7), (8, 9), (9, 8)]
  (8, 9) -> [(7, 9), (8, 8), (9, 9)]
  (9, 0) -> [(8, 0), (9, 1), (10, 0)]
  (9, 1) -> [(9, 0), (10, 1)]
  (9, 2) -> [(8, 2), (9, 3)]
  (9, 3) -> [(8, 3), (9, 2)]
  (9, 4) -> [(8, 4), (9, 5)]
  (9, 5) -> [(8, 5), (9, 4), (10, 5)]
  (9, 6) -> [(9, 7), (10, 6)]
  (9, 7) -> [(8, 7), (9, 6), (9, 8), (10, 7)]
  (9, 8) -> [(8, 8), (9, 7), (9, 9), (10, 8)]
  (9, 9) -> [(8, 9), (9, 8), (10, 9)]
  (10, 0) -> [(9, 0), (10, 1), (11, 0)]
  (10, 1) -> [(9, 1), (10, 0), (11, 1)]
  (10, 2) -> [(10, 3), (11, 2)]
  (10, 3) -> [(10, 2), (11, 3)]
  (10, 4) -> [(10, 5), (11, 4)]
  (10, 5) -> [(9, 5), (10, 4), (11, 5)]
  (10, 6) -> [(9, 6), (10, 7), (11, 6)]
  (10, 7) -> [(9, 7), (10, 6), (10, 8), (11, 7)]
  (10, 8) -> [(9, 8), (10, 7), (10, 9), (11, 8)]
  (10, 9) -> [(9, 9), (10, 8), (11, 9)]
  (11, 0) -> [(10, 0), (11, 1)]
  (11, 1) -> [(10, 1), (11, 0), (11, 2)]
  (11, 2) -> [(10, 2), (11, 1), (11, 3)]
  (11, 3) -> [(10, 3), (11, 2)]
  (11, 4) -> [(10, 4), (11, 5)]
  (11, 5) -> [(10, 5), (11, 4)]
  (11, 6) -> [(10, 6), (11, 7)]
  (11, 7) -> [(10, 7), (11, 6), (11, 8)]
  (11, 8) -> [(10, 8), (11, 7), (11, 9)]
  (11, 9) -> [(10, 9), (11, 8)]
parent_path: {}
exploration_queue: [(6, 11), (5, 10), (4, 9), (8, 2), (11, 9)]

2025-07-31 20:37:14,130 - DEBUG - 
=== VISUAL BOARD - STEP 113 - BFS-EXPLORATION ===
   0  1  2  3  4  5  6  7  8  9 10 11
11 .  .  .  .  .  .  V  .  .  .  .  .   11
10 .  .  .  .  .  V  V  .  .  .  .  .   10
 9 .  .  .  .  V  V  V  V  V  V  R  V    9
 8 .  V  V  V  V  V  V  V  V  V  V  V    8
 7 V  V  V  V  V  V  V  V  V  V  V  V    7
 6 V  V  V  V  V  V  V  V  V  V  V  V    6
 5 V  V  V  V  V  V  V  V  V  V  V  V    5
 4 V  V  V  V  V  V  V  V  V  V  V  V    4
 3 V  V  V  V  V  V  V  V  V  V  V  V    3
 2 V  V  V  V  V  V  V  V  V  V  V  V    2
 1 V  V  V  V  V  V  V  V  V  V  V  V    1
 0 V  V  V  V  V  V  V  V  V  V  V  V    0
   0  1  2  3  4  5  6  7  8  9 10 11
Legend: R=Robot, V=Visited, P=Path, .=Unvisited

2025-07-31 20:37:14,130 - INFO - BFS Exploration Step 114: Exploring (6, 11)
2025-07-31 20:37:14,130 - DEBUG - Moving left from (10, 9) to (9, 9)
2025-07-31 20:37:14,233 - DEBUG - Moving left from (9, 9) to (8, 9)
2025-07-31 20:37:14,327 - DEBUG - Moving left from (8, 9) to (7, 9)
2025-07-31 20:37:14,431 - DEBUG - Moving left from (7, 9) to (6, 9)
2025-07-31 20:37:14,543 - DEBUG - Moving up from (6, 9) to (6, 10)
2025-07-31 20:37:14,607 - DEBUG - Moving up from (6, 10) to (6, 11)
2025-07-31 20:37:14,675 - DEBUG - Sensor readings: {'front': 381.8264667434945, 'right': 2000.0, 'back': 2000.0, 'left': 2000.0}
2025-07-31 20:37:14,675 - DEBUG - Added neighbor right: (7, 11)
2025-07-31 20:37:14,675 - DEBUG - Added neighbor left: (5, 11)
2025-07-31 20:37:14,675 - DEBUG - Added 2 new neighbors. Queue size: 6
2025-07-31 20:37:14,675 - DEBUG - 
=== STEP 114 DATA STRUCTURES ===
Current Cell: (6, 11)
explored_cells: [(0, 0), (0, 1), (0, 2), (0, 3), (0, 4), (0, 5), (0, 6), (0, 7), (1, 0), (1, 1), (1, 2), (1, 3), (1, 4), (1, 5), (1, 6), (1, 7), (1, 8), (2, 0), (2, 1), (2, 2), (2, 3), (2, 4), (2, 5), (2, 6), (2, 7), (2, 8), (3, 0), (3, 1), (3, 2), (3, 3), (3, 4), (3, 5), (3, 6), (3, 7), (3, 8), (4, 0), (4, 1), (4, 2), (4, 3), (4, 4), (4, 5), (4, 6), (4, 7), (4, 8), (4, 9), (5, 0), (5, 1), (5, 2), (5, 3), (5, 4), (5, 5), (5, 6), (5, 7), (5, 8), (5, 9), (5, 10), (5, 11), (6, 0), (6, 1), (6, 2), (6, 3), (6, 4), (6, 5), (6, 6), (6, 7), (6, 8), (6, 9), (6, 10), (6, 11), (7, 0), (7, 1), (7, 2), (7, 3), (7, 4), (7, 5), (7, 6), (7, 7), (7, 8), (7, 9), (7, 11), (8, 0), (8, 1), (8, 2), (8, 3), (8, 4), (8, 5), (8, 6), (8, 7), (8, 8), (8, 9), (9, 0), (9, 1), (9, 2), (9, 3), (9, 4), (9, 5), (9, 6), (9, 7), (9, 8), (9, 9), (10, 0), (10, 1), (10, 2), (10, 3), (10, 4), (10, 5), (10, 6), (10, 7), (10, 8), (10, 9), (11, 0), (11, 1), (11, 2), (11, 3), (11, 4), (11, 5), (11, 6), (11, 7), (11, 8), (11, 9)]
accessible_from:
  (0, 0) -> [(0, 1), (1, 0)]
  (0, 1) -> [(0, 0), (1, 1)]
  (0, 2) -> [(0, 3)]
  (0, 3) -> [(0, 2), (0, 4)]
  (0, 4) -> [(0, 3), (0, 5)]
  (0, 5) -> [(0, 4), (0, 6), (1, 5)]
  (0, 6) -> [(0, 5), (0, 7), (1, 6)]
  (0, 7) -> [(0, 6)]
  (1, 0) -> [(0, 0), (1, 1), (2, 0)]
  (1, 1) -> [(0, 1), (1, 0), (2, 1)]
  (1, 2) -> [(1, 3), (2, 2)]
  (1, 3) -> [(1, 2), (2, 3)]
  (1, 4) -> [(1, 5), (2, 4)]
  (1, 5) -> [(0, 5), (1, 4), (2, 5)]
  (1, 6) -> [(0, 6), (1, 7)]
  (1, 7) -> [(1, 6), (2, 7)]
  (1, 8) -> [(2, 8)]
  (2, 0) -> [(1, 0), (3, 0)]
  (2, 1) -> [(1, 1), (2, 2)]
  (2, 2) -> [(1, 2), (2, 1), (3, 2)]
  (2, 3) -> [(1, 3), (2, 4), (3, 3)]
  (2, 4) -> [(1, 4), (2, 3), (3, 4)]
  (2, 5) -> [(1, 5), (2, 6), (3, 5)]
  (2, 6) -> [(2, 5), (3, 6)]
  (2, 7) -> [(1, 7), (2, 8), (3, 7)]
  (2, 8) -> [(1, 8), (2, 7), (3, 8)]
  (3, 0) -> [(2, 0), (4, 0)]
  (3, 1) -> [(3, 2), (4, 1)]
  (3, 2) -> [(2, 2), (3, 1), (4, 2)]
  (3, 3) -> [(2, 3), (3, 4), (4, 3)]
  (3, 4) -> [(2, 4), (3, 3), (4, 4)]
  (3, 5) -> [(2, 5), (3, 6), (4, 5)]
  (3, 6) -> [(2, 6), (3, 5), (4, 6)]
  (3, 7) -> [(2, 7), (3, 8), (4, 7)]
  (3, 8) -> [(2, 8), (3, 7)]
  (4, 0) -> [(3, 0), (5, 0)]
  (4, 1) -> [(3, 1), (4, 2), (5, 1)]
  (4, 2) -> [(3, 2), (4, 1)]
  (4, 3) -> [(3, 3), (4, 4), (5, 3)]
  (4, 4) -> [(3, 4), (4, 3), (5, 4)]
  (4, 5) -> [(3, 5), (4, 6)]
  (4, 6) -> [(3, 6), (4, 5)]
  (4, 7) -> [(3, 7), (4, 8)]
  (4, 8) -> [(4, 7), (5, 8)]
  (4, 9) -> [(5, 9)]
  (5, 0) -> [(4, 0), (5, 1), (6, 0)]
  (5, 1) -> [(4, 1), (5, 0), (5, 2), (6, 1)]
  (5, 2) -> [(5, 1), (6, 2)]
  (5, 3) -> [(4, 3), (5, 4), (6, 3)]
  (5, 4) -> [(4, 4), (5, 3)]
  (5, 5) -> [(5, 6), (6, 5)]
  (5, 6) -> [(5, 5), (6, 6)]
  (5, 7) -> [(5, 8), (6, 7)]
  (5, 8) -> [(4, 8), (5, 7), (6, 8)]
  (5, 9) -> [(4, 9), (5, 10), (6, 9)]
  (5, 10) -> [(5, 9)]
  (5, 11) -> [(6, 11)]
  (6, 0) -> [(5, 0), (6, 1), (7, 0)]
  (6, 1) -> [(5, 1), (6, 0), (7, 1)]
  (6, 2) -> [(5, 2), (7, 2)]
  (6, 3) -> [(5, 3), (6, 4), (7, 3)]
  (6, 4) -> [(6, 3), (6, 5), (7, 4)]
  (6, 5) -> [(5, 5), (6, 4), (6, 6), (7, 5)]
  (6, 6) -> [(5, 6), (6, 5), (7, 6)]
  (6, 7) -> [(5, 7), (6, 8)]
  (6, 8) -> [(5, 8), (6, 7), (7, 8)]
  (6, 9) -> [(5, 9), (6, 10), (7, 9)]
  (6, 10) -> [(6, 9), (6, 11)]
  (6, 11) -> [(5, 11), (6, 10), (7, 11)]
  (7, 0) -> [(6, 0), (7, 1), (8, 0)]
  (7, 1) -> [(6, 1), (7, 0), (8, 1)]
  (7, 2) -> [(6, 2)]
  (7, 3) -> [(6, 3), (7, 4)]
  (7, 4) -> [(6, 4), (7, 3)]
  (7, 5) -> [(6, 5), (7, 6), (8, 5)]
  (7, 6) -> [(6, 6), (7, 5), (7, 7), (8, 6)]
  (7, 7) -> [(7, 6), (7, 8), (8, 7)]
  (7, 8) -> [(6, 8), (7, 7), (7, 9)]
  (7, 9) -> [(6, 9), (7, 8), (8, 9)]
  (7, 11) -> [(6, 11)]
  (8, 0) -> [(7, 0), (8, 1), (9, 0)]
  (8, 1) -> [(7, 1), (8, 0)]
  (8, 2) -> [(9, 2)]
  (8, 3) -> [(8, 4), (9, 3)]
  (8, 4) -> [(8, 3), (9, 4)]
  (8, 5) -> [(7, 5), (9, 5)]
  (8, 6) -> [(7, 6), (8, 7)]
  (8, 7) -> [(7, 7), (8, 6), (8, 8), (9, 7)]
  (8, 8) -> [(8, 7), (8, 9), (9, 8)]
  (8, 9) -> [(7, 9), (8, 8), (9, 9)]
  (9, 0) -> [(8, 0), (9, 1), (10, 0)]
  (9, 1) -> [(9, 0), (10, 1)]
  (9, 2) -> [(8, 2), (9, 3)]
  (9, 3) -> [(8, 3), (9, 2)]
  (9, 4) -> [(8, 4), (9, 5)]
  (9, 5) -> [(8, 5), (9, 4), (10, 5)]
  (9, 6) -> [(9, 7), (10, 6)]
  (9, 7) -> [(8, 7), (9, 6), (9, 8), (10, 7)]
  (9, 8) -> [(8, 8), (9, 7), (9, 9), (10, 8)]
  (9, 9) -> [(8, 9), (9, 8), (10, 9)]
  (10, 0) -> [(9, 0), (10, 1), (11, 0)]
  (10, 1) -> [(9, 1), (10, 0), (11, 1)]
  (10, 2) -> [(10, 3), (11, 2)]
  (10, 3) -> [(10, 2), (11, 3)]
  (10, 4) -> [(10, 5), (11, 4)]
  (10, 5) -> [(9, 5), (10, 4), (11, 5)]
  (10, 6) -> [(9, 6), (10, 7), (11, 6)]
  (10, 7) -> [(9, 7), (10, 6), (10, 8), (11, 7)]
  (10, 8) -> [(9, 8), (10, 7), (10, 9), (11, 8)]
  (10, 9) -> [(9, 9), (10, 8), (11, 9)]
  (11, 0) -> [(10, 0), (11, 1)]
  (11, 1) -> [(10, 1), (11, 0), (11, 2)]
  (11, 2) -> [(10, 2), (11, 1), (11, 3)]
  (11, 3) -> [(10, 3), (11, 2)]
  (11, 4) -> [(10, 4), (11, 5)]
  (11, 5) -> [(10, 5), (11, 4)]
  (11, 6) -> [(10, 6), (11, 7)]
  (11, 7) -> [(10, 7), (11, 6), (11, 8)]
  (11, 8) -> [(10, 8), (11, 7), (11, 9)]
  (11, 9) -> [(10, 9), (11, 8)]
parent_path: {}
exploration_queue: [(5, 10), (4, 9), (8, 2), (11, 9), (7, 11), (5, 11)]

2025-07-31 20:37:14,675 - DEBUG - 
=== VISUAL BOARD - STEP 114 - BFS-EXPLORATION ===
   0  1  2  3  4  5  6  7  8  9 10 11
11 .  .  .  .  .  V  R  V  .  .  .  .   11
10 .  .  .  .  .  V  V  .  .  .  .  .   10
 9 .  .  .  .  V  V  V  V  V  V  V  V    9
 8 .  V  V  V  V  V  V  V  V  V  V  V    8
 7 V  V  V  V  V  V  V  V  V  V  V  V    7
 6 V  V  V  V  V  V  V  V  V  V  V  V    6
 5 V  V  V  V  V  V  V  V  V  V  V  V    5
 4 V  V  V  V  V  V  V  V  V  V  V  V    4
 3 V  V  V  V  V  V  V  V  V  V  V  V    3
 2 V  V  V  V  V  V  V  V  V  V  V  V    2
 1 V  V  V  V  V  V  V  V  V  V  V  V    1
 0 V  V  V  V  V  V  V  V  V  V  V  V    0
   0  1  2  3  4  5  6  7  8  9 10 11
Legend: R=Robot, V=Visited, P=Path, .=Unvisited

2025-07-31 20:37:14,675 - INFO - BFS Exploration Step 115: Exploring (5, 10)
2025-07-31 20:37:14,676 - DEBUG - Moving down from (6, 11) to (6, 10)
2025-07-31 20:37:14,736 - DEBUG - Moving down from (6, 10) to (6, 9)
2025-07-31 20:37:14,804 - DEBUG - Moving left from (6, 9) to (5, 9)
2025-07-31 20:37:14,907 - DEBUG - Moving up from (5, 9) to (5, 10)
2025-07-31 20:37:14,972 - DEBUG - Sensor readings: {'front': 1386.0984084315805, 'right': 336.4644694285845, 'back': 1271.4986587982542, 'left': 2000.0}
2025-07-31 20:37:14,972 - DEBUG - Wall detected right to (6, 10)
2025-07-31 20:37:14,972 - DEBUG - Added neighbor left: (4, 10)
2025-07-31 20:37:14,972 - DEBUG - Added 1 new neighbors. Queue size: 6
2025-07-31 20:37:14,972 - DEBUG - 
=== STEP 115 DATA STRUCTURES ===
Current Cell: (5, 10)
explored_cells: [(0, 0), (0, 1), (0, 2), (0, 3), (0, 4), (0, 5), (0, 6), (0, 7), (1, 0), (1, 1), (1, 2), (1, 3), (1, 4), (1, 5), (1, 6), (1, 7), (1, 8), (2, 0), (2, 1), (2, 2), (2, 3), (2, 4), (2, 5), (2, 6), (2, 7), (2, 8), (3, 0), (3, 1), (3, 2), (3, 3), (3, 4), (3, 5), (3, 6), (3, 7), (3, 8), (4, 0), (4, 1), (4, 2), (4, 3), (4, 4), (4, 5), (4, 6), (4, 7), (4, 8), (4, 9), (4, 10), (5, 0), (5, 1), (5, 2), (5, 3), (5, 4), (5, 5), (5, 6), (5, 7), (5, 8), (5, 9), (5, 10), (5, 11), (6, 0), (6, 1), (6, 2), (6, 3), (6, 4), (6, 5), (6, 6), (6, 7), (6, 8), (6, 9), (6, 10), (6, 11), (7, 0), (7, 1), (7, 2), (7, 3), (7, 4), (7, 5), (7, 6), (7, 7), (7, 8), (7, 9), (7, 11), (8, 0), (8, 1), (8, 2), (8, 3), (8, 4), (8, 5), (8, 6), (8, 7), (8, 8), (8, 9), (9, 0), (9, 1), (9, 2), (9, 3), (9, 4), (9, 5), (9, 6), (9, 7), (9, 8), (9, 9), (10, 0), (10, 1), (10, 2), (10, 3), (10, 4), (10, 5), (10, 6), (10, 7), (10, 8), (10, 9), (11, 0), (11, 1), (11, 2), (11, 3), (11, 4), (11, 5), (11, 6), (11, 7), (11, 8), (11, 9)]
accessible_from:
  (0, 0) -> [(0, 1), (1, 0)]
  (0, 1) -> [(0, 0), (1, 1)]
  (0, 2) -> [(0, 3)]
  (0, 3) -> [(0, 2), (0, 4)]
  (0, 4) -> [(0, 3), (0, 5)]
  (0, 5) -> [(0, 4), (0, 6), (1, 5)]
  (0, 6) -> [(0, 5), (0, 7), (1, 6)]
  (0, 7) -> [(0, 6)]
  (1, 0) -> [(0, 0), (1, 1), (2, 0)]
  (1, 1) -> [(0, 1), (1, 0), (2, 1)]
  (1, 2) -> [(1, 3), (2, 2)]
  (1, 3) -> [(1, 2), (2, 3)]
  (1, 4) -> [(1, 5), (2, 4)]
  (1, 5) -> [(0, 5), (1, 4), (2, 5)]
  (1, 6) -> [(0, 6), (1, 7)]
  (1, 7) -> [(1, 6), (2, 7)]
  (1, 8) -> [(2, 8)]
  (2, 0) -> [(1, 0), (3, 0)]
  (2, 1) -> [(1, 1), (2, 2)]
  (2, 2) -> [(1, 2), (2, 1), (3, 2)]
  (2, 3) -> [(1, 3), (2, 4), (3, 3)]
  (2, 4) -> [(1, 4), (2, 3), (3, 4)]
  (2, 5) -> [(1, 5), (2, 6), (3, 5)]
  (2, 6) -> [(2, 5), (3, 6)]
  (2, 7) -> [(1, 7), (2, 8), (3, 7)]
  (2, 8) -> [(1, 8), (2, 7), (3, 8)]
  (3, 0) -> [(2, 0), (4, 0)]
  (3, 1) -> [(3, 2), (4, 1)]
  (3, 2) -> [(2, 2), (3, 1), (4, 2)]
  (3, 3) -> [(2, 3), (3, 4), (4, 3)]
  (3, 4) -> [(2, 4), (3, 3), (4, 4)]
  (3, 5) -> [(2, 5), (3, 6), (4, 5)]
  (3, 6) -> [(2, 6), (3, 5), (4, 6)]
  (3, 7) -> [(2, 7), (3, 8), (4, 7)]
  (3, 8) -> [(2, 8), (3, 7)]
  (4, 0) -> [(3, 0), (5, 0)]
  (4, 1) -> [(3, 1), (4, 2), (5, 1)]
  (4, 2) -> [(3, 2), (4, 1)]
  (4, 3) -> [(3, 3), (4, 4), (5, 3)]
  (4, 4) -> [(3, 4), (4, 3), (5, 4)]
  (4, 5) -> [(3, 5), (4, 6)]
  (4, 6) -> [(3, 6), (4, 5)]
  (4, 7) -> [(3, 7), (4, 8)]
  (4, 8) -> [(4, 7), (5, 8)]
  (4, 9) -> [(5, 9)]
  (4, 10) -> [(5, 10)]
  (5, 0) -> [(4, 0), (5, 1), (6, 0)]
  (5, 1) -> [(4, 1), (5, 0), (5, 2), (6, 1)]
  (5, 2) -> [(5, 1), (6, 2)]
  (5, 3) -> [(4, 3), (5, 4), (6, 3)]
  (5, 4) -> [(4, 4), (5, 3)]
  (5, 5) -> [(5, 6), (6, 5)]
  (5, 6) -> [(5, 5), (6, 6)]
  (5, 7) -> [(5, 8), (6, 7)]
  (5, 8) -> [(4, 8), (5, 7), (6, 8)]
  (5, 9) -> [(4, 9), (5, 10), (6, 9)]
  (5, 10) -> [(4, 10), (5, 9), (5, 11)]
  (5, 11) -> [(5, 10), (6, 11)]
  (6, 0) -> [(5, 0), (6, 1), (7, 0)]
  (6, 1) -> [(5, 1), (6, 0), (7, 1)]
  (6, 2) -> [(5, 2), (7, 2)]
  (6, 3) -> [(5, 3), (6, 4), (7, 3)]
  (6, 4) -> [(6, 3), (6, 5), (7, 4)]
  (6, 5) -> [(5, 5), (6, 4), (6, 6), (7, 5)]
  (6, 6) -> [(5, 6), (6, 5), (7, 6)]
  (6, 7) -> [(5, 7), (6, 8)]
  (6, 8) -> [(5, 8), (6, 7), (7, 8)]
  (6, 9) -> [(5, 9), (6, 10), (7, 9)]
  (6, 10) -> [(6, 9), (6, 11)]
  (6, 11) -> [(5, 11), (6, 10), (7, 11)]
  (7, 0) -> [(6, 0), (7, 1), (8, 0)]
  (7, 1) -> [(6, 1), (7, 0), (8, 1)]
  (7, 2) -> [(6, 2)]
  (7, 3) -> [(6, 3), (7, 4)]
  (7, 4) -> [(6, 4), (7, 3)]
  (7, 5) -> [(6, 5), (7, 6), (8, 5)]
  (7, 6) -> [(6, 6), (7, 5), (7, 7), (8, 6)]
  (7, 7) -> [(7, 6), (7, 8), (8, 7)]
  (7, 8) -> [(6, 8), (7, 7), (7, 9)]
  (7, 9) -> [(6, 9), (7, 8), (8, 9)]
  (7, 11) -> [(6, 11)]
  (8, 0) -> [(7, 0), (8, 1), (9, 0)]
  (8, 1) -> [(7, 1), (8, 0)]
  (8, 2) -> [(9, 2)]
  (8, 3) -> [(8, 4), (9, 3)]
  (8, 4) -> [(8, 3), (9, 4)]
  (8, 5) -> [(7, 5), (9, 5)]
  (8, 6) -> [(7, 6), (8, 7)]
  (8, 7) -> [(7, 7), (8, 6), (8, 8), (9, 7)]
  (8, 8) -> [(8, 7), (8, 9), (9, 8)]
  (8, 9) -> [(7, 9), (8, 8), (9, 9)]
  (9, 0) -> [(8, 0), (9, 1), (10, 0)]
  (9, 1) -> [(9, 0), (10, 1)]
  (9, 2) -> [(8, 2), (9, 3)]
  (9, 3) -> [(8, 3), (9, 2)]
  (9, 4) -> [(8, 4), (9, 5)]
  (9, 5) -> [(8, 5), (9, 4), (10, 5)]
  (9, 6) -> [(9, 7), (10, 6)]
  (9, 7) -> [(8, 7), (9, 6), (9, 8), (10, 7)]
  (9, 8) -> [(8, 8), (9, 7), (9, 9), (10, 8)]
  (9, 9) -> [(8, 9), (9, 8), (10, 9)]
  (10, 0) -> [(9, 0), (10, 1), (11, 0)]
  (10, 1) -> [(9, 1), (10, 0), (11, 1)]
  (10, 2) -> [(10, 3), (11, 2)]
  (10, 3) -> [(10, 2), (11, 3)]
  (10, 4) -> [(10, 5), (11, 4)]
  (10, 5) -> [(9, 5), (10, 4), (11, 5)]
  (10, 6) -> [(9, 6), (10, 7), (11, 6)]
  (10, 7) -> [(9, 7), (10, 6), (10, 8), (11, 7)]
  (10, 8) -> [(9, 8), (10, 7), (10, 9), (11, 8)]
  (10, 9) -> [(9, 9), (10, 8), (11, 9)]
  (11, 0) -> [(10, 0), (11, 1)]
  (11, 1) -> [(10, 1), (11, 0), (11, 2)]
  (11, 2) -> [(10, 2), (11, 1), (11, 3)]
  (11, 3) -> [(10, 3), (11, 2)]
  (11, 4) -> [(10, 4), (11, 5)]
  (11, 5) -> [(10, 5), (11, 4)]
  (11, 6) -> [(10, 6), (11, 7)]
  (11, 7) -> [(10, 7), (11, 6), (11, 8)]
  (11, 8) -> [(10, 8), (11, 7), (11, 9)]
  (11, 9) -> [(10, 9), (11, 8)]
parent_path: {}
exploration_queue: [(4, 9), (8, 2), (11, 9), (7, 11), (5, 11), (4, 10)]

2025-07-31 20:37:14,972 - DEBUG - 
=== VISUAL BOARD - STEP 115 - BFS-EXPLORATION ===
   0  1  2  3  4  5  6  7  8  9 10 11
11 .  .  .  .  .  V  V  V  .  .  .  .   11
10 .  .  .  .  V  R  V  .  .  .  .  .   10
 9 .  .  .  .  V  V  V  V  V  V  V  V    9
 8 .  V  V  V  V  V  V  V  V  V  V  V    8
 7 V  V  V  V  V  V  V  V  V  V  V  V    7
 6 V  V  V  V  V  V  V  V  V  V  V  V    6
 5 V  V  V  V  V  V  V  V  V  V  V  V    5
 4 V  V  V  V  V  V  V  V  V  V  V  V    4
 3 V  V  V  V  V  V  V  V  V  V  V  V    3
 2 V  V  V  V  V  V  V  V  V  V  V  V    2
 1 V  V  V  V  V  V  V  V  V  V  V  V    1
 0 V  V  V  V  V  V  V  V  V  V  V  V    0
   0  1  2  3  4  5  6  7  8  9 10 11
Legend: R=Robot, V=Visited, P=Path, .=Unvisited

2025-07-31 20:37:14,972 - INFO - BFS Exploration Step 116: Exploring (4, 9)
2025-07-31 20:37:14,972 - DEBUG - Moving down from (5, 10) to (5, 9)
2025-07-31 20:37:15,038 - DEBUG - Moving left from (5, 9) to (4, 9)
2025-07-31 20:37:15,136 - DEBUG - Sensor readings: {'front': 2000.0, 'right': 2000.0, 'back': 338.61513744396063, 'left': 1360.747558691591}
2025-07-31 20:37:15,136 - DEBUG - Added neighbor left: (3, 9)
2025-07-31 20:37:15,136 - DEBUG - Wall detected down to (4, 8)
2025-07-31 20:37:15,136 - DEBUG - Added 1 new neighbors. Queue size: 6
2025-07-31 20:37:15,136 - DEBUG - 
=== STEP 116 DATA STRUCTURES ===
Current Cell: (4, 9)
explored_cells: [(0, 0), (0, 1), (0, 2), (0, 3), (0, 4), (0, 5), (0, 6), (0, 7), (1, 0), (1, 1), (1, 2), (1, 3), (1, 4), (1, 5), (1, 6), (1, 7), (1, 8), (2, 0), (2, 1), (2, 2), (2, 3), (2, 4), (2, 5), (2, 6), (2, 7), (2, 8), (3, 0), (3, 1), (3, 2), (3, 3), (3, 4), (3, 5), (3, 6), (3, 7), (3, 8), (3, 9), (4, 0), (4, 1), (4, 2), (4, 3), (4, 4), (4, 5), (4, 6), (4, 7), (4, 8), (4, 9), (4, 10), (5, 0), (5, 1), (5, 2), (5, 3), (5, 4), (5, 5), (5, 6), (5, 7), (5, 8), (5, 9), (5, 10), (5, 11), (6, 0), (6, 1), (6, 2), (6, 3), (6, 4), (6, 5), (6, 6), (6, 7), (6, 8), (6, 9), (6, 10), (6, 11), (7, 0), (7, 1), (7, 2), (7, 3), (7, 4), (7, 5), (7, 6), (7, 7), (7, 8), (7, 9), (7, 11), (8, 0), (8, 1), (8, 2), (8, 3), (8, 4), (8, 5), (8, 6), (8, 7), (8, 8), (8, 9), (9, 0), (9, 1), (9, 2), (9, 3), (9, 4), (9, 5), (9, 6), (9, 7), (9, 8), (9, 9), (10, 0), (10, 1), (10, 2), (10, 3), (10, 4), (10, 5), (10, 6), (10, 7), (10, 8), (10, 9), (11, 0), (11, 1), (11, 2), (11, 3), (11, 4), (11, 5), (11, 6), (11, 7), (11, 8), (11, 9)]
accessible_from:
  (0, 0) -> [(0, 1), (1, 0)]
  (0, 1) -> [(0, 0), (1, 1)]
  (0, 2) -> [(0, 3)]
  (0, 3) -> [(0, 2), (0, 4)]
  (0, 4) -> [(0, 3), (0, 5)]
  (0, 5) -> [(0, 4), (0, 6), (1, 5)]
  (0, 6) -> [(0, 5), (0, 7), (1, 6)]
  (0, 7) -> [(0, 6)]
  (1, 0) -> [(0, 0), (1, 1), (2, 0)]
  (1, 1) -> [(0, 1), (1, 0), (2, 1)]
  (1, 2) -> [(1, 3), (2, 2)]
  (1, 3) -> [(1, 2), (2, 3)]
  (1, 4) -> [(1, 5), (2, 4)]
  (1, 5) -> [(0, 5), (1, 4), (2, 5)]
  (1, 6) -> [(0, 6), (1, 7)]
  (1, 7) -> [(1, 6), (2, 7)]
  (1, 8) -> [(2, 8)]
  (2, 0) -> [(1, 0), (3, 0)]
  (2, 1) -> [(1, 1), (2, 2)]
  (2, 2) -> [(1, 2), (2, 1), (3, 2)]
  (2, 3) -> [(1, 3), (2, 4), (3, 3)]
  (2, 4) -> [(1, 4), (2, 3), (3, 4)]
  (2, 5) -> [(1, 5), (2, 6), (3, 5)]
  (2, 6) -> [(2, 5), (3, 6)]
  (2, 7) -> [(1, 7), (2, 8), (3, 7)]
  (2, 8) -> [(1, 8), (2, 7), (3, 8)]
  (3, 0) -> [(2, 0), (4, 0)]
  (3, 1) -> [(3, 2), (4, 1)]
  (3, 2) -> [(2, 2), (3, 1), (4, 2)]
  (3, 3) -> [(2, 3), (3, 4), (4, 3)]
  (3, 4) -> [(2, 4), (3, 3), (4, 4)]
  (3, 5) -> [(2, 5), (3, 6), (4, 5)]
  (3, 6) -> [(2, 6), (3, 5), (4, 6)]
  (3, 7) -> [(2, 7), (3, 8), (4, 7)]
  (3, 8) -> [(2, 8), (3, 7)]
  (3, 9) -> [(4, 9)]
  (4, 0) -> [(3, 0), (5, 0)]
  (4, 1) -> [(3, 1), (4, 2), (5, 1)]
  (4, 2) -> [(3, 2), (4, 1)]
  (4, 3) -> [(3, 3), (4, 4), (5, 3)]
  (4, 4) -> [(3, 4), (4, 3), (5, 4)]
  (4, 5) -> [(3, 5), (4, 6)]
  (4, 6) -> [(3, 6), (4, 5)]
  (4, 7) -> [(3, 7), (4, 8)]
  (4, 8) -> [(4, 7), (5, 8)]
  (4, 9) -> [(3, 9), (4, 10), (5, 9)]
  (4, 10) -> [(4, 9), (5, 10)]
  (5, 0) -> [(4, 0), (5, 1), (6, 0)]
  (5, 1) -> [(4, 1), (5, 0), (5, 2), (6, 1)]
  (5, 2) -> [(5, 1), (6, 2)]
  (5, 3) -> [(4, 3), (5, 4), (6, 3)]
  (5, 4) -> [(4, 4), (5, 3)]
  (5, 5) -> [(5, 6), (6, 5)]
  (5, 6) -> [(5, 5), (6, 6)]
  (5, 7) -> [(5, 8), (6, 7)]
  (5, 8) -> [(4, 8), (5, 7), (6, 8)]
  (5, 9) -> [(4, 9), (5, 10), (6, 9)]
  (5, 10) -> [(4, 10), (5, 9), (5, 11)]
  (5, 11) -> [(5, 10), (6, 11)]
  (6, 0) -> [(5, 0), (6, 1), (7, 0)]
  (6, 1) -> [(5, 1), (6, 0), (7, 1)]
  (6, 2) -> [(5, 2), (7, 2)]
  (6, 3) -> [(5, 3), (6, 4), (7, 3)]
  (6, 4) -> [(6, 3), (6, 5), (7, 4)]
  (6, 5) -> [(5, 5), (6, 4), (6, 6), (7, 5)]
  (6, 6) -> [(5, 6), (6, 5), (7, 6)]
  (6, 7) -> [(5, 7), (6, 8)]
  (6, 8) -> [(5, 8), (6, 7), (7, 8)]
  (6, 9) -> [(5, 9), (6, 10), (7, 9)]
  (6, 10) -> [(6, 9), (6, 11)]
  (6, 11) -> [(5, 11), (6, 10), (7, 11)]
  (7, 0) -> [(6, 0), (7, 1), (8, 0)]
  (7, 1) -> [(6, 1), (7, 0), (8, 1)]
  (7, 2) -> [(6, 2)]
  (7, 3) -> [(6, 3), (7, 4)]
  (7, 4) -> [(6, 4), (7, 3)]
  (7, 5) -> [(6, 5), (7, 6), (8, 5)]
  (7, 6) -> [(6, 6), (7, 5), (7, 7), (8, 6)]
  (7, 7) -> [(7, 6), (7, 8), (8, 7)]
  (7, 8) -> [(6, 8), (7, 7), (7, 9)]
  (7, 9) -> [(6, 9), (7, 8), (8, 9)]
  (7, 11) -> [(6, 11)]
  (8, 0) -> [(7, 0), (8, 1), (9, 0)]
  (8, 1) -> [(7, 1), (8, 0)]
  (8, 2) -> [(9, 2)]
  (8, 3) -> [(8, 4), (9, 3)]
  (8, 4) -> [(8, 3), (9, 4)]
  (8, 5) -> [(7, 5), (9, 5)]
  (8, 6) -> [(7, 6), (8, 7)]
  (8, 7) -> [(7, 7), (8, 6), (8, 8), (9, 7)]
  (8, 8) -> [(8, 7), (8, 9), (9, 8)]
  (8, 9) -> [(7, 9), (8, 8), (9, 9)]
  (9, 0) -> [(8, 0), (9, 1), (10, 0)]
  (9, 1) -> [(9, 0), (10, 1)]
  (9, 2) -> [(8, 2), (9, 3)]
  (9, 3) -> [(8, 3), (9, 2)]
  (9, 4) -> [(8, 4), (9, 5)]
  (9, 5) -> [(8, 5), (9, 4), (10, 5)]
  (9, 6) -> [(9, 7), (10, 6)]
  (9, 7) -> [(8, 7), (9, 6), (9, 8), (10, 7)]
  (9, 8) -> [(8, 8), (9, 7), (9, 9), (10, 8)]
  (9, 9) -> [(8, 9), (9, 8), (10, 9)]
  (10, 0) -> [(9, 0), (10, 1), (11, 0)]
  (10, 1) -> [(9, 1), (10, 0), (11, 1)]
  (10, 2) -> [(10, 3), (11, 2)]
  (10, 3) -> [(10, 2), (11, 3)]
  (10, 4) -> [(10, 5), (11, 4)]
  (10, 5) -> [(9, 5), (10, 4), (11, 5)]
  (10, 6) -> [(9, 6), (10, 7), (11, 6)]
  (10, 7) -> [(9, 7), (10, 6), (10, 8), (11, 7)]
  (10, 8) -> [(9, 8), (10, 7), (10, 9), (11, 8)]
  (10, 9) -> [(9, 9), (10, 8), (11, 9)]
  (11, 0) -> [(10, 0), (11, 1)]
  (11, 1) -> [(10, 1), (11, 0), (11, 2)]
  (11, 2) -> [(10, 2), (11, 1), (11, 3)]
  (11, 3) -> [(10, 3), (11, 2)]
  (11, 4) -> [(10, 4), (11, 5)]
  (11, 5) -> [(10, 5), (11, 4)]
  (11, 6) -> [(10, 6), (11, 7)]
  (11, 7) -> [(10, 7), (11, 6), (11, 8)]
  (11, 8) -> [(10, 8), (11, 7), (11, 9)]
  (11, 9) -> [(10, 9), (11, 8)]
parent_path: {}
exploration_queue: [(8, 2), (11, 9), (7, 11), (5, 11), (4, 10), (3, 9)]

2025-07-31 20:37:15,136 - DEBUG - 
=== VISUAL BOARD - STEP 116 - BFS-EXPLORATION ===
   0  1  2  3  4  5  6  7  8  9 10 11
11 .  .  .  .  .  V  V  V  .  .  .  .   11
10 .  .  .  .  V  V  V  .  .  .  .  .   10
 9 .  .  .  V  R  V  V  V  V  V  V  V    9
 8 .  V  V  V  V  V  V  V  V  V  V  V    8
 7 V  V  V  V  V  V  V  V  V  V  V  V    7
 6 V  V  V  V  V  V  V  V  V  V  V  V    6
 5 V  V  V  V  V  V  V  V  V  V  V  V    5
 4 V  V  V  V  V  V  V  V  V  V  V  V    4
 3 V  V  V  V  V  V  V  V  V  V  V  V    3
 2 V  V  V  V  V  V  V  V  V  V  V  V    2
 1 V  V  V  V  V  V  V  V  V  V  V  V    1
 0 V  V  V  V  V  V  V  V  V  V  V  V    0
   0  1  2  3  4  5  6  7  8  9 10 11
Legend: R=Robot, V=Visited, P=Path, .=Unvisited

2025-07-31 20:37:15,136 - INFO - BFS Exploration Step 117: Exploring (8, 2)
2025-07-31 20:37:15,136 - DEBUG - Moving right from (4, 9) to (5, 9)
2025-07-31 20:37:15,237 - DEBUG - Moving right from (5, 9) to (6, 9)
2025-07-31 20:37:15,338 - DEBUG - Moving right from (6, 9) to (7, 9)
2025-07-31 20:37:15,441 - DEBUG - Moving down from (7, 9) to (7, 8)
2025-07-31 20:37:15,502 - DEBUG - Moving down from (7, 8) to (7, 7)
2025-07-31 20:37:15,570 - DEBUG - Moving down from (7, 7) to (7, 6)
2025-07-31 20:37:15,638 - DEBUG - Moving down from (7, 6) to (7, 5)
2025-07-31 20:37:15,699 - DEBUG - Moving right from (7, 5) to (8, 5)
2025-07-31 20:37:15,798 - DEBUG - Moving right from (8, 5) to (9, 5)
2025-07-31 20:37:15,897 - DEBUG - Moving down from (9, 5) to (9, 4)
2025-07-31 20:37:15,961 - DEBUG - Moving left from (9, 4) to (8, 4)
2025-07-31 20:37:16,063 - DEBUG - Moving down from (8, 4) to (8, 3)
2025-07-31 20:37:16,132 - DEBUG - Moving right from (8, 3) to (9, 3)
2025-07-31 20:37:16,225 - DEBUG - Moving down from (9, 3) to (9, 2)
2025-07-31 20:37:16,291 - DEBUG - Moving left from (9, 2) to (8, 2)
2025-07-31 20:37:16,392 - DEBUG - Sensor readings: {'front': 339.501305818324, 'right': 1276.9391662300707, 'back': 294.880080179237, 'left': 362.05352879583785}
2025-07-31 20:37:16,392 - DEBUG - Wall detected up to (8, 3)
2025-07-31 20:37:16,392 - DEBUG - Wall detected left to (7, 2)
2025-07-31 20:37:16,392 - DEBUG - Wall detected down to (8, 1)
2025-07-31 20:37:16,392 - DEBUG - Added 0 new neighbors. Queue size: 5
2025-07-31 20:37:16,392 - DEBUG - 
=== STEP 117 DATA STRUCTURES ===
Current Cell: (8, 2)
explored_cells: [(0, 0), (0, 1), (0, 2), (0, 3), (0, 4), (0, 5), (0, 6), (0, 7), (1, 0), (1, 1), (1, 2), (1, 3), (1, 4), (1, 5), (1, 6), (1, 7), (1, 8), (2, 0), (2, 1), (2, 2), (2, 3), (2, 4), (2, 5), (2, 6), (2, 7), (2, 8), (3, 0), (3, 1), (3, 2), (3, 3), (3, 4), (3, 5), (3, 6), (3, 7), (3, 8), (3, 9), (4, 0), (4, 1), (4, 2), (4, 3), (4, 4), (4, 5), (4, 6), (4, 7), (4, 8), (4, 9), (4, 10), (5, 0), (5, 1), (5, 2), (5, 3), (5, 4), (5, 5), (5, 6), (5, 7), (5, 8), (5, 9), (5, 10), (5, 11), (6, 0), (6, 1), (6, 2), (6, 3), (6, 4), (6, 5), (6, 6), (6, 7), (6, 8), (6, 9), (6, 10), (6, 11), (7, 0), (7, 1), (7, 2), (7, 3), (7, 4), (7, 5), (7, 6), (7, 7), (7, 8), (7, 9), (7, 11), (8, 0), (8, 1), (8, 2), (8, 3), (8, 4), (8, 5), (8, 6), (8, 7), (8, 8), (8, 9), (9, 0), (9, 1), (9, 2), (9, 3), (9, 4), (9, 5), (9, 6), (9, 7), (9, 8), (9, 9), (10, 0), (10, 1), (10, 2), (10, 3), (10, 4), (10, 5), (10, 6), (10, 7), (10, 8), (10, 9), (11, 0), (11, 1), (11, 2), (11, 3), (11, 4), (11, 5), (11, 6), (11, 7), (11, 8), (11, 9)]
accessible_from:
  (0, 0) -> [(0, 1), (1, 0)]
  (0, 1) -> [(0, 0), (1, 1)]
  (0, 2) -> [(0, 3)]
  (0, 3) -> [(0, 2), (0, 4)]
  (0, 4) -> [(0, 3), (0, 5)]
  (0, 5) -> [(0, 4), (0, 6), (1, 5)]
  (0, 6) -> [(0, 5), (0, 7), (1, 6)]
  (0, 7) -> [(0, 6)]
  (1, 0) -> [(0, 0), (1, 1), (2, 0)]
  (1, 1) -> [(0, 1), (1, 0), (2, 1)]
  (1, 2) -> [(1, 3), (2, 2)]
  (1, 3) -> [(1, 2), (2, 3)]
  (1, 4) -> [(1, 5), (2, 4)]
  (1, 5) -> [(0, 5), (1, 4), (2, 5)]
  (1, 6) -> [(0, 6), (1, 7)]
  (1, 7) -> [(1, 6), (2, 7)]
  (1, 8) -> [(2, 8)]
  (2, 0) -> [(1, 0), (3, 0)]
  (2, 1) -> [(1, 1), (2, 2)]
  (2, 2) -> [(1, 2), (2, 1), (3, 2)]
  (2, 3) -> [(1, 3), (2, 4), (3, 3)]
  (2, 4) -> [(1, 4), (2, 3), (3, 4)]
  (2, 5) -> [(1, 5), (2, 6), (3, 5)]
  (2, 6) -> [(2, 5), (3, 6)]
  (2, 7) -> [(1, 7), (2, 8), (3, 7)]
  (2, 8) -> [(1, 8), (2, 7), (3, 8)]
  (3, 0) -> [(2, 0), (4, 0)]
  (3, 1) -> [(3, 2), (4, 1)]
  (3, 2) -> [(2, 2), (3, 1), (4, 2)]
  (3, 3) -> [(2, 3), (3, 4), (4, 3)]
  (3, 4) -> [(2, 4), (3, 3), (4, 4)]
  (3, 5) -> [(2, 5), (3, 6), (4, 5)]
  (3, 6) -> [(2, 6), (3, 5), (4, 6)]
  (3, 7) -> [(2, 7), (3, 8), (4, 7)]
  (3, 8) -> [(2, 8), (3, 7)]
  (3, 9) -> [(4, 9)]
  (4, 0) -> [(3, 0), (5, 0)]
  (4, 1) -> [(3, 1), (4, 2), (5, 1)]
  (4, 2) -> [(3, 2), (4, 1)]
  (4, 3) -> [(3, 3), (4, 4), (5, 3)]
  (4, 4) -> [(3, 4), (4, 3), (5, 4)]
  (4, 5) -> [(3, 5), (4, 6)]
  (4, 6) -> [(3, 6), (4, 5)]
  (4, 7) -> [(3, 7), (4, 8)]
  (4, 8) -> [(4, 7), (5, 8)]
  (4, 9) -> [(3, 9), (4, 10), (5, 9)]
  (4, 10) -> [(4, 9), (5, 10)]
  (5, 0) -> [(4, 0), (5, 1), (6, 0)]
  (5, 1) -> [(4, 1), (5, 0), (5, 2), (6, 1)]
  (5, 2) -> [(5, 1), (6, 2)]
  (5, 3) -> [(4, 3), (5, 4), (6, 3)]
  (5, 4) -> [(4, 4), (5, 3)]
  (5, 5) -> [(5, 6), (6, 5)]
  (5, 6) -> [(5, 5), (6, 6)]
  (5, 7) -> [(5, 8), (6, 7)]
  (5, 8) -> [(4, 8), (5, 7), (6, 8)]
  (5, 9) -> [(4, 9), (5, 10), (6, 9)]
  (5, 10) -> [(4, 10), (5, 9), (5, 11)]
  (5, 11) -> [(5, 10), (6, 11)]
  (6, 0) -> [(5, 0), (6, 1), (7, 0)]
  (6, 1) -> [(5, 1), (6, 0), (7, 1)]
  (6, 2) -> [(5, 2), (7, 2)]
  (6, 3) -> [(5, 3), (6, 4), (7, 3)]
  (6, 4) -> [(6, 3), (6, 5), (7, 4)]
  (6, 5) -> [(5, 5), (6, 4), (6, 6), (7, 5)]
  (6, 6) -> [(5, 6), (6, 5), (7, 6)]
  (6, 7) -> [(5, 7), (6, 8)]
  (6, 8) -> [(5, 8), (6, 7), (7, 8)]
  (6, 9) -> [(5, 9), (6, 10), (7, 9)]
  (6, 10) -> [(6, 9), (6, 11)]
  (6, 11) -> [(5, 11), (6, 10), (7, 11)]
  (7, 0) -> [(6, 0), (7, 1), (8, 0)]
  (7, 1) -> [(6, 1), (7, 0), (8, 1)]
  (7, 2) -> [(6, 2)]
  (7, 3) -> [(6, 3), (7, 4)]
  (7, 4) -> [(6, 4), (7, 3)]
  (7, 5) -> [(6, 5), (7, 6), (8, 5)]
  (7, 6) -> [(6, 6), (7, 5), (7, 7), (8, 6)]
  (7, 7) -> [(7, 6), (7, 8), (8, 7)]
  (7, 8) -> [(6, 8), (7, 7), (7, 9)]
  (7, 9) -> [(6, 9), (7, 8), (8, 9)]
  (7, 11) -> [(6, 11)]
  (8, 0) -> [(7, 0), (8, 1), (9, 0)]
  (8, 1) -> [(7, 1), (8, 0)]
  (8, 2) -> [(9, 2)]
  (8, 3) -> [(8, 4), (9, 3)]
  (8, 4) -> [(8, 3), (9, 4)]
  (8, 5) -> [(7, 5), (9, 5)]
  (8, 6) -> [(7, 6), (8, 7)]
  (8, 7) -> [(7, 7), (8, 6), (8, 8), (9, 7)]
  (8, 8) -> [(8, 7), (8, 9), (9, 8)]
  (8, 9) -> [(7, 9), (8, 8), (9, 9)]
  (9, 0) -> [(8, 0), (9, 1), (10, 0)]
  (9, 1) -> [(9, 0), (10, 1)]
  (9, 2) -> [(8, 2), (9, 3)]
  (9, 3) -> [(8, 3), (9, 2)]
  (9, 4) -> [(8, 4), (9, 5)]
  (9, 5) -> [(8, 5), (9, 4), (10, 5)]
  (9, 6) -> [(9, 7), (10, 6)]
  (9, 7) -> [(8, 7), (9, 6), (9, 8), (10, 7)]
  (9, 8) -> [(8, 8), (9, 7), (9, 9), (10, 8)]
  (9, 9) -> [(8, 9), (9, 8), (10, 9)]
  (10, 0) -> [(9, 0), (10, 1), (11, 0)]
  (10, 1) -> [(9, 1), (10, 0), (11, 1)]
  (10, 2) -> [(10, 3), (11, 2)]
  (10, 3) -> [(10, 2), (11, 3)]
  (10, 4) -> [(10, 5), (11, 4)]
  (10, 5) -> [(9, 5), (10, 4), (11, 5)]
  (10, 6) -> [(9, 6), (10, 7), (11, 6)]
  (10, 7) -> [(9, 7), (10, 6), (10, 8), (11, 7)]
  (10, 8) -> [(9, 8), (10, 7), (10, 9), (11, 8)]
  (10, 9) -> [(9, 9), (10, 8), (11, 9)]
  (11, 0) -> [(10, 0), (11, 1)]
  (11, 1) -> [(10, 1), (11, 0), (11, 2)]
  (11, 2) -> [(10, 2), (11, 1), (11, 3)]
  (11, 3) -> [(10, 3), (11, 2)]
  (11, 4) -> [(10, 4), (11, 5)]
  (11, 5) -> [(10, 5), (11, 4)]
  (11, 6) -> [(10, 6), (11, 7)]
  (11, 7) -> [(10, 7), (11, 6), (11, 8)]
  (11, 8) -> [(10, 8), (11, 7), (11, 9)]
  (11, 9) -> [(10, 9), (11, 8)]
parent_path: {}
exploration_queue: [(11, 9), (7, 11), (5, 11), (4, 10), (3, 9)]

2025-07-31 20:37:16,393 - DEBUG - 
=== VISUAL BOARD - STEP 117 - BFS-EXPLORATION ===
   0  1  2  3  4  5  6  7  8  9 10 11
11 .  .  .  .  .  V  V  V  .  .  .  .   11
10 .  .  .  .  V  V  V  .  .  .  .  .   10
 9 .  .  .  V  V  V  V  V  V  V  V  V    9
 8 .  V  V  V  V  V  V  V  V  V  V  V    8
 7 V  V  V  V  V  V  V  V  V  V  V  V    7
 6 V  V  V  V  V  V  V  V  V  V  V  V    6
 5 V  V  V  V  V  V  V  V  V  V  V  V    5
 4 V  V  V  V  V  V  V  V  V  V  V  V    4
 3 V  V  V  V  V  V  V  V  V  V  V  V    3
 2 V  V  V  V  V  V  V  V  R  V  V  V    2
 1 V  V  V  V  V  V  V  V  V  V  V  V    1
 0 V  V  V  V  V  V  V  V  V  V  V  V    0
   0  1  2  3  4  5  6  7  8  9 10 11
Legend: R=Robot, V=Visited, P=Path, .=Unvisited

2025-07-31 20:37:16,393 - INFO - BFS Exploration Step 118: Exploring (11, 9)
2025-07-31 20:37:16,393 - DEBUG - Moving right from (8, 2) to (9, 2)
2025-07-31 20:37:16,487 - DEBUG - Moving up from (9, 2) to (9, 3)
2025-07-31 20:37:16,555 - DEBUG - Moving left from (9, 3) to (8, 3)
2025-07-31 20:37:16,654 - DEBUG - Moving up from (8, 3) to (8, 4)
2025-07-31 20:37:16,720 - DEBUG - Moving right from (8, 4) to (9, 4)
2025-07-31 20:37:16,812 - DEBUG - Moving up from (9, 4) to (9, 5)
2025-07-31 20:37:16,878 - DEBUG - Moving left from (9, 5) to (8, 5)
2025-07-31 20:37:16,970 - DEBUG - Moving left from (8, 5) to (7, 5)
2025-07-31 20:37:17,065 - DEBUG - Moving up from (7, 5) to (7, 6)
2025-07-31 20:37:17,131 - DEBUG - Moving up from (7, 6) to (7, 7)
2025-07-31 20:37:17,199 - DEBUG - Moving right from (7, 7) to (8, 7)
2025-07-31 20:37:17,303 - DEBUG - Moving up from (8, 7) to (8, 8)
2025-07-31 20:37:17,369 - DEBUG - Moving up from (8, 8) to (8, 9)
2025-07-31 20:37:17,442 - DEBUG - Moving right from (8, 9) to (9, 9)
2025-07-31 20:37:17,548 - DEBUG - Moving right from (9, 9) to (10, 9)
2025-07-31 20:37:17,653 - DEBUG - Moving right from (10, 9) to (11, 9)
2025-07-31 20:37:17,759 - DEBUG - Sensor readings: {'front': 295.2936510573639, 'right': 383.31945332964733, 'back': 2000.0, 'left': 2000.0}
2025-07-31 20:37:17,759 - DEBUG - Wall detected up to (11, 10)
2025-07-31 20:37:17,759 - DEBUG - Added 0 new neighbors. Queue size: 4
2025-07-31 20:37:17,760 - DEBUG - 
=== STEP 118 DATA STRUCTURES ===
Current Cell: (11, 9)
explored_cells: [(0, 0), (0, 1), (0, 2), (0, 3), (0, 4), (0, 5), (0, 6), (0, 7), (1, 0), (1, 1), (1, 2), (1, 3), (1, 4), (1, 5), (1, 6), (1, 7), (1, 8), (2, 0), (2, 1), (2, 2), (2, 3), (2, 4), (2, 5), (2, 6), (2, 7), (2, 8), (3, 0), (3, 1), (3, 2), (3, 3), (3, 4), (3, 5), (3, 6), (3, 7), (3, 8), (3, 9), (4, 0), (4, 1), (4, 2), (4, 3), (4, 4), (4, 5), (4, 6), (4, 7), (4, 8), (4, 9), (4, 10), (5, 0), (5, 1), (5, 2), (5, 3), (5, 4), (5, 5), (5, 6), (5, 7), (5, 8), (5, 9), (5, 10), (5, 11), (6, 0), (6, 1), (6, 2), (6, 3), (6, 4), (6, 5), (6, 6), (6, 7), (6, 8), (6, 9), (6, 10), (6, 11), (7, 0), (7, 1), (7, 2), (7, 3), (7, 4), (7, 5), (7, 6), (7, 7), (7, 8), (7, 9), (7, 11), (8, 0), (8, 1), (8, 2), (8, 3), (8, 4), (8, 5), (8, 6), (8, 7), (8, 8), (8, 9), (9, 0), (9, 1), (9, 2), (9, 3), (9, 4), (9, 5), (9, 6), (9, 7), (9, 8), (9, 9), (10, 0), (10, 1), (10, 2), (10, 3), (10, 4), (10, 5), (10, 6), (10, 7), (10, 8), (10, 9), (11, 0), (11, 1), (11, 2), (11, 3), (11, 4), (11, 5), (11, 6), (11, 7), (11, 8), (11, 9)]
accessible_from:
  (0, 0) -> [(0, 1), (1, 0)]
  (0, 1) -> [(0, 0), (1, 1)]
  (0, 2) -> [(0, 3)]
  (0, 3) -> [(0, 2), (0, 4)]
  (0, 4) -> [(0, 3), (0, 5)]
  (0, 5) -> [(0, 4), (0, 6), (1, 5)]
  (0, 6) -> [(0, 5), (0, 7), (1, 6)]
  (0, 7) -> [(0, 6)]
  (1, 0) -> [(0, 0), (1, 1), (2, 0)]
  (1, 1) -> [(0, 1), (1, 0), (2, 1)]
  (1, 2) -> [(1, 3), (2, 2)]
  (1, 3) -> [(1, 2), (2, 3)]
  (1, 4) -> [(1, 5), (2, 4)]
  (1, 5) -> [(0, 5), (1, 4), (2, 5)]
  (1, 6) -> [(0, 6), (1, 7)]
  (1, 7) -> [(1, 6), (2, 7)]
  (1, 8) -> [(2, 8)]
  (2, 0) -> [(1, 0), (3, 0)]
  (2, 1) -> [(1, 1), (2, 2)]
  (2, 2) -> [(1, 2), (2, 1), (3, 2)]
  (2, 3) -> [(1, 3), (2, 4), (3, 3)]
  (2, 4) -> [(1, 4), (2, 3), (3, 4)]
  (2, 5) -> [(1, 5), (2, 6), (3, 5)]
  (2, 6) -> [(2, 5), (3, 6)]
  (2, 7) -> [(1, 7), (2, 8), (3, 7)]
  (2, 8) -> [(1, 8), (2, 7), (3, 8)]
  (3, 0) -> [(2, 0), (4, 0)]
  (3, 1) -> [(3, 2), (4, 1)]
  (3, 2) -> [(2, 2), (3, 1), (4, 2)]
  (3, 3) -> [(2, 3), (3, 4), (4, 3)]
  (3, 4) -> [(2, 4), (3, 3), (4, 4)]
  (3, 5) -> [(2, 5), (3, 6), (4, 5)]
  (3, 6) -> [(2, 6), (3, 5), (4, 6)]
  (3, 7) -> [(2, 7), (3, 8), (4, 7)]
  (3, 8) -> [(2, 8), (3, 7)]
  (3, 9) -> [(4, 9)]
  (4, 0) -> [(3, 0), (5, 0)]
  (4, 1) -> [(3, 1), (4, 2), (5, 1)]
  (4, 2) -> [(3, 2), (4, 1)]
  (4, 3) -> [(3, 3), (4, 4), (5, 3)]
  (4, 4) -> [(3, 4), (4, 3), (5, 4)]
  (4, 5) -> [(3, 5), (4, 6)]
  (4, 6) -> [(3, 6), (4, 5)]
  (4, 7) -> [(3, 7), (4, 8)]
  (4, 8) -> [(4, 7), (5, 8)]
  (4, 9) -> [(3, 9), (4, 10), (5, 9)]
  (4, 10) -> [(4, 9), (5, 10)]
  (5, 0) -> [(4, 0), (5, 1), (6, 0)]
  (5, 1) -> [(4, 1), (5, 0), (5, 2), (6, 1)]
  (5, 2) -> [(5, 1), (6, 2)]
  (5, 3) -> [(4, 3), (5, 4), (6, 3)]
  (5, 4) -> [(4, 4), (5, 3)]
  (5, 5) -> [(5, 6), (6, 5)]
  (5, 6) -> [(5, 5), (6, 6)]
  (5, 7) -> [(5, 8), (6, 7)]
  (5, 8) -> [(4, 8), (5, 7), (6, 8)]
  (5, 9) -> [(4, 9), (5, 10), (6, 9)]
  (5, 10) -> [(4, 10), (5, 9), (5, 11)]
  (5, 11) -> [(5, 10), (6, 11)]
  (6, 0) -> [(5, 0), (6, 1), (7, 0)]
  (6, 1) -> [(5, 1), (6, 0), (7, 1)]
  (6, 2) -> [(5, 2), (7, 2)]
  (6, 3) -> [(5, 3), (6, 4), (7, 3)]
  (6, 4) -> [(6, 3), (6, 5), (7, 4)]
  (6, 5) -> [(5, 5), (6, 4), (6, 6), (7, 5)]
  (6, 6) -> [(5, 6), (6, 5), (7, 6)]
  (6, 7) -> [(5, 7), (6, 8)]
  (6, 8) -> [(5, 8), (6, 7), (7, 8)]
  (6, 9) -> [(5, 9), (6, 10), (7, 9)]
  (6, 10) -> [(6, 9), (6, 11)]
  (6, 11) -> [(5, 11), (6, 10), (7, 11)]
  (7, 0) -> [(6, 0), (7, 1), (8, 0)]
  (7, 1) -> [(6, 1), (7, 0), (8, 1)]
  (7, 2) -> [(6, 2)]
  (7, 3) -> [(6, 3), (7, 4)]
  (7, 4) -> [(6, 4), (7, 3)]
  (7, 5) -> [(6, 5), (7, 6), (8, 5)]
  (7, 6) -> [(6, 6), (7, 5), (7, 7), (8, 6)]
  (7, 7) -> [(7, 6), (7, 8), (8, 7)]
  (7, 8) -> [(6, 8), (7, 7), (7, 9)]
  (7, 9) -> [(6, 9), (7, 8), (8, 9)]
  (7, 11) -> [(6, 11)]
  (8, 0) -> [(7, 0), (8, 1), (9, 0)]
  (8, 1) -> [(7, 1), (8, 0)]
  (8, 2) -> [(9, 2)]
  (8, 3) -> [(8, 4), (9, 3)]
  (8, 4) -> [(8, 3), (9, 4)]
  (8, 5) -> [(7, 5), (9, 5)]
  (8, 6) -> [(7, 6), (8, 7)]
  (8, 7) -> [(7, 7), (8, 6), (8, 8), (9, 7)]
  (8, 8) -> [(8, 7), (8, 9), (9, 8)]
  (8, 9) -> [(7, 9), (8, 8), (9, 9)]
  (9, 0) -> [(8, 0), (9, 1), (10, 0)]
  (9, 1) -> [(9, 0), (10, 1)]
  (9, 2) -> [(8, 2), (9, 3)]
  (9, 3) -> [(8, 3), (9, 2)]
  (9, 4) -> [(8, 4), (9, 5)]
  (9, 5) -> [(8, 5), (9, 4), (10, 5)]
  (9, 6) -> [(9, 7), (10, 6)]
  (9, 7) -> [(8, 7), (9, 6), (9, 8), (10, 7)]
  (9, 8) -> [(8, 8), (9, 7), (9, 9), (10, 8)]
  (9, 9) -> [(8, 9), (9, 8), (10, 9)]
  (10, 0) -> [(9, 0), (10, 1), (11, 0)]
  (10, 1) -> [(9, 1), (10, 0), (11, 1)]
  (10, 2) -> [(10, 3), (11, 2)]
  (10, 3) -> [(10, 2), (11, 3)]
  (10, 4) -> [(10, 5), (11, 4)]
  (10, 5) -> [(9, 5), (10, 4), (11, 5)]
  (10, 6) -> [(9, 6), (10, 7), (11, 6)]
  (10, 7) -> [(9, 7), (10, 6), (10, 8), (11, 7)]
  (10, 8) -> [(9, 8), (10, 7), (10, 9), (11, 8)]
  (10, 9) -> [(9, 9), (10, 8), (11, 9)]
  (11, 0) -> [(10, 0), (11, 1)]
  (11, 1) -> [(10, 1), (11, 0), (11, 2)]
  (11, 2) -> [(10, 2), (11, 1), (11, 3)]
  (11, 3) -> [(10, 3), (11, 2)]
  (11, 4) -> [(10, 4), (11, 5)]
  (11, 5) -> [(10, 5), (11, 4)]
  (11, 6) -> [(10, 6), (11, 7)]
  (11, 7) -> [(10, 7), (11, 6), (11, 8)]
  (11, 8) -> [(10, 8), (11, 7), (11, 9)]
  (11, 9) -> [(10, 9), (11, 8)]
parent_path: {}
exploration_queue: [(7, 11), (5, 11), (4, 10), (3, 9)]

2025-07-31 20:37:17,760 - DEBUG - 
=== VISUAL BOARD - STEP 118 - BFS-EXPLORATION ===
   0  1  2  3  4  5  6  7  8  9 10 11
11 .  .  .  .  .  V  V  V  .  .  .  .   11
10 .  .  .  .  V  V  V  .  .  .  .  .   10
 9 .  .  .  V  V  V  V  V  V  V  V  R    9
 8 .  V  V  V  V  V  V  V  V  V  V  V    8
 7 V  V  V  V  V  V  V  V  V  V  V  V    7
 6 V  V  V  V  V  V  V  V  V  V  V  V    6
 5 V  V  V  V  V  V  V  V  V  V  V  V    5
 4 V  V  V  V  V  V  V  V  V  V  V  V    4
 3 V  V  V  V  V  V  V  V  V  V  V  V    3
 2 V  V  V  V  V  V  V  V  V  V  V  V    2
 1 V  V  V  V  V  V  V  V  V  V  V  V    1
 0 V  V  V  V  V  V  V  V  V  V  V  V    0
   0  1  2  3  4  5  6  7  8  9 10 11
Legend: R=Robot, V=Visited, P=Path, .=Unvisited

2025-07-31 20:37:17,760 - INFO - BFS Exploration Step 119: Exploring (7, 11)
2025-07-31 20:37:17,760 - DEBUG - Moving left from (11, 9) to (10, 9)
2025-07-31 20:37:17,861 - DEBUG - Moving left from (10, 9) to (9, 9)
2025-07-31 20:37:17,960 - DEBUG - Moving left from (9, 9) to (8, 9)
2025-07-31 20:37:18,062 - DEBUG - Moving left from (8, 9) to (7, 9)
2025-07-31 20:37:18,169 - DEBUG - Moving left from (7, 9) to (6, 9)
2025-07-31 20:37:18,268 - DEBUG - Moving up from (6, 9) to (6, 10)
2025-07-31 20:37:18,333 - DEBUG - Moving up from (6, 10) to (6, 11)
2025-07-31 20:37:18,395 - DEBUG - Moving right from (6, 11) to (7, 11)
2025-07-31 20:37:18,496 - DEBUG - Sensor readings: {'front': 342.6332667256628, 'right': 2000.0, 'back': 1312.4419637499661, 'left': 2000.0}
2025-07-31 20:37:18,496 - DEBUG - Added neighbor right: (8, 11)
2025-07-31 20:37:18,496 - DEBUG - Added neighbor down: (7, 10)
2025-07-31 20:37:18,496 - DEBUG - Added 2 new neighbors. Queue size: 5
2025-07-31 20:37:18,496 - DEBUG - 
=== STEP 119 DATA STRUCTURES ===
Current Cell: (7, 11)
explored_cells: [(0, 0), (0, 1), (0, 2), (0, 3), (0, 4), (0, 5), (0, 6), (0, 7), (1, 0), (1, 1), (1, 2), (1, 3), (1, 4), (1, 5), (1, 6), (1, 7), (1, 8), (2, 0), (2, 1), (2, 2), (2, 3), (2, 4), (2, 5), (2, 6), (2, 7), (2, 8), (3, 0), (3, 1), (3, 2), (3, 3), (3, 4), (3, 5), (3, 6), (3, 7), (3, 8), (3, 9), (4, 0), (4, 1), (4, 2), (4, 3), (4, 4), (4, 5), (4, 6), (4, 7), (4, 8), (4, 9), (4, 10), (5, 0), (5, 1), (5, 2), (5, 3), (5, 4), (5, 5), (5, 6), (5, 7), (5, 8), (5, 9), (5, 10), (5, 11), (6, 0), (6, 1), (6, 2), (6, 3), (6, 4), (6, 5), (6, 6), (6, 7), (6, 8), (6, 9), (6, 10), (6, 11), (7, 0), (7, 1), (7, 2), (7, 3), (7, 4), (7, 5), (7, 6), (7, 7), (7, 8), (7, 9), (7, 10), (7, 11), (8, 0), (8, 1), (8, 2), (8, 3), (8, 4), (8, 5), (8, 6), (8, 7), (8, 8), (8, 9), (8, 11), (9, 0), (9, 1), (9, 2), (9, 3), (9, 4), (9, 5), (9, 6), (9, 7), (9, 8), (9, 9), (10, 0), (10, 1), (10, 2), (10, 3), (10, 4), (10, 5), (10, 6), (10, 7), (10, 8), (10, 9), (11, 0), (11, 1), (11, 2), (11, 3), (11, 4), (11, 5), (11, 6), (11, 7), (11, 8), (11, 9)]
accessible_from:
  (0, 0) -> [(0, 1), (1, 0)]
  (0, 1) -> [(0, 0), (1, 1)]
  (0, 2) -> [(0, 3)]
  (0, 3) -> [(0, 2), (0, 4)]
  (0, 4) -> [(0, 3), (0, 5)]
  (0, 5) -> [(0, 4), (0, 6), (1, 5)]
  (0, 6) -> [(0, 5), (0, 7), (1, 6)]
  (0, 7) -> [(0, 6)]
  (1, 0) -> [(0, 0), (1, 1), (2, 0)]
  (1, 1) -> [(0, 1), (1, 0), (2, 1)]
  (1, 2) -> [(1, 3), (2, 2)]
  (1, 3) -> [(1, 2), (2, 3)]
  (1, 4) -> [(1, 5), (2, 4)]
  (1, 5) -> [(0, 5), (1, 4), (2, 5)]
  (1, 6) -> [(0, 6), (1, 7)]
  (1, 7) -> [(1, 6), (2, 7)]
  (1, 8) -> [(2, 8)]
  (2, 0) -> [(1, 0), (3, 0)]
  (2, 1) -> [(1, 1), (2, 2)]
  (2, 2) -> [(1, 2), (2, 1), (3, 2)]
  (2, 3) -> [(1, 3), (2, 4), (3, 3)]
  (2, 4) -> [(1, 4), (2, 3), (3, 4)]
  (2, 5) -> [(1, 5), (2, 6), (3, 5)]
  (2, 6) -> [(2, 5), (3, 6)]
  (2, 7) -> [(1, 7), (2, 8), (3, 7)]
  (2, 8) -> [(1, 8), (2, 7), (3, 8)]
  (3, 0) -> [(2, 0), (4, 0)]
  (3, 1) -> [(3, 2), (4, 1)]
  (3, 2) -> [(2, 2), (3, 1), (4, 2)]
  (3, 3) -> [(2, 3), (3, 4), (4, 3)]
  (3, 4) -> [(2, 4), (3, 3), (4, 4)]
  (3, 5) -> [(2, 5), (3, 6), (4, 5)]
  (3, 6) -> [(2, 6), (3, 5), (4, 6)]
  (3, 7) -> [(2, 7), (3, 8), (4, 7)]
  (3, 8) -> [(2, 8), (3, 7)]
  (3, 9) -> [(4, 9)]
  (4, 0) -> [(3, 0), (5, 0)]
  (4, 1) -> [(3, 1), (4, 2), (5, 1)]
  (4, 2) -> [(3, 2), (4, 1)]
  (4, 3) -> [(3, 3), (4, 4), (5, 3)]
  (4, 4) -> [(3, 4), (4, 3), (5, 4)]
  (4, 5) -> [(3, 5), (4, 6)]
  (4, 6) -> [(3, 6), (4, 5)]
  (4, 7) -> [(3, 7), (4, 8)]
  (4, 8) -> [(4, 7), (5, 8)]
  (4, 9) -> [(3, 9), (4, 10), (5, 9)]
  (4, 10) -> [(4, 9), (5, 10)]
  (5, 0) -> [(4, 0), (5, 1), (6, 0)]
  (5, 1) -> [(4, 1), (5, 0), (5, 2), (6, 1)]
  (5, 2) -> [(5, 1), (6, 2)]
  (5, 3) -> [(4, 3), (5, 4), (6, 3)]
  (5, 4) -> [(4, 4), (5, 3)]
  (5, 5) -> [(5, 6), (6, 5)]
  (5, 6) -> [(5, 5), (6, 6)]
  (5, 7) -> [(5, 8), (6, 7)]
  (5, 8) -> [(4, 8), (5, 7), (6, 8)]
  (5, 9) -> [(4, 9), (5, 10), (6, 9)]
  (5, 10) -> [(4, 10), (5, 9), (5, 11)]
  (5, 11) -> [(5, 10), (6, 11)]
  (6, 0) -> [(5, 0), (6, 1), (7, 0)]
  (6, 1) -> [(5, 1), (6, 0), (7, 1)]
  (6, 2) -> [(5, 2), (7, 2)]
  (6, 3) -> [(5, 3), (6, 4), (7, 3)]
  (6, 4) -> [(6, 3), (6, 5), (7, 4)]
  (6, 5) -> [(5, 5), (6, 4), (6, 6), (7, 5)]
  (6, 6) -> [(5, 6), (6, 5), (7, 6)]
  (6, 7) -> [(5, 7), (6, 8)]
  (6, 8) -> [(5, 8), (6, 7), (7, 8)]
  (6, 9) -> [(5, 9), (6, 10), (7, 9)]
  (6, 10) -> [(6, 9), (6, 11)]
  (6, 11) -> [(5, 11), (6, 10), (7, 11)]
  (7, 0) -> [(6, 0), (7, 1), (8, 0)]
  (7, 1) -> [(6, 1), (7, 0), (8, 1)]
  (7, 2) -> [(6, 2)]
  (7, 3) -> [(6, 3), (7, 4)]
  (7, 4) -> [(6, 4), (7, 3)]
  (7, 5) -> [(6, 5), (7, 6), (8, 5)]
  (7, 6) -> [(6, 6), (7, 5), (7, 7), (8, 6)]
  (7, 7) -> [(7, 6), (7, 8), (8, 7)]
  (7, 8) -> [(6, 8), (7, 7), (7, 9)]
  (7, 9) -> [(6, 9), (7, 8), (8, 9)]
  (7, 10) -> [(7, 11)]
  (7, 11) -> [(6, 11), (7, 10), (8, 11)]
  (8, 0) -> [(7, 0), (8, 1), (9, 0)]
  (8, 1) -> [(7, 1), (8, 0)]
  (8, 2) -> [(9, 2)]
  (8, 3) -> [(8, 4), (9, 3)]
  (8, 4) -> [(8, 3), (9, 4)]
  (8, 5) -> [(7, 5), (9, 5)]
  (8, 6) -> [(7, 6), (8, 7)]
  (8, 7) -> [(7, 7), (8, 6), (8, 8), (9, 7)]
  (8, 8) -> [(8, 7), (8, 9), (9, 8)]
  (8, 9) -> [(7, 9), (8, 8), (9, 9)]
  (8, 11) -> [(7, 11)]
  (9, 0) -> [(8, 0), (9, 1), (10, 0)]
  (9, 1) -> [(9, 0), (10, 1)]
  (9, 2) -> [(8, 2), (9, 3)]
  (9, 3) -> [(8, 3), (9, 2)]
  (9, 4) -> [(8, 4), (9, 5)]
  (9, 5) -> [(8, 5), (9, 4), (10, 5)]
  (9, 6) -> [(9, 7), (10, 6)]
  (9, 7) -> [(8, 7), (9, 6), (9, 8), (10, 7)]
  (9, 8) -> [(8, 8), (9, 7), (9, 9), (10, 8)]
  (9, 9) -> [(8, 9), (9, 8), (10, 9)]
  (10, 0) -> [(9, 0), (10, 1), (11, 0)]
  (10, 1) -> [(9, 1), (10, 0), (11, 1)]
  (10, 2) -> [(10, 3), (11, 2)]
  (10, 3) -> [(10, 2), (11, 3)]
  (10, 4) -> [(10, 5), (11, 4)]
  (10, 5) -> [(9, 5), (10, 4), (11, 5)]
  (10, 6) -> [(9, 6), (10, 7), (11, 6)]
  (10, 7) -> [(9, 7), (10, 6), (10, 8), (11, 7)]
  (10, 8) -> [(9, 8), (10, 7), (10, 9), (11, 8)]
  (10, 9) -> [(9, 9), (10, 8), (11, 9)]
  (11, 0) -> [(10, 0), (11, 1)]
  (11, 1) -> [(10, 1), (11, 0), (11, 2)]
  (11, 2) -> [(10, 2), (11, 1), (11, 3)]
  (11, 3) -> [(10, 3), (11, 2)]
  (11, 4) -> [(10, 4), (11, 5)]
  (11, 5) -> [(10, 5), (11, 4)]
  (11, 6) -> [(10, 6), (11, 7)]
  (11, 7) -> [(10, 7), (11, 6), (11, 8)]
  (11, 8) -> [(10, 8), (11, 7), (11, 9)]
  (11, 9) -> [(10, 9), (11, 8)]
parent_path: {}
exploration_queue: [(5, 11), (4, 10), (3, 9), (8, 11), (7, 10)]

2025-07-31 20:37:18,496 - DEBUG - 
=== VISUAL BOARD - STEP 119 - BFS-EXPLORATION ===
   0  1  2  3  4  5  6  7  8  9 10 11
11 .  .  .  .  .  V  V  R  V  .  .  .   11
10 .  .  .  .  V  V  V  V  .  .  .  .   10
 9 .  .  .  V  V  V  V  V  V  V  V  V    9
 8 .  V  V  V  V  V  V  V  V  V  V  V    8
 7 V  V  V  V  V  V  V  V  V  V  V  V    7
 6 V  V  V  V  V  V  V  V  V  V  V  V    6
 5 V  V  V  V  V  V  V  V  V  V  V  V    5
 4 V  V  V  V  V  V  V  V  V  V  V  V    4
 3 V  V  V  V  V  V  V  V  V  V  V  V    3
 2 V  V  V  V  V  V  V  V  V  V  V  V    2
 1 V  V  V  V  V  V  V  V  V  V  V  V    1
 0 V  V  V  V  V  V  V  V  V  V  V  V    0
   0  1  2  3  4  5  6  7  8  9 10 11
Legend: R=Robot, V=Visited, P=Path, .=Unvisited

2025-07-31 20:37:18,496 - INFO - BFS Exploration Step 120: Exploring (5, 11)
2025-07-31 20:37:18,496 - DEBUG - Moving left from (7, 11) to (6, 11)
2025-07-31 20:37:18,593 - DEBUG - Moving left from (6, 11) to (5, 11)
2025-07-31 20:37:18,696 - DEBUG - Sensor readings: {'front': 317.18383823162566, 'right': 2000.0, 'back': 2000.0, 'left': 2000.0}
2025-07-31 20:37:18,696 - DEBUG - Added neighbor left: (4, 11)
2025-07-31 20:37:18,696 - DEBUG - Added 1 new neighbors. Queue size: 5
2025-07-31 20:37:18,696 - DEBUG - 
=== STEP 120 DATA STRUCTURES ===
Current Cell: (5, 11)
explored_cells: [(0, 0), (0, 1), (0, 2), (0, 3), (0, 4), (0, 5), (0, 6), (0, 7), (1, 0), (1, 1), (1, 2), (1, 3), (1, 4), (1, 5), (1, 6), (1, 7), (1, 8), (2, 0), (2, 1), (2, 2), (2, 3), (2, 4), (2, 5), (2, 6), (2, 7), (2, 8), (3, 0), (3, 1), (3, 2), (3, 3), (3, 4), (3, 5), (3, 6), (3, 7), (3, 8), (3, 9), (4, 0), (4, 1), (4, 2), (4, 3), (4, 4), (4, 5), (4, 6), (4, 7), (4, 8), (4, 9), (4, 10), (4, 11), (5, 0), (5, 1), (5, 2), (5, 3), (5, 4), (5, 5), (5, 6), (5, 7), (5, 8), (5, 9), (5, 10), (5, 11), (6, 0), (6, 1), (6, 2), (6, 3), (6, 4), (6, 5), (6, 6), (6, 7), (6, 8), (6, 9), (6, 10), (6, 11), (7, 0), (7, 1), (7, 2), (7, 3), (7, 4), (7, 5), (7, 6), (7, 7), (7, 8), (7, 9), (7, 10), (7, 11), (8, 0), (8, 1), (8, 2), (8, 3), (8, 4), (8, 5), (8, 6), (8, 7), (8, 8), (8, 9), (8, 11), (9, 0), (9, 1), (9, 2), (9, 3), (9, 4), (9, 5), (9, 6), (9, 7), (9, 8), (9, 9), (10, 0), (10, 1), (10, 2), (10, 3), (10, 4), (10, 5), (10, 6), (10, 7), (10, 8), (10, 9), (11, 0), (11, 1), (11, 2), (11, 3), (11, 4), (11, 5), (11, 6), (11, 7), (11, 8), (11, 9)]
accessible_from:
  (0, 0) -> [(0, 1), (1, 0)]
  (0, 1) -> [(0, 0), (1, 1)]
  (0, 2) -> [(0, 3)]
  (0, 3) -> [(0, 2), (0, 4)]
  (0, 4) -> [(0, 3), (0, 5)]
  (0, 5) -> [(0, 4), (0, 6), (1, 5)]
  (0, 6) -> [(0, 5), (0, 7), (1, 6)]
  (0, 7) -> [(0, 6)]
  (1, 0) -> [(0, 0), (1, 1), (2, 0)]
  (1, 1) -> [(0, 1), (1, 0), (2, 1)]
  (1, 2) -> [(1, 3), (2, 2)]
  (1, 3) -> [(1, 2), (2, 3)]
  (1, 4) -> [(1, 5), (2, 4)]
  (1, 5) -> [(0, 5), (1, 4), (2, 5)]
  (1, 6) -> [(0, 6), (1, 7)]
  (1, 7) -> [(1, 6), (2, 7)]
  (1, 8) -> [(2, 8)]
  (2, 0) -> [(1, 0), (3, 0)]
  (2, 1) -> [(1, 1), (2, 2)]
  (2, 2) -> [(1, 2), (2, 1), (3, 2)]
  (2, 3) -> [(1, 3), (2, 4), (3, 3)]
  (2, 4) -> [(1, 4), (2, 3), (3, 4)]
  (2, 5) -> [(1, 5), (2, 6), (3, 5)]
  (2, 6) -> [(2, 5), (3, 6)]
  (2, 7) -> [(1, 7), (2, 8), (3, 7)]
  (2, 8) -> [(1, 8), (2, 7), (3, 8)]
  (3, 0) -> [(2, 0), (4, 0)]
  (3, 1) -> [(3, 2), (4, 1)]
  (3, 2) -> [(2, 2), (3, 1), (4, 2)]
  (3, 3) -> [(2, 3), (3, 4), (4, 3)]
  (3, 4) -> [(2, 4), (3, 3), (4, 4)]
  (3, 5) -> [(2, 5), (3, 6), (4, 5)]
  (3, 6) -> [(2, 6), (3, 5), (4, 6)]
  (3, 7) -> [(2, 7), (3, 8), (4, 7)]
  (3, 8) -> [(2, 8), (3, 7)]
  (3, 9) -> [(4, 9)]
  (4, 0) -> [(3, 0), (5, 0)]
  (4, 1) -> [(3, 1), (4, 2), (5, 1)]
  (4, 2) -> [(3, 2), (4, 1)]
  (4, 3) -> [(3, 3), (4, 4), (5, 3)]
  (4, 4) -> [(3, 4), (4, 3), (5, 4)]
  (4, 5) -> [(3, 5), (4, 6)]
  (4, 6) -> [(3, 6), (4, 5)]
  (4, 7) -> [(3, 7), (4, 8)]
  (4, 8) -> [(4, 7), (5, 8)]
  (4, 9) -> [(3, 9), (4, 10), (5, 9)]
  (4, 10) -> [(4, 9), (5, 10)]
  (4, 11) -> [(5, 11)]
  (5, 0) -> [(4, 0), (5, 1), (6, 0)]
  (5, 1) -> [(4, 1), (5, 0), (5, 2), (6, 1)]
  (5, 2) -> [(5, 1), (6, 2)]
  (5, 3) -> [(4, 3), (5, 4), (6, 3)]
  (5, 4) -> [(4, 4), (5, 3)]
  (5, 5) -> [(5, 6), (6, 5)]
  (5, 6) -> [(5, 5), (6, 6)]
  (5, 7) -> [(5, 8), (6, 7)]
  (5, 8) -> [(4, 8), (5, 7), (6, 8)]
  (5, 9) -> [(4, 9), (5, 10), (6, 9)]
  (5, 10) -> [(4, 10), (5, 9), (5, 11)]
  (5, 11) -> [(4, 11), (5, 10), (6, 11)]
  (6, 0) -> [(5, 0), (6, 1), (7, 0)]
  (6, 1) -> [(5, 1), (6, 0), (7, 1)]
  (6, 2) -> [(5, 2), (7, 2)]
  (6, 3) -> [(5, 3), (6, 4), (7, 3)]
  (6, 4) -> [(6, 3), (6, 5), (7, 4)]
  (6, 5) -> [(5, 5), (6, 4), (6, 6), (7, 5)]
  (6, 6) -> [(5, 6), (6, 5), (7, 6)]
  (6, 7) -> [(5, 7), (6, 8)]
  (6, 8) -> [(5, 8), (6, 7), (7, 8)]
  (6, 9) -> [(5, 9), (6, 10), (7, 9)]
  (6, 10) -> [(6, 9), (6, 11)]
  (6, 11) -> [(5, 11), (6, 10), (7, 11)]
  (7, 0) -> [(6, 0), (7, 1), (8, 0)]
  (7, 1) -> [(6, 1), (7, 0), (8, 1)]
  (7, 2) -> [(6, 2)]
  (7, 3) -> [(6, 3), (7, 4)]
  (7, 4) -> [(6, 4), (7, 3)]
  (7, 5) -> [(6, 5), (7, 6), (8, 5)]
  (7, 6) -> [(6, 6), (7, 5), (7, 7), (8, 6)]
  (7, 7) -> [(7, 6), (7, 8), (8, 7)]
  (7, 8) -> [(6, 8), (7, 7), (7, 9)]
  (7, 9) -> [(6, 9), (7, 8), (8, 9)]
  (7, 10) -> [(7, 11)]
  (7, 11) -> [(6, 11), (7, 10), (8, 11)]
  (8, 0) -> [(7, 0), (8, 1), (9, 0)]
  (8, 1) -> [(7, 1), (8, 0)]
  (8, 2) -> [(9, 2)]
  (8, 3) -> [(8, 4), (9, 3)]
  (8, 4) -> [(8, 3), (9, 4)]
  (8, 5) -> [(7, 5), (9, 5)]
  (8, 6) -> [(7, 6), (8, 7)]
  (8, 7) -> [(7, 7), (8, 6), (8, 8), (9, 7)]
  (8, 8) -> [(8, 7), (8, 9), (9, 8)]
  (8, 9) -> [(7, 9), (8, 8), (9, 9)]
  (8, 11) -> [(7, 11)]
  (9, 0) -> [(8, 0), (9, 1), (10, 0)]
  (9, 1) -> [(9, 0), (10, 1)]
  (9, 2) -> [(8, 2), (9, 3)]
  (9, 3) -> [(8, 3), (9, 2)]
  (9, 4) -> [(8, 4), (9, 5)]
  (9, 5) -> [(8, 5), (9, 4), (10, 5)]
  (9, 6) -> [(9, 7), (10, 6)]
  (9, 7) -> [(8, 7), (9, 6), (9, 8), (10, 7)]
  (9, 8) -> [(8, 8), (9, 7), (9, 9), (10, 8)]
  (9, 9) -> [(8, 9), (9, 8), (10, 9)]
  (10, 0) -> [(9, 0), (10, 1), (11, 0)]
  (10, 1) -> [(9, 1), (10, 0), (11, 1)]
  (10, 2) -> [(10, 3), (11, 2)]
  (10, 3) -> [(10, 2), (11, 3)]
  (10, 4) -> [(10, 5), (11, 4)]
  (10, 5) -> [(9, 5), (10, 4), (11, 5)]
  (10, 6) -> [(9, 6), (10, 7), (11, 6)]
  (10, 7) -> [(9, 7), (10, 6), (10, 8), (11, 7)]
  (10, 8) -> [(9, 8), (10, 7), (10, 9), (11, 8)]
  (10, 9) -> [(9, 9), (10, 8), (11, 9)]
  (11, 0) -> [(10, 0), (11, 1)]
  (11, 1) -> [(10, 1), (11, 0), (11, 2)]
  (11, 2) -> [(10, 2), (11, 1), (11, 3)]
  (11, 3) -> [(10, 3), (11, 2)]
  (11, 4) -> [(10, 4), (11, 5)]
  (11, 5) -> [(10, 5), (11, 4)]
  (11, 6) -> [(10, 6), (11, 7)]
  (11, 7) -> [(10, 7), (11, 6), (11, 8)]
  (11, 8) -> [(10, 8), (11, 7), (11, 9)]
  (11, 9) -> [(10, 9), (11, 8)]
parent_path: {}
exploration_queue: [(4, 10), (3, 9), (8, 11), (7, 10), (4, 11)]

2025-07-31 20:37:18,696 - DEBUG - 
=== VISUAL BOARD - STEP 120 - BFS-EXPLORATION ===
   0  1  2  3  4  5  6  7  8  9 10 11
11 .  .  .  .  V  R  V  V  V  .  .  .   11
10 .  .  .  .  V  V  V  V  .  .  .  .   10
 9 .  .  .  V  V  V  V  V  V  V  V  V    9
 8 .  V  V  V  V  V  V  V  V  V  V  V    8
 7 V  V  V  V  V  V  V  V  V  V  V  V    7
 6 V  V  V  V  V  V  V  V  V  V  V  V    6
 5 V  V  V  V  V  V  V  V  V  V  V  V    5
 4 V  V  V  V  V  V  V  V  V  V  V  V    4
 3 V  V  V  V  V  V  V  V  V  V  V  V    3
 2 V  V  V  V  V  V  V  V  V  V  V  V    2
 1 V  V  V  V  V  V  V  V  V  V  V  V    1
 0 V  V  V  V  V  V  V  V  V  V  V  V    0
   0  1  2  3  4  5  6  7  8  9 10 11
Legend: R=Robot, V=Visited, P=Path, .=Unvisited

2025-07-31 20:37:18,696 - INFO - BFS Exploration Step 121: Exploring (4, 10)
2025-07-31 20:37:18,696 - DEBUG - Moving down from (5, 11) to (5, 10)
2025-07-31 20:37:18,771 - DEBUG - Moving left from (5, 10) to (4, 10)
2025-07-31 20:37:18,872 - DEBUG - Sensor readings: {'front': 1342.217380153817, 'right': 1266.281110004463, 'back': 1313.5929629707664, 'left': 2000.0}
2025-07-31 20:37:18,873 - DEBUG - Added neighbor left: (3, 10)
2025-07-31 20:37:18,873 - DEBUG - Added 1 new neighbors. Queue size: 5
2025-07-31 20:37:18,873 - DEBUG - 
=== STEP 121 DATA STRUCTURES ===
Current Cell: (4, 10)
explored_cells: [(0, 0), (0, 1), (0, 2), (0, 3), (0, 4), (0, 5), (0, 6), (0, 7), (1, 0), (1, 1), (1, 2), (1, 3), (1, 4), (1, 5), (1, 6), (1, 7), (1, 8), (2, 0), (2, 1), (2, 2), (2, 3), (2, 4), (2, 5), (2, 6), (2, 7), (2, 8), (3, 0), (3, 1), (3, 2), (3, 3), (3, 4), (3, 5), (3, 6), (3, 7), (3, 8), (3, 9), (3, 10), (4, 0), (4, 1), (4, 2), (4, 3), (4, 4), (4, 5), (4, 6), (4, 7), (4, 8), (4, 9), (4, 10), (4, 11), (5, 0), (5, 1), (5, 2), (5, 3), (5, 4), (5, 5), (5, 6), (5, 7), (5, 8), (5, 9), (5, 10), (5, 11), (6, 0), (6, 1), (6, 2), (6, 3), (6, 4), (6, 5), (6, 6), (6, 7), (6, 8), (6, 9), (6, 10), (6, 11), (7, 0), (7, 1), (7, 2), (7, 3), (7, 4), (7, 5), (7, 6), (7, 7), (7, 8), (7, 9), (7, 10), (7, 11), (8, 0), (8, 1), (8, 2), (8, 3), (8, 4), (8, 5), (8, 6), (8, 7), (8, 8), (8, 9), (8, 11), (9, 0), (9, 1), (9, 2), (9, 3), (9, 4), (9, 5), (9, 6), (9, 7), (9, 8), (9, 9), (10, 0), (10, 1), (10, 2), (10, 3), (10, 4), (10, 5), (10, 6), (10, 7), (10, 8), (10, 9), (11, 0), (11, 1), (11, 2), (11, 3), (11, 4), (11, 5), (11, 6), (11, 7), (11, 8), (11, 9)]
accessible_from:
  (0, 0) -> [(0, 1), (1, 0)]
  (0, 1) -> [(0, 0), (1, 1)]
  (0, 2) -> [(0, 3)]
  (0, 3) -> [(0, 2), (0, 4)]
  (0, 4) -> [(0, 3), (0, 5)]
  (0, 5) -> [(0, 4), (0, 6), (1, 5)]
  (0, 6) -> [(0, 5), (0, 7), (1, 6)]
  (0, 7) -> [(0, 6)]
  (1, 0) -> [(0, 0), (1, 1), (2, 0)]
  (1, 1) -> [(0, 1), (1, 0), (2, 1)]
  (1, 2) -> [(1, 3), (2, 2)]
  (1, 3) -> [(1, 2), (2, 3)]
  (1, 4) -> [(1, 5), (2, 4)]
  (1, 5) -> [(0, 5), (1, 4), (2, 5)]
  (1, 6) -> [(0, 6), (1, 7)]
  (1, 7) -> [(1, 6), (2, 7)]
  (1, 8) -> [(2, 8)]
  (2, 0) -> [(1, 0), (3, 0)]
  (2, 1) -> [(1, 1), (2, 2)]
  (2, 2) -> [(1, 2), (2, 1), (3, 2)]
  (2, 3) -> [(1, 3), (2, 4), (3, 3)]
  (2, 4) -> [(1, 4), (2, 3), (3, 4)]
  (2, 5) -> [(1, 5), (2, 6), (3, 5)]
  (2, 6) -> [(2, 5), (3, 6)]
  (2, 7) -> [(1, 7), (2, 8), (3, 7)]
  (2, 8) -> [(1, 8), (2, 7), (3, 8)]
  (3, 0) -> [(2, 0), (4, 0)]
  (3, 1) -> [(3, 2), (4, 1)]
  (3, 2) -> [(2, 2), (3, 1), (4, 2)]
  (3, 3) -> [(2, 3), (3, 4), (4, 3)]
  (3, 4) -> [(2, 4), (3, 3), (4, 4)]
  (3, 5) -> [(2, 5), (3, 6), (4, 5)]
  (3, 6) -> [(2, 6), (3, 5), (4, 6)]
  (3, 7) -> [(2, 7), (3, 8), (4, 7)]
  (3, 8) -> [(2, 8), (3, 7)]
  (3, 9) -> [(4, 9)]
  (3, 10) -> [(4, 10)]
  (4, 0) -> [(3, 0), (5, 0)]
  (4, 1) -> [(3, 1), (4, 2), (5, 1)]
  (4, 2) -> [(3, 2), (4, 1)]
  (4, 3) -> [(3, 3), (4, 4), (5, 3)]
  (4, 4) -> [(3, 4), (4, 3), (5, 4)]
  (4, 5) -> [(3, 5), (4, 6)]
  (4, 6) -> [(3, 6), (4, 5)]
  (4, 7) -> [(3, 7), (4, 8)]
  (4, 8) -> [(4, 7), (5, 8)]
  (4, 9) -> [(3, 9), (4, 10), (5, 9)]
  (4, 10) -> [(3, 10), (4, 9), (4, 11), (5, 10)]
  (4, 11) -> [(4, 10), (5, 11)]
  (5, 0) -> [(4, 0), (5, 1), (6, 0)]
  (5, 1) -> [(4, 1), (5, 0), (5, 2), (6, 1)]
  (5, 2) -> [(5, 1), (6, 2)]
  (5, 3) -> [(4, 3), (5, 4), (6, 3)]
  (5, 4) -> [(4, 4), (5, 3)]
  (5, 5) -> [(5, 6), (6, 5)]
  (5, 6) -> [(5, 5), (6, 6)]
  (5, 7) -> [(5, 8), (6, 7)]
  (5, 8) -> [(4, 8), (5, 7), (6, 8)]
  (5, 9) -> [(4, 9), (5, 10), (6, 9)]
  (5, 10) -> [(4, 10), (5, 9), (5, 11)]
  (5, 11) -> [(4, 11), (5, 10), (6, 11)]
  (6, 0) -> [(5, 0), (6, 1), (7, 0)]
  (6, 1) -> [(5, 1), (6, 0), (7, 1)]
  (6, 2) -> [(5, 2), (7, 2)]
  (6, 3) -> [(5, 3), (6, 4), (7, 3)]
  (6, 4) -> [(6, 3), (6, 5), (7, 4)]
  (6, 5) -> [(5, 5), (6, 4), (6, 6), (7, 5)]
  (6, 6) -> [(5, 6), (6, 5), (7, 6)]
  (6, 7) -> [(5, 7), (6, 8)]
  (6, 8) -> [(5, 8), (6, 7), (7, 8)]
  (6, 9) -> [(5, 9), (6, 10), (7, 9)]
  (6, 10) -> [(6, 9), (6, 11)]
  (6, 11) -> [(5, 11), (6, 10), (7, 11)]
  (7, 0) -> [(6, 0), (7, 1), (8, 0)]
  (7, 1) -> [(6, 1), (7, 0), (8, 1)]
  (7, 2) -> [(6, 2)]
  (7, 3) -> [(6, 3), (7, 4)]
  (7, 4) -> [(6, 4), (7, 3)]
  (7, 5) -> [(6, 5), (7, 6), (8, 5)]
  (7, 6) -> [(6, 6), (7, 5), (7, 7), (8, 6)]
  (7, 7) -> [(7, 6), (7, 8), (8, 7)]
  (7, 8) -> [(6, 8), (7, 7), (7, 9)]
  (7, 9) -> [(6, 9), (7, 8), (8, 9)]
  (7, 10) -> [(7, 11)]
  (7, 11) -> [(6, 11), (7, 10), (8, 11)]
  (8, 0) -> [(7, 0), (8, 1), (9, 0)]
  (8, 1) -> [(7, 1), (8, 0)]
  (8, 2) -> [(9, 2)]
  (8, 3) -> [(8, 4), (9, 3)]
  (8, 4) -> [(8, 3), (9, 4)]
  (8, 5) -> [(7, 5), (9, 5)]
  (8, 6) -> [(7, 6), (8, 7)]
  (8, 7) -> [(7, 7), (8, 6), (8, 8), (9, 7)]
  (8, 8) -> [(8, 7), (8, 9), (9, 8)]
  (8, 9) -> [(7, 9), (8, 8), (9, 9)]
  (8, 11) -> [(7, 11)]
  (9, 0) -> [(8, 0), (9, 1), (10, 0)]
  (9, 1) -> [(9, 0), (10, 1)]
  (9, 2) -> [(8, 2), (9, 3)]
  (9, 3) -> [(8, 3), (9, 2)]
  (9, 4) -> [(8, 4), (9, 5)]
  (9, 5) -> [(8, 5), (9, 4), (10, 5)]
  (9, 6) -> [(9, 7), (10, 6)]
  (9, 7) -> [(8, 7), (9, 6), (9, 8), (10, 7)]
  (9, 8) -> [(8, 8), (9, 7), (9, 9), (10, 8)]
  (9, 9) -> [(8, 9), (9, 8), (10, 9)]
  (10, 0) -> [(9, 0), (10, 1), (11, 0)]
  (10, 1) -> [(9, 1), (10, 0), (11, 1)]
  (10, 2) -> [(10, 3), (11, 2)]
  (10, 3) -> [(10, 2), (11, 3)]
  (10, 4) -> [(10, 5), (11, 4)]
  (10, 5) -> [(9, 5), (10, 4), (11, 5)]
  (10, 6) -> [(9, 6), (10, 7), (11, 6)]
  (10, 7) -> [(9, 7), (10, 6), (10, 8), (11, 7)]
  (10, 8) -> [(9, 8), (10, 7), (10, 9), (11, 8)]
  (10, 9) -> [(9, 9), (10, 8), (11, 9)]
  (11, 0) -> [(10, 0), (11, 1)]
  (11, 1) -> [(10, 1), (11, 0), (11, 2)]
  (11, 2) -> [(10, 2), (11, 1), (11, 3)]
  (11, 3) -> [(10, 3), (11, 2)]
  (11, 4) -> [(10, 4), (11, 5)]
  (11, 5) -> [(10, 5), (11, 4)]
  (11, 6) -> [(10, 6), (11, 7)]
  (11, 7) -> [(10, 7), (11, 6), (11, 8)]
  (11, 8) -> [(10, 8), (11, 7), (11, 9)]
  (11, 9) -> [(10, 9), (11, 8)]
parent_path: {}
exploration_queue: [(3, 9), (8, 11), (7, 10), (4, 11), (3, 10)]

2025-07-31 20:37:18,873 - DEBUG - 
=== VISUAL BOARD - STEP 121 - BFS-EXPLORATION ===
   0  1  2  3  4  5  6  7  8  9 10 11
11 .  .  .  .  V  V  V  V  V  .  .  .   11
10 .  .  .  V  R  V  V  V  .  .  .  .   10
 9 .  .  .  V  V  V  V  V  V  V  V  V    9
 8 .  V  V  V  V  V  V  V  V  V  V  V    8
 7 V  V  V  V  V  V  V  V  V  V  V  V    7
 6 V  V  V  V  V  V  V  V  V  V  V  V    6
 5 V  V  V  V  V  V  V  V  V  V  V  V    5
 4 V  V  V  V  V  V  V  V  V  V  V  V    4
 3 V  V  V  V  V  V  V  V  V  V  V  V    3
 2 V  V  V  V  V  V  V  V  V  V  V  V    2
 1 V  V  V  V  V  V  V  V  V  V  V  V    1
 0 V  V  V  V  V  V  V  V  V  V  V  V    0
   0  1  2  3  4  5  6  7  8  9 10 11
Legend: R=Robot, V=Visited, P=Path, .=Unvisited

2025-07-31 20:37:18,873 - INFO - BFS Exploration Step 122: Exploring (3, 9)
2025-07-31 20:37:18,873 - DEBUG - Moving down from (4, 10) to (4, 9)
2025-07-31 20:37:18,940 - DEBUG - Moving left from (4, 9) to (3, 9)
2025-07-31 20:37:19,054 - DEBUG - Sensor readings: {'front': 2000.0, 'right': 2000.0, 'back': 324.7698203236185, 'left': 363.8584825124578}
2025-07-31 20:37:19,054 - DEBUG - Wall detected left to (2, 9)
2025-07-31 20:37:19,054 - DEBUG - Wall detected down to (3, 8)
2025-07-31 20:37:19,054 - DEBUG - Added 0 new neighbors. Queue size: 4
2025-07-31 20:37:19,054 - DEBUG - 
=== STEP 122 DATA STRUCTURES ===
Current Cell: (3, 9)
explored_cells: [(0, 0), (0, 1), (0, 2), (0, 3), (0, 4), (0, 5), (0, 6), (0, 7), (1, 0), (1, 1), (1, 2), (1, 3), (1, 4), (1, 5), (1, 6), (1, 7), (1, 8), (2, 0), (2, 1), (2, 2), (2, 3), (2, 4), (2, 5), (2, 6), (2, 7), (2, 8), (3, 0), (3, 1), (3, 2), (3, 3), (3, 4), (3, 5), (3, 6), (3, 7), (3, 8), (3, 9), (3, 10), (4, 0), (4, 1), (4, 2), (4, 3), (4, 4), (4, 5), (4, 6), (4, 7), (4, 8), (4, 9), (4, 10), (4, 11), (5, 0), (5, 1), (5, 2), (5, 3), (5, 4), (5, 5), (5, 6), (5, 7), (5, 8), (5, 9), (5, 10), (5, 11), (6, 0), (6, 1), (6, 2), (6, 3), (6, 4), (6, 5), (6, 6), (6, 7), (6, 8), (6, 9), (6, 10), (6, 11), (7, 0), (7, 1), (7, 2), (7, 3), (7, 4), (7, 5), (7, 6), (7, 7), (7, 8), (7, 9), (7, 10), (7, 11), (8, 0), (8, 1), (8, 2), (8, 3), (8, 4), (8, 5), (8, 6), (8, 7), (8, 8), (8, 9), (8, 11), (9, 0), (9, 1), (9, 2), (9, 3), (9, 4), (9, 5), (9, 6), (9, 7), (9, 8), (9, 9), (10, 0), (10, 1), (10, 2), (10, 3), (10, 4), (10, 5), (10, 6), (10, 7), (10, 8), (10, 9), (11, 0), (11, 1), (11, 2), (11, 3), (11, 4), (11, 5), (11, 6), (11, 7), (11, 8), (11, 9)]
accessible_from:
  (0, 0) -> [(0, 1), (1, 0)]
  (0, 1) -> [(0, 0), (1, 1)]
  (0, 2) -> [(0, 3)]
  (0, 3) -> [(0, 2), (0, 4)]
  (0, 4) -> [(0, 3), (0, 5)]
  (0, 5) -> [(0, 4), (0, 6), (1, 5)]
  (0, 6) -> [(0, 5), (0, 7), (1, 6)]
  (0, 7) -> [(0, 6)]
  (1, 0) -> [(0, 0), (1, 1), (2, 0)]
  (1, 1) -> [(0, 1), (1, 0), (2, 1)]
  (1, 2) -> [(1, 3), (2, 2)]
  (1, 3) -> [(1, 2), (2, 3)]
  (1, 4) -> [(1, 5), (2, 4)]
  (1, 5) -> [(0, 5), (1, 4), (2, 5)]
  (1, 6) -> [(0, 6), (1, 7)]
  (1, 7) -> [(1, 6), (2, 7)]
  (1, 8) -> [(2, 8)]
  (2, 0) -> [(1, 0), (3, 0)]
  (2, 1) -> [(1, 1), (2, 2)]
  (2, 2) -> [(1, 2), (2, 1), (3, 2)]
  (2, 3) -> [(1, 3), (2, 4), (3, 3)]
  (2, 4) -> [(1, 4), (2, 3), (3, 4)]
  (2, 5) -> [(1, 5), (2, 6), (3, 5)]
  (2, 6) -> [(2, 5), (3, 6)]
  (2, 7) -> [(1, 7), (2, 8), (3, 7)]
  (2, 8) -> [(1, 8), (2, 7), (3, 8)]
  (3, 0) -> [(2, 0), (4, 0)]
  (3, 1) -> [(3, 2), (4, 1)]
  (3, 2) -> [(2, 2), (3, 1), (4, 2)]
  (3, 3) -> [(2, 3), (3, 4), (4, 3)]
  (3, 4) -> [(2, 4), (3, 3), (4, 4)]
  (3, 5) -> [(2, 5), (3, 6), (4, 5)]
  (3, 6) -> [(2, 6), (3, 5), (4, 6)]
  (3, 7) -> [(2, 7), (3, 8), (4, 7)]
  (3, 8) -> [(2, 8), (3, 7)]
  (3, 9) -> [(3, 10), (4, 9)]
  (3, 10) -> [(3, 9), (4, 10)]
  (4, 0) -> [(3, 0), (5, 0)]
  (4, 1) -> [(3, 1), (4, 2), (5, 1)]
  (4, 2) -> [(3, 2), (4, 1)]
  (4, 3) -> [(3, 3), (4, 4), (5, 3)]
  (4, 4) -> [(3, 4), (4, 3), (5, 4)]
  (4, 5) -> [(3, 5), (4, 6)]
  (4, 6) -> [(3, 6), (4, 5)]
  (4, 7) -> [(3, 7), (4, 8)]
  (4, 8) -> [(4, 7), (5, 8)]
  (4, 9) -> [(3, 9), (4, 10), (5, 9)]
  (4, 10) -> [(3, 10), (4, 9), (4, 11), (5, 10)]
  (4, 11) -> [(4, 10), (5, 11)]
  (5, 0) -> [(4, 0), (5, 1), (6, 0)]
  (5, 1) -> [(4, 1), (5, 0), (5, 2), (6, 1)]
  (5, 2) -> [(5, 1), (6, 2)]
  (5, 3) -> [(4, 3), (5, 4), (6, 3)]
  (5, 4) -> [(4, 4), (5, 3)]
  (5, 5) -> [(5, 6), (6, 5)]
  (5, 6) -> [(5, 5), (6, 6)]
  (5, 7) -> [(5, 8), (6, 7)]
  (5, 8) -> [(4, 8), (5, 7), (6, 8)]
  (5, 9) -> [(4, 9), (5, 10), (6, 9)]
  (5, 10) -> [(4, 10), (5, 9), (5, 11)]
  (5, 11) -> [(4, 11), (5, 10), (6, 11)]
  (6, 0) -> [(5, 0), (6, 1), (7, 0)]
  (6, 1) -> [(5, 1), (6, 0), (7, 1)]
  (6, 2) -> [(5, 2), (7, 2)]
  (6, 3) -> [(5, 3), (6, 4), (7, 3)]
  (6, 4) -> [(6, 3), (6, 5), (7, 4)]
  (6, 5) -> [(5, 5), (6, 4), (6, 6), (7, 5)]
  (6, 6) -> [(5, 6), (6, 5), (7, 6)]
  (6, 7) -> [(5, 7), (6, 8)]
  (6, 8) -> [(5, 8), (6, 7), (7, 8)]
  (6, 9) -> [(5, 9), (6, 10), (7, 9)]
  (6, 10) -> [(6, 9), (6, 11)]
  (6, 11) -> [(5, 11), (6, 10), (7, 11)]
  (7, 0) -> [(6, 0), (7, 1), (8, 0)]
  (7, 1) -> [(6, 1), (7, 0), (8, 1)]
  (7, 2) -> [(6, 2)]
  (7, 3) -> [(6, 3), (7, 4)]
  (7, 4) -> [(6, 4), (7, 3)]
  (7, 5) -> [(6, 5), (7, 6), (8, 5)]
  (7, 6) -> [(6, 6), (7, 5), (7, 7), (8, 6)]
  (7, 7) -> [(7, 6), (7, 8), (8, 7)]
  (7, 8) -> [(6, 8), (7, 7), (7, 9)]
  (7, 9) -> [(6, 9), (7, 8), (8, 9)]
  (7, 10) -> [(7, 11)]
  (7, 11) -> [(6, 11), (7, 10), (8, 11)]
  (8, 0) -> [(7, 0), (8, 1), (9, 0)]
  (8, 1) -> [(7, 1), (8, 0)]
  (8, 2) -> [(9, 2)]
  (8, 3) -> [(8, 4), (9, 3)]
  (8, 4) -> [(8, 3), (9, 4)]
  (8, 5) -> [(7, 5), (9, 5)]
  (8, 6) -> [(7, 6), (8, 7)]
  (8, 7) -> [(7, 7), (8, 6), (8, 8), (9, 7)]
  (8, 8) -> [(8, 7), (8, 9), (9, 8)]
  (8, 9) -> [(7, 9), (8, 8), (9, 9)]
  (8, 11) -> [(7, 11)]
  (9, 0) -> [(8, 0), (9, 1), (10, 0)]
  (9, 1) -> [(9, 0), (10, 1)]
  (9, 2) -> [(8, 2), (9, 3)]
  (9, 3) -> [(8, 3), (9, 2)]
  (9, 4) -> [(8, 4), (9, 5)]
  (9, 5) -> [(8, 5), (9, 4), (10, 5)]
  (9, 6) -> [(9, 7), (10, 6)]
  (9, 7) -> [(8, 7), (9, 6), (9, 8), (10, 7)]
  (9, 8) -> [(8, 8), (9, 7), (9, 9), (10, 8)]
  (9, 9) -> [(8, 9), (9, 8), (10, 9)]
  (10, 0) -> [(9, 0), (10, 1), (11, 0)]
  (10, 1) -> [(9, 1), (10, 0), (11, 1)]
  (10, 2) -> [(10, 3), (11, 2)]
  (10, 3) -> [(10, 2), (11, 3)]
  (10, 4) -> [(10, 5), (11, 4)]
  (10, 5) -> [(9, 5), (10, 4), (11, 5)]
  (10, 6) -> [(9, 6), (10, 7), (11, 6)]
  (10, 7) -> [(9, 7), (10, 6), (10, 8), (11, 7)]
  (10, 8) -> [(9, 8), (10, 7), (10, 9), (11, 8)]
  (10, 9) -> [(9, 9), (10, 8), (11, 9)]
  (11, 0) -> [(10, 0), (11, 1)]
  (11, 1) -> [(10, 1), (11, 0), (11, 2)]
  (11, 2) -> [(10, 2), (11, 1), (11, 3)]
  (11, 3) -> [(10, 3), (11, 2)]
  (11, 4) -> [(10, 4), (11, 5)]
  (11, 5) -> [(10, 5), (11, 4)]
  (11, 6) -> [(10, 6), (11, 7)]
  (11, 7) -> [(10, 7), (11, 6), (11, 8)]
  (11, 8) -> [(10, 8), (11, 7), (11, 9)]
  (11, 9) -> [(10, 9), (11, 8)]
parent_path: {}
exploration_queue: [(8, 11), (7, 10), (4, 11), (3, 10)]

2025-07-31 20:37:19,054 - DEBUG - 
=== VISUAL BOARD - STEP 122 - BFS-EXPLORATION ===
   0  1  2  3  4  5  6  7  8  9 10 11
11 .  .  .  .  V  V  V  V  V  .  .  .   11
10 .  .  .  V  V  V  V  V  .  .  .  .   10
 9 .  .  .  R  V  V  V  V  V  V  V  V    9
 8 .  V  V  V  V  V  V  V  V  V  V  V    8
 7 V  V  V  V  V  V  V  V  V  V  V  V    7
 6 V  V  V  V  V  V  V  V  V  V  V  V    6
 5 V  V  V  V  V  V  V  V  V  V  V  V    5
 4 V  V  V  V  V  V  V  V  V  V  V  V    4
 3 V  V  V  V  V  V  V  V  V  V  V  V    3
 2 V  V  V  V  V  V  V  V  V  V  V  V    2
 1 V  V  V  V  V  V  V  V  V  V  V  V    1
 0 V  V  V  V  V  V  V  V  V  V  V  V    0
   0  1  2  3  4  5  6  7  8  9 10 11
Legend: R=Robot, V=Visited, P=Path, .=Unvisited

2025-07-31 20:37:19,054 - INFO - BFS Exploration Step 123: Exploring (8, 11)
2025-07-31 20:37:19,054 - DEBUG - Moving right from (3, 9) to (4, 9)
2025-07-31 20:37:19,151 - DEBUG - Moving right from (4, 9) to (5, 9)
2025-07-31 20:37:19,250 - DEBUG - Moving up from (5, 9) to (5, 10)
2025-07-31 20:37:19,313 - DEBUG - Moving up from (5, 10) to (5, 11)
2025-07-31 20:37:19,387 - DEBUG - Moving right from (5, 11) to (6, 11)
2025-07-31 20:37:19,478 - DEBUG - Moving right from (6, 11) to (7, 11)
2025-07-31 20:37:19,582 - DEBUG - Moving right from (7, 11) to (8, 11)
2025-07-31 20:37:19,687 - DEBUG - Sensor readings: {'front': 366.78967271172854, 'right': 2000.0, 'back': 1292.370752259162, 'left': 2000.0}
2025-07-31 20:37:19,688 - DEBUG - Added neighbor right: (9, 11)
2025-07-31 20:37:19,688 - DEBUG - Added neighbor down: (8, 10)
2025-07-31 20:37:19,688 - DEBUG - Added 2 new neighbors. Queue size: 5
2025-07-31 20:37:19,688 - DEBUG - 
=== STEP 123 DATA STRUCTURES ===
Current Cell: (8, 11)
explored_cells: [(0, 0), (0, 1), (0, 2), (0, 3), (0, 4), (0, 5), (0, 6), (0, 7), (1, 0), (1, 1), (1, 2), (1, 3), (1, 4), (1, 5), (1, 6), (1, 7), (1, 8), (2, 0), (2, 1), (2, 2), (2, 3), (2, 4), (2, 5), (2, 6), (2, 7), (2, 8), (3, 0), (3, 1), (3, 2), (3, 3), (3, 4), (3, 5), (3, 6), (3, 7), (3, 8), (3, 9), (3, 10), (4, 0), (4, 1), (4, 2), (4, 3), (4, 4), (4, 5), (4, 6), (4, 7), (4, 8), (4, 9), (4, 10), (4, 11), (5, 0), (5, 1), (5, 2), (5, 3), (5, 4), (5, 5), (5, 6), (5, 7), (5, 8), (5, 9), (5, 10), (5, 11), (6, 0), (6, 1), (6, 2), (6, 3), (6, 4), (6, 5), (6, 6), (6, 7), (6, 8), (6, 9), (6, 10), (6, 11), (7, 0), (7, 1), (7, 2), (7, 3), (7, 4), (7, 5), (7, 6), (7, 7), (7, 8), (7, 9), (7, 10), (7, 11), (8, 0), (8, 1), (8, 2), (8, 3), (8, 4), (8, 5), (8, 6), (8, 7), (8, 8), (8, 9), (8, 10), (8, 11), (9, 0), (9, 1), (9, 2), (9, 3), (9, 4), (9, 5), (9, 6), (9, 7), (9, 8), (9, 9), (9, 11), (10, 0), (10, 1), (10, 2), (10, 3), (10, 4), (10, 5), (10, 6), (10, 7), (10, 8), (10, 9), (11, 0), (11, 1), (11, 2), (11, 3), (11, 4), (11, 5), (11, 6), (11, 7), (11, 8), (11, 9)]
accessible_from:
  (0, 0) -> [(0, 1), (1, 0)]
  (0, 1) -> [(0, 0), (1, 1)]
  (0, 2) -> [(0, 3)]
  (0, 3) -> [(0, 2), (0, 4)]
  (0, 4) -> [(0, 3), (0, 5)]
  (0, 5) -> [(0, 4), (0, 6), (1, 5)]
  (0, 6) -> [(0, 5), (0, 7), (1, 6)]
  (0, 7) -> [(0, 6)]
  (1, 0) -> [(0, 0), (1, 1), (2, 0)]
  (1, 1) -> [(0, 1), (1, 0), (2, 1)]
  (1, 2) -> [(1, 3), (2, 2)]
  (1, 3) -> [(1, 2), (2, 3)]
  (1, 4) -> [(1, 5), (2, 4)]
  (1, 5) -> [(0, 5), (1, 4), (2, 5)]
  (1, 6) -> [(0, 6), (1, 7)]
  (1, 7) -> [(1, 6), (2, 7)]
  (1, 8) -> [(2, 8)]
  (2, 0) -> [(1, 0), (3, 0)]
  (2, 1) -> [(1, 1), (2, 2)]
  (2, 2) -> [(1, 2), (2, 1), (3, 2)]
  (2, 3) -> [(1, 3), (2, 4), (3, 3)]
  (2, 4) -> [(1, 4), (2, 3), (3, 4)]
  (2, 5) -> [(1, 5), (2, 6), (3, 5)]
  (2, 6) -> [(2, 5), (3, 6)]
  (2, 7) -> [(1, 7), (2, 8), (3, 7)]
  (2, 8) -> [(1, 8), (2, 7), (3, 8)]
  (3, 0) -> [(2, 0), (4, 0)]
  (3, 1) -> [(3, 2), (4, 1)]
  (3, 2) -> [(2, 2), (3, 1), (4, 2)]
  (3, 3) -> [(2, 3), (3, 4), (4, 3)]
  (3, 4) -> [(2, 4), (3, 3), (4, 4)]
  (3, 5) -> [(2, 5), (3, 6), (4, 5)]
  (3, 6) -> [(2, 6), (3, 5), (4, 6)]
  (3, 7) -> [(2, 7), (3, 8), (4, 7)]
  (3, 8) -> [(2, 8), (3, 7)]
  (3, 9) -> [(3, 10), (4, 9)]
  (3, 10) -> [(3, 9), (4, 10)]
  (4, 0) -> [(3, 0), (5, 0)]
  (4, 1) -> [(3, 1), (4, 2), (5, 1)]
  (4, 2) -> [(3, 2), (4, 1)]
  (4, 3) -> [(3, 3), (4, 4), (5, 3)]
  (4, 4) -> [(3, 4), (4, 3), (5, 4)]
  (4, 5) -> [(3, 5), (4, 6)]
  (4, 6) -> [(3, 6), (4, 5)]
  (4, 7) -> [(3, 7), (4, 8)]
  (4, 8) -> [(4, 7), (5, 8)]
  (4, 9) -> [(3, 9), (4, 10), (5, 9)]
  (4, 10) -> [(3, 10), (4, 9), (4, 11), (5, 10)]
  (4, 11) -> [(4, 10), (5, 11)]
  (5, 0) -> [(4, 0), (5, 1), (6, 0)]
  (5, 1) -> [(4, 1), (5, 0), (5, 2), (6, 1)]
  (5, 2) -> [(5, 1), (6, 2)]
  (5, 3) -> [(4, 3), (5, 4), (6, 3)]
  (5, 4) -> [(4, 4), (5, 3)]
  (5, 5) -> [(5, 6), (6, 5)]
  (5, 6) -> [(5, 5), (6, 6)]
  (5, 7) -> [(5, 8), (6, 7)]
  (5, 8) -> [(4, 8), (5, 7), (6, 8)]
  (5, 9) -> [(4, 9), (5, 10), (6, 9)]
  (5, 10) -> [(4, 10), (5, 9), (5, 11)]
  (5, 11) -> [(4, 11), (5, 10), (6, 11)]
  (6, 0) -> [(5, 0), (6, 1), (7, 0)]
  (6, 1) -> [(5, 1), (6, 0), (7, 1)]
  (6, 2) -> [(5, 2), (7, 2)]
  (6, 3) -> [(5, 3), (6, 4), (7, 3)]
  (6, 4) -> [(6, 3), (6, 5), (7, 4)]
  (6, 5) -> [(5, 5), (6, 4), (6, 6), (7, 5)]
  (6, 6) -> [(5, 6), (6, 5), (7, 6)]
  (6, 7) -> [(5, 7), (6, 8)]
  (6, 8) -> [(5, 8), (6, 7), (7, 8)]
  (6, 9) -> [(5, 9), (6, 10), (7, 9)]
  (6, 10) -> [(6, 9), (6, 11)]
  (6, 11) -> [(5, 11), (6, 10), (7, 11)]
  (7, 0) -> [(6, 0), (7, 1), (8, 0)]
  (7, 1) -> [(6, 1), (7, 0), (8, 1)]
  (7, 2) -> [(6, 2)]
  (7, 3) -> [(6, 3), (7, 4)]
  (7, 4) -> [(6, 4), (7, 3)]
  (7, 5) -> [(6, 5), (7, 6), (8, 5)]
  (7, 6) -> [(6, 6), (7, 5), (7, 7), (8, 6)]
  (7, 7) -> [(7, 6), (7, 8), (8, 7)]
  (7, 8) -> [(6, 8), (7, 7), (7, 9)]
  (7, 9) -> [(6, 9), (7, 8), (8, 9)]
  (7, 10) -> [(7, 11)]
  (7, 11) -> [(6, 11), (7, 10), (8, 11)]
  (8, 0) -> [(7, 0), (8, 1), (9, 0)]
  (8, 1) -> [(7, 1), (8, 0)]
  (8, 2) -> [(9, 2)]
  (8, 3) -> [(8, 4), (9, 3)]
  (8, 4) -> [(8, 3), (9, 4)]
  (8, 5) -> [(7, 5), (9, 5)]
  (8, 6) -> [(7, 6), (8, 7)]
  (8, 7) -> [(7, 7), (8, 6), (8, 8), (9, 7)]
  (8, 8) -> [(8, 7), (8, 9), (9, 8)]
  (8, 9) -> [(7, 9), (8, 8), (9, 9)]
  (8, 10) -> [(8, 11)]
  (8, 11) -> [(7, 11), (8, 10), (9, 11)]
  (9, 0) -> [(8, 0), (9, 1), (10, 0)]
  (9, 1) -> [(9, 0), (10, 1)]
  (9, 2) -> [(8, 2), (9, 3)]
  (9, 3) -> [(8, 3), (9, 2)]
  (9, 4) -> [(8, 4), (9, 5)]
  (9, 5) -> [(8, 5), (9, 4), (10, 5)]
  (9, 6) -> [(9, 7), (10, 6)]
  (9, 7) -> [(8, 7), (9, 6), (9, 8), (10, 7)]
  (9, 8) -> [(8, 8), (9, 7), (9, 9), (10, 8)]
  (9, 9) -> [(8, 9), (9, 8), (10, 9)]
  (9, 11) -> [(8, 11)]
  (10, 0) -> [(9, 0), (10, 1), (11, 0)]
  (10, 1) -> [(9, 1), (10, 0), (11, 1)]
  (10, 2) -> [(10, 3), (11, 2)]
  (10, 3) -> [(10, 2), (11, 3)]
  (10, 4) -> [(10, 5), (11, 4)]
  (10, 5) -> [(9, 5), (10, 4), (11, 5)]
  (10, 6) -> [(9, 6), (10, 7), (11, 6)]
  (10, 7) -> [(9, 7), (10, 6), (10, 8), (11, 7)]
  (10, 8) -> [(9, 8), (10, 7), (10, 9), (11, 8)]
  (10, 9) -> [(9, 9), (10, 8), (11, 9)]
  (11, 0) -> [(10, 0), (11, 1)]
  (11, 1) -> [(10, 1), (11, 0), (11, 2)]
  (11, 2) -> [(10, 2), (11, 1), (11, 3)]
  (11, 3) -> [(10, 3), (11, 2)]
  (11, 4) -> [(10, 4), (11, 5)]
  (11, 5) -> [(10, 5), (11, 4)]
  (11, 6) -> [(10, 6), (11, 7)]
  (11, 7) -> [(10, 7), (11, 6), (11, 8)]
  (11, 8) -> [(10, 8), (11, 7), (11, 9)]
  (11, 9) -> [(10, 9), (11, 8)]
parent_path: {}
exploration_queue: [(7, 10), (4, 11), (3, 10), (9, 11), (8, 10)]

2025-07-31 20:37:19,688 - DEBUG - 
=== VISUAL BOARD - STEP 123 - BFS-EXPLORATION ===
   0  1  2  3  4  5  6  7  8  9 10 11
11 .  .  .  .  V  V  V  V  R  V  .  .   11
10 .  .  .  V  V  V  V  V  V  .  .  .   10
 9 .  .  .  V  V  V  V  V  V  V  V  V    9
 8 .  V  V  V  V  V  V  V  V  V  V  V    8
 7 V  V  V  V  V  V  V  V  V  V  V  V    7
 6 V  V  V  V  V  V  V  V  V  V  V  V    6
 5 V  V  V  V  V  V  V  V  V  V  V  V    5
 4 V  V  V  V  V  V  V  V  V  V  V  V    4
 3 V  V  V  V  V  V  V  V  V  V  V  V    3
 2 V  V  V  V  V  V  V  V  V  V  V  V    2
 1 V  V  V  V  V  V  V  V  V  V  V  V    1
 0 V  V  V  V  V  V  V  V  V  V  V  V    0
   0  1  2  3  4  5  6  7  8  9 10 11
Legend: R=Robot, V=Visited, P=Path, .=Unvisited

2025-07-31 20:37:19,688 - INFO - BFS Exploration Step 124: Exploring (7, 10)
2025-07-31 20:37:19,688 - DEBUG - Moving left from (8, 11) to (7, 11)
2025-07-31 20:37:19,783 - DEBUG - Moving down from (7, 11) to (7, 10)
2025-07-31 20:37:19,844 - DEBUG - Sensor readings: {'front': 1293.389234863767, 'right': 2000.0, 'back': 366.8449007253474, 'left': 321.57640116187}
2025-07-31 20:37:19,844 - DEBUG - Wall detected left to (6, 10)
2025-07-31 20:37:19,844 - DEBUG - Wall detected down to (7, 9)
2025-07-31 20:37:19,844 - DEBUG - Added 0 new neighbors. Queue size: 4
2025-07-31 20:37:19,844 - DEBUG - 
=== STEP 124 DATA STRUCTURES ===
Current Cell: (7, 10)
explored_cells: [(0, 0), (0, 1), (0, 2), (0, 3), (0, 4), (0, 5), (0, 6), (0, 7), (1, 0), (1, 1), (1, 2), (1, 3), (1, 4), (1, 5), (1, 6), (1, 7), (1, 8), (2, 0), (2, 1), (2, 2), (2, 3), (2, 4), (2, 5), (2, 6), (2, 7), (2, 8), (3, 0), (3, 1), (3, 2), (3, 3), (3, 4), (3, 5), (3, 6), (3, 7), (3, 8), (3, 9), (3, 10), (4, 0), (4, 1), (4, 2), (4, 3), (4, 4), (4, 5), (4, 6), (4, 7), (4, 8), (4, 9), (4, 10), (4, 11), (5, 0), (5, 1), (5, 2), (5, 3), (5, 4), (5, 5), (5, 6), (5, 7), (5, 8), (5, 9), (5, 10), (5, 11), (6, 0), (6, 1), (6, 2), (6, 3), (6, 4), (6, 5), (6, 6), (6, 7), (6, 8), (6, 9), (6, 10), (6, 11), (7, 0), (7, 1), (7, 2), (7, 3), (7, 4), (7, 5), (7, 6), (7, 7), (7, 8), (7, 9), (7, 10), (7, 11), (8, 0), (8, 1), (8, 2), (8, 3), (8, 4), (8, 5), (8, 6), (8, 7), (8, 8), (8, 9), (8, 10), (8, 11), (9, 0), (9, 1), (9, 2), (9, 3), (9, 4), (9, 5), (9, 6), (9, 7), (9, 8), (9, 9), (9, 11), (10, 0), (10, 1), (10, 2), (10, 3), (10, 4), (10, 5), (10, 6), (10, 7), (10, 8), (10, 9), (11, 0), (11, 1), (11, 2), (11, 3), (11, 4), (11, 5), (11, 6), (11, 7), (11, 8), (11, 9)]
accessible_from:
  (0, 0) -> [(0, 1), (1, 0)]
  (0, 1) -> [(0, 0), (1, 1)]
  (0, 2) -> [(0, 3)]
  (0, 3) -> [(0, 2), (0, 4)]
  (0, 4) -> [(0, 3), (0, 5)]
  (0, 5) -> [(0, 4), (0, 6), (1, 5)]
  (0, 6) -> [(0, 5), (0, 7), (1, 6)]
  (0, 7) -> [(0, 6)]
  (1, 0) -> [(0, 0), (1, 1), (2, 0)]
  (1, 1) -> [(0, 1), (1, 0), (2, 1)]
  (1, 2) -> [(1, 3), (2, 2)]
  (1, 3) -> [(1, 2), (2, 3)]
  (1, 4) -> [(1, 5), (2, 4)]
  (1, 5) -> [(0, 5), (1, 4), (2, 5)]
  (1, 6) -> [(0, 6), (1, 7)]
  (1, 7) -> [(1, 6), (2, 7)]
  (1, 8) -> [(2, 8)]
  (2, 0) -> [(1, 0), (3, 0)]
  (2, 1) -> [(1, 1), (2, 2)]
  (2, 2) -> [(1, 2), (2, 1), (3, 2)]
  (2, 3) -> [(1, 3), (2, 4), (3, 3)]
  (2, 4) -> [(1, 4), (2, 3), (3, 4)]
  (2, 5) -> [(1, 5), (2, 6), (3, 5)]
  (2, 6) -> [(2, 5), (3, 6)]
  (2, 7) -> [(1, 7), (2, 8), (3, 7)]
  (2, 8) -> [(1, 8), (2, 7), (3, 8)]
  (3, 0) -> [(2, 0), (4, 0)]
  (3, 1) -> [(3, 2), (4, 1)]
  (3, 2) -> [(2, 2), (3, 1), (4, 2)]
  (3, 3) -> [(2, 3), (3, 4), (4, 3)]
  (3, 4) -> [(2, 4), (3, 3), (4, 4)]
  (3, 5) -> [(2, 5), (3, 6), (4, 5)]
  (3, 6) -> [(2, 6), (3, 5), (4, 6)]
  (3, 7) -> [(2, 7), (3, 8), (4, 7)]
  (3, 8) -> [(2, 8), (3, 7)]
  (3, 9) -> [(3, 10), (4, 9)]
  (3, 10) -> [(3, 9), (4, 10)]
  (4, 0) -> [(3, 0), (5, 0)]
  (4, 1) -> [(3, 1), (4, 2), (5, 1)]
  (4, 2) -> [(3, 2), (4, 1)]
  (4, 3) -> [(3, 3), (4, 4), (5, 3)]
  (4, 4) -> [(3, 4), (4, 3), (5, 4)]
  (4, 5) -> [(3, 5), (4, 6)]
  (4, 6) -> [(3, 6), (4, 5)]
  (4, 7) -> [(3, 7), (4, 8)]
  (4, 8) -> [(4, 7), (5, 8)]
  (4, 9) -> [(3, 9), (4, 10), (5, 9)]
  (4, 10) -> [(3, 10), (4, 9), (4, 11), (5, 10)]
  (4, 11) -> [(4, 10), (5, 11)]
  (5, 0) -> [(4, 0), (5, 1), (6, 0)]
  (5, 1) -> [(4, 1), (5, 0), (5, 2), (6, 1)]
  (5, 2) -> [(5, 1), (6, 2)]
  (5, 3) -> [(4, 3), (5, 4), (6, 3)]
  (5, 4) -> [(4, 4), (5, 3)]
  (5, 5) -> [(5, 6), (6, 5)]
  (5, 6) -> [(5, 5), (6, 6)]
  (5, 7) -> [(5, 8), (6, 7)]
  (5, 8) -> [(4, 8), (5, 7), (6, 8)]
  (5, 9) -> [(4, 9), (5, 10), (6, 9)]
  (5, 10) -> [(4, 10), (5, 9), (5, 11)]
  (5, 11) -> [(4, 11), (5, 10), (6, 11)]
  (6, 0) -> [(5, 0), (6, 1), (7, 0)]
  (6, 1) -> [(5, 1), (6, 0), (7, 1)]
  (6, 2) -> [(5, 2), (7, 2)]
  (6, 3) -> [(5, 3), (6, 4), (7, 3)]
  (6, 4) -> [(6, 3), (6, 5), (7, 4)]
  (6, 5) -> [(5, 5), (6, 4), (6, 6), (7, 5)]
  (6, 6) -> [(5, 6), (6, 5), (7, 6)]
  (6, 7) -> [(5, 7), (6, 8)]
  (6, 8) -> [(5, 8), (6, 7), (7, 8)]
  (6, 9) -> [(5, 9), (6, 10), (7, 9)]
  (6, 10) -> [(6, 9), (6, 11)]
  (6, 11) -> [(5, 11), (6, 10), (7, 11)]
  (7, 0) -> [(6, 0), (7, 1), (8, 0)]
  (7, 1) -> [(6, 1), (7, 0), (8, 1)]
  (7, 2) -> [(6, 2)]
  (7, 3) -> [(6, 3), (7, 4)]
  (7, 4) -> [(6, 4), (7, 3)]
  (7, 5) -> [(6, 5), (7, 6), (8, 5)]
  (7, 6) -> [(6, 6), (7, 5), (7, 7), (8, 6)]
  (7, 7) -> [(7, 6), (7, 8), (8, 7)]
  (7, 8) -> [(6, 8), (7, 7), (7, 9)]
  (7, 9) -> [(6, 9), (7, 8), (8, 9)]
  (7, 10) -> [(7, 11), (8, 10)]
  (7, 11) -> [(6, 11), (7, 10), (8, 11)]
  (8, 0) -> [(7, 0), (8, 1), (9, 0)]
  (8, 1) -> [(7, 1), (8, 0)]
  (8, 2) -> [(9, 2)]
  (8, 3) -> [(8, 4), (9, 3)]
  (8, 4) -> [(8, 3), (9, 4)]
  (8, 5) -> [(7, 5), (9, 5)]
  (8, 6) -> [(7, 6), (8, 7)]
  (8, 7) -> [(7, 7), (8, 6), (8, 8), (9, 7)]
  (8, 8) -> [(8, 7), (8, 9), (9, 8)]
  (8, 9) -> [(7, 9), (8, 8), (9, 9)]
  (8, 10) -> [(7, 10), (8, 11)]
  (8, 11) -> [(7, 11), (8, 10), (9, 11)]
  (9, 0) -> [(8, 0), (9, 1), (10, 0)]
  (9, 1) -> [(9, 0), (10, 1)]
  (9, 2) -> [(8, 2), (9, 3)]
  (9, 3) -> [(8, 3), (9, 2)]
  (9, 4) -> [(8, 4), (9, 5)]
  (9, 5) -> [(8, 5), (9, 4), (10, 5)]
  (9, 6) -> [(9, 7), (10, 6)]
  (9, 7) -> [(8, 7), (9, 6), (9, 8), (10, 7)]
  (9, 8) -> [(8, 8), (9, 7), (9, 9), (10, 8)]
  (9, 9) -> [(8, 9), (9, 8), (10, 9)]
  (9, 11) -> [(8, 11)]
  (10, 0) -> [(9, 0), (10, 1), (11, 0)]
  (10, 1) -> [(9, 1), (10, 0), (11, 1)]
  (10, 2) -> [(10, 3), (11, 2)]
  (10, 3) -> [(10, 2), (11, 3)]
  (10, 4) -> [(10, 5), (11, 4)]
  (10, 5) -> [(9, 5), (10, 4), (11, 5)]
  (10, 6) -> [(9, 6), (10, 7), (11, 6)]
  (10, 7) -> [(9, 7), (10, 6), (10, 8), (11, 7)]
  (10, 8) -> [(9, 8), (10, 7), (10, 9), (11, 8)]
  (10, 9) -> [(9, 9), (10, 8), (11, 9)]
  (11, 0) -> [(10, 0), (11, 1)]
  (11, 1) -> [(10, 1), (11, 0), (11, 2)]
  (11, 2) -> [(10, 2), (11, 1), (11, 3)]
  (11, 3) -> [(10, 3), (11, 2)]
  (11, 4) -> [(10, 4), (11, 5)]
  (11, 5) -> [(10, 5), (11, 4)]
  (11, 6) -> [(10, 6), (11, 7)]
  (11, 7) -> [(10, 7), (11, 6), (11, 8)]
  (11, 8) -> [(10, 8), (11, 7), (11, 9)]
  (11, 9) -> [(10, 9), (11, 8)]
parent_path: {}
exploration_queue: [(4, 11), (3, 10), (9, 11), (8, 10)]

2025-07-31 20:37:19,844 - DEBUG - 
=== VISUAL BOARD - STEP 124 - BFS-EXPLORATION ===
   0  1  2  3  4  5  6  7  8  9 10 11
11 .  .  .  .  V  V  V  V  V  V  .  .   11
10 .  .  .  V  V  V  V  R  V  .  .  .   10
 9 .  .  .  V  V  V  V  V  V  V  V  V    9
 8 .  V  V  V  V  V  V  V  V  V  V  V    8
 7 V  V  V  V  V  V  V  V  V  V  V  V    7
 6 V  V  V  V  V  V  V  V  V  V  V  V    6
 5 V  V  V  V  V  V  V  V  V  V  V  V    5
 4 V  V  V  V  V  V  V  V  V  V  V  V    4
 3 V  V  V  V  V  V  V  V  V  V  V  V    3
 2 V  V  V  V  V  V  V  V  V  V  V  V    2
 1 V  V  V  V  V  V  V  V  V  V  V  V    1
 0 V  V  V  V  V  V  V  V  V  V  V  V    0
   0  1  2  3  4  5  6  7  8  9 10 11
Legend: R=Robot, V=Visited, P=Path, .=Unvisited

2025-07-31 20:37:19,845 - INFO - BFS Exploration Step 125: Exploring (4, 11)
2025-07-31 20:37:19,845 - DEBUG - Moving up from (7, 10) to (7, 11)
2025-07-31 20:37:19,909 - DEBUG - Moving left from (7, 11) to (6, 11)
2025-07-31 20:37:20,015 - DEBUG - Moving left from (6, 11) to (5, 11)
2025-07-31 20:37:20,115 - DEBUG - Moving left from (5, 11) to (4, 11)
2025-07-31 20:37:20,224 - DEBUG - Sensor readings: {'front': 319.8223751073603, 'right': 2000.0, 'back': 2000.0, 'left': 2000.0}
2025-07-31 20:37:20,224 - DEBUG - Added neighbor left: (3, 11)
2025-07-31 20:37:20,224 - DEBUG - Added 1 new neighbors. Queue size: 4
2025-07-31 20:37:20,224 - DEBUG - 
=== STEP 125 DATA STRUCTURES ===
Current Cell: (4, 11)
explored_cells: [(0, 0), (0, 1), (0, 2), (0, 3), (0, 4), (0, 5), (0, 6), (0, 7), (1, 0), (1, 1), (1, 2), (1, 3), (1, 4), (1, 5), (1, 6), (1, 7), (1, 8), (2, 0), (2, 1), (2, 2), (2, 3), (2, 4), (2, 5), (2, 6), (2, 7), (2, 8), (3, 0), (3, 1), (3, 2), (3, 3), (3, 4), (3, 5), (3, 6), (3, 7), (3, 8), (3, 9), (3, 10), (3, 11), (4, 0), (4, 1), (4, 2), (4, 3), (4, 4), (4, 5), (4, 6), (4, 7), (4, 8), (4, 9), (4, 10), (4, 11), (5, 0), (5, 1), (5, 2), (5, 3), (5, 4), (5, 5), (5, 6), (5, 7), (5, 8), (5, 9), (5, 10), (5, 11), (6, 0), (6, 1), (6, 2), (6, 3), (6, 4), (6, 5), (6, 6), (6, 7), (6, 8), (6, 9), (6, 10), (6, 11), (7, 0), (7, 1), (7, 2), (7, 3), (7, 4), (7, 5), (7, 6), (7, 7), (7, 8), (7, 9), (7, 10), (7, 11), (8, 0), (8, 1), (8, 2), (8, 3), (8, 4), (8, 5), (8, 6), (8, 7), (8, 8), (8, 9), (8, 10), (8, 11), (9, 0), (9, 1), (9, 2), (9, 3), (9, 4), (9, 5), (9, 6), (9, 7), (9, 8), (9, 9), (9, 11), (10, 0), (10, 1), (10, 2), (10, 3), (10, 4), (10, 5), (10, 6), (10, 7), (10, 8), (10, 9), (11, 0), (11, 1), (11, 2), (11, 3), (11, 4), (11, 5), (11, 6), (11, 7), (11, 8), (11, 9)]
accessible_from:
  (0, 0) -> [(0, 1), (1, 0)]
  (0, 1) -> [(0, 0), (1, 1)]
  (0, 2) -> [(0, 3)]
  (0, 3) -> [(0, 2), (0, 4)]
  (0, 4) -> [(0, 3), (0, 5)]
  (0, 5) -> [(0, 4), (0, 6), (1, 5)]
  (0, 6) -> [(0, 5), (0, 7), (1, 6)]
  (0, 7) -> [(0, 6)]
  (1, 0) -> [(0, 0), (1, 1), (2, 0)]
  (1, 1) -> [(0, 1), (1, 0), (2, 1)]
  (1, 2) -> [(1, 3), (2, 2)]
  (1, 3) -> [(1, 2), (2, 3)]
  (1, 4) -> [(1, 5), (2, 4)]
  (1, 5) -> [(0, 5), (1, 4), (2, 5)]
  (1, 6) -> [(0, 6), (1, 7)]
  (1, 7) -> [(1, 6), (2, 7)]
  (1, 8) -> [(2, 8)]
  (2, 0) -> [(1, 0), (3, 0)]
  (2, 1) -> [(1, 1), (2, 2)]
  (2, 2) -> [(1, 2), (2, 1), (3, 2)]
  (2, 3) -> [(1, 3), (2, 4), (3, 3)]
  (2, 4) -> [(1, 4), (2, 3), (3, 4)]
  (2, 5) -> [(1, 5), (2, 6), (3, 5)]
  (2, 6) -> [(2, 5), (3, 6)]
  (2, 7) -> [(1, 7), (2, 8), (3, 7)]
  (2, 8) -> [(1, 8), (2, 7), (3, 8)]
  (3, 0) -> [(2, 0), (4, 0)]
  (3, 1) -> [(3, 2), (4, 1)]
  (3, 2) -> [(2, 2), (3, 1), (4, 2)]
  (3, 3) -> [(2, 3), (3, 4), (4, 3)]
  (3, 4) -> [(2, 4), (3, 3), (4, 4)]
  (3, 5) -> [(2, 5), (3, 6), (4, 5)]
  (3, 6) -> [(2, 6), (3, 5), (4, 6)]
  (3, 7) -> [(2, 7), (3, 8), (4, 7)]
  (3, 8) -> [(2, 8), (3, 7)]
  (3, 9) -> [(3, 10), (4, 9)]
  (3, 10) -> [(3, 9), (4, 10)]
  (3, 11) -> [(4, 11)]
  (4, 0) -> [(3, 0), (5, 0)]
  (4, 1) -> [(3, 1), (4, 2), (5, 1)]
  (4, 2) -> [(3, 2), (4, 1)]
  (4, 3) -> [(3, 3), (4, 4), (5, 3)]
  (4, 4) -> [(3, 4), (4, 3), (5, 4)]
  (4, 5) -> [(3, 5), (4, 6)]
  (4, 6) -> [(3, 6), (4, 5)]
  (4, 7) -> [(3, 7), (4, 8)]
  (4, 8) -> [(4, 7), (5, 8)]
  (4, 9) -> [(3, 9), (4, 10), (5, 9)]
  (4, 10) -> [(3, 10), (4, 9), (4, 11), (5, 10)]
  (4, 11) -> [(3, 11), (4, 10), (5, 11)]
  (5, 0) -> [(4, 0), (5, 1), (6, 0)]
  (5, 1) -> [(4, 1), (5, 0), (5, 2), (6, 1)]
  (5, 2) -> [(5, 1), (6, 2)]
  (5, 3) -> [(4, 3), (5, 4), (6, 3)]
  (5, 4) -> [(4, 4), (5, 3)]
  (5, 5) -> [(5, 6), (6, 5)]
  (5, 6) -> [(5, 5), (6, 6)]
  (5, 7) -> [(5, 8), (6, 7)]
  (5, 8) -> [(4, 8), (5, 7), (6, 8)]
  (5, 9) -> [(4, 9), (5, 10), (6, 9)]
  (5, 10) -> [(4, 10), (5, 9), (5, 11)]
  (5, 11) -> [(4, 11), (5, 10), (6, 11)]
  (6, 0) -> [(5, 0), (6, 1), (7, 0)]
  (6, 1) -> [(5, 1), (6, 0), (7, 1)]
  (6, 2) -> [(5, 2), (7, 2)]
  (6, 3) -> [(5, 3), (6, 4), (7, 3)]
  (6, 4) -> [(6, 3), (6, 5), (7, 4)]
  (6, 5) -> [(5, 5), (6, 4), (6, 6), (7, 5)]
  (6, 6) -> [(5, 6), (6, 5), (7, 6)]
  (6, 7) -> [(5, 7), (6, 8)]
  (6, 8) -> [(5, 8), (6, 7), (7, 8)]
  (6, 9) -> [(5, 9), (6, 10), (7, 9)]
  (6, 10) -> [(6, 9), (6, 11)]
  (6, 11) -> [(5, 11), (6, 10), (7, 11)]
  (7, 0) -> [(6, 0), (7, 1), (8, 0)]
  (7, 1) -> [(6, 1), (7, 0), (8, 1)]
  (7, 2) -> [(6, 2)]
  (7, 3) -> [(6, 3), (7, 4)]
  (7, 4) -> [(6, 4), (7, 3)]
  (7, 5) -> [(6, 5), (7, 6), (8, 5)]
  (7, 6) -> [(6, 6), (7, 5), (7, 7), (8, 6)]
  (7, 7) -> [(7, 6), (7, 8), (8, 7)]
  (7, 8) -> [(6, 8), (7, 7), (7, 9)]
  (7, 9) -> [(6, 9), (7, 8), (8, 9)]
  (7, 10) -> [(7, 11), (8, 10)]
  (7, 11) -> [(6, 11), (7, 10), (8, 11)]
  (8, 0) -> [(7, 0), (8, 1), (9, 0)]
  (8, 1) -> [(7, 1), (8, 0)]
  (8, 2) -> [(9, 2)]
  (8, 3) -> [(8, 4), (9, 3)]
  (8, 4) -> [(8, 3), (9, 4)]
  (8, 5) -> [(7, 5), (9, 5)]
  (8, 6) -> [(7, 6), (8, 7)]
  (8, 7) -> [(7, 7), (8, 6), (8, 8), (9, 7)]
  (8, 8) -> [(8, 7), (8, 9), (9, 8)]
  (8, 9) -> [(7, 9), (8, 8), (9, 9)]
  (8, 10) -> [(7, 10), (8, 11)]
  (8, 11) -> [(7, 11), (8, 10), (9, 11)]
  (9, 0) -> [(8, 0), (9, 1), (10, 0)]
  (9, 1) -> [(9, 0), (10, 1)]
  (9, 2) -> [(8, 2), (9, 3)]
  (9, 3) -> [(8, 3), (9, 2)]
  (9, 4) -> [(8, 4), (9, 5)]
  (9, 5) -> [(8, 5), (9, 4), (10, 5)]
  (9, 6) -> [(9, 7), (10, 6)]
  (9, 7) -> [(8, 7), (9, 6), (9, 8), (10, 7)]
  (9, 8) -> [(8, 8), (9, 7), (9, 9), (10, 8)]
  (9, 9) -> [(8, 9), (9, 8), (10, 9)]
  (9, 11) -> [(8, 11)]
  (10, 0) -> [(9, 0), (10, 1), (11, 0)]
  (10, 1) -> [(9, 1), (10, 0), (11, 1)]
  (10, 2) -> [(10, 3), (11, 2)]
  (10, 3) -> [(10, 2), (11, 3)]
  (10, 4) -> [(10, 5), (11, 4)]
  (10, 5) -> [(9, 5), (10, 4), (11, 5)]
  (10, 6) -> [(9, 6), (10, 7), (11, 6)]
  (10, 7) -> [(9, 7), (10, 6), (10, 8), (11, 7)]
  (10, 8) -> [(9, 8), (10, 7), (10, 9), (11, 8)]
  (10, 9) -> [(9, 9), (10, 8), (11, 9)]
  (11, 0) -> [(10, 0), (11, 1)]
  (11, 1) -> [(10, 1), (11, 0), (11, 2)]
  (11, 2) -> [(10, 2), (11, 1), (11, 3)]
  (11, 3) -> [(10, 3), (11, 2)]
  (11, 4) -> [(10, 4), (11, 5)]
  (11, 5) -> [(10, 5), (11, 4)]
  (11, 6) -> [(10, 6), (11, 7)]
  (11, 7) -> [(10, 7), (11, 6), (11, 8)]
  (11, 8) -> [(10, 8), (11, 7), (11, 9)]
  (11, 9) -> [(10, 9), (11, 8)]
parent_path: {}
exploration_queue: [(3, 10), (9, 11), (8, 10), (3, 11)]

2025-07-31 20:37:20,224 - DEBUG - 
=== VISUAL BOARD - STEP 125 - BFS-EXPLORATION ===
   0  1  2  3  4  5  6  7  8  9 10 11
11 .  .  .  V  R  V  V  V  V  V  .  .   11
10 .  .  .  V  V  V  V  V  V  .  .  .   10
 9 .  .  .  V  V  V  V  V  V  V  V  V    9
 8 .  V  V  V  V  V  V  V  V  V  V  V    8
 7 V  V  V  V  V  V  V  V  V  V  V  V    7
 6 V  V  V  V  V  V  V  V  V  V  V  V    6
 5 V  V  V  V  V  V  V  V  V  V  V  V    5
 4 V  V  V  V  V  V  V  V  V  V  V  V    4
 3 V  V  V  V  V  V  V  V  V  V  V  V    3
 2 V  V  V  V  V  V  V  V  V  V  V  V    2
 1 V  V  V  V  V  V  V  V  V  V  V  V    1
 0 V  V  V  V  V  V  V  V  V  V  V  V    0
   0  1  2  3  4  5  6  7  8  9 10 11
Legend: R=Robot, V=Visited, P=Path, .=Unvisited

2025-07-31 20:37:20,224 - INFO - BFS Exploration Step 126: Exploring (3, 10)
2025-07-31 20:37:20,224 - DEBUG - Moving down from (4, 11) to (4, 10)
2025-07-31 20:37:20,287 - DEBUG - Moving left from (4, 10) to (3, 10)
2025-07-31 20:37:20,386 - DEBUG - Sensor readings: {'front': 1320.3795396851078, 'right': 2000.0, 'back': 1341.9363221129638, 'left': 1362.2020425574583}
2025-07-31 20:37:20,386 - DEBUG - Added neighbor left: (2, 10)
2025-07-31 20:37:20,387 - DEBUG - Added 1 new neighbors. Queue size: 4
2025-07-31 20:37:20,387 - DEBUG - 
=== STEP 126 DATA STRUCTURES ===
Current Cell: (3, 10)
explored_cells: [(0, 0), (0, 1), (0, 2), (0, 3), (0, 4), (0, 5), (0, 6), (0, 7), (1, 0), (1, 1), (1, 2), (1, 3), (1, 4), (1, 5), (1, 6), (1, 7), (1, 8), (2, 0), (2, 1), (2, 2), (2, 3), (2, 4), (2, 5), (2, 6), (2, 7), (2, 8), (2, 10), (3, 0), (3, 1), (3, 2), (3, 3), (3, 4), (3, 5), (3, 6), (3, 7), (3, 8), (3, 9), (3, 10), (3, 11), (4, 0), (4, 1), (4, 2), (4, 3), (4, 4), (4, 5), (4, 6), (4, 7), (4, 8), (4, 9), (4, 10), (4, 11), (5, 0), (5, 1), (5, 2), (5, 3), (5, 4), (5, 5), (5, 6), (5, 7), (5, 8), (5, 9), (5, 10), (5, 11), (6, 0), (6, 1), (6, 2), (6, 3), (6, 4), (6, 5), (6, 6), (6, 7), (6, 8), (6, 9), (6, 10), (6, 11), (7, 0), (7, 1), (7, 2), (7, 3), (7, 4), (7, 5), (7, 6), (7, 7), (7, 8), (7, 9), (7, 10), (7, 11), (8, 0), (8, 1), (8, 2), (8, 3), (8, 4), (8, 5), (8, 6), (8, 7), (8, 8), (8, 9), (8, 10), (8, 11), (9, 0), (9, 1), (9, 2), (9, 3), (9, 4), (9, 5), (9, 6), (9, 7), (9, 8), (9, 9), (9, 11), (10, 0), (10, 1), (10, 2), (10, 3), (10, 4), (10, 5), (10, 6), (10, 7), (10, 8), (10, 9), (11, 0), (11, 1), (11, 2), (11, 3), (11, 4), (11, 5), (11, 6), (11, 7), (11, 8), (11, 9)]
accessible_from:
  (0, 0) -> [(0, 1), (1, 0)]
  (0, 1) -> [(0, 0), (1, 1)]
  (0, 2) -> [(0, 3)]
  (0, 3) -> [(0, 2), (0, 4)]
  (0, 4) -> [(0, 3), (0, 5)]
  (0, 5) -> [(0, 4), (0, 6), (1, 5)]
  (0, 6) -> [(0, 5), (0, 7), (1, 6)]
  (0, 7) -> [(0, 6)]
  (1, 0) -> [(0, 0), (1, 1), (2, 0)]
  (1, 1) -> [(0, 1), (1, 0), (2, 1)]
  (1, 2) -> [(1, 3), (2, 2)]
  (1, 3) -> [(1, 2), (2, 3)]
  (1, 4) -> [(1, 5), (2, 4)]
  (1, 5) -> [(0, 5), (1, 4), (2, 5)]
  (1, 6) -> [(0, 6), (1, 7)]
  (1, 7) -> [(1, 6), (2, 7)]
  (1, 8) -> [(2, 8)]
  (2, 0) -> [(1, 0), (3, 0)]
  (2, 1) -> [(1, 1), (2, 2)]
  (2, 2) -> [(1, 2), (2, 1), (3, 2)]
  (2, 3) -> [(1, 3), (2, 4), (3, 3)]
  (2, 4) -> [(1, 4), (2, 3), (3, 4)]
  (2, 5) -> [(1, 5), (2, 6), (3, 5)]
  (2, 6) -> [(2, 5), (3, 6)]
  (2, 7) -> [(1, 7), (2, 8), (3, 7)]
  (2, 8) -> [(1, 8), (2, 7), (3, 8)]
  (2, 10) -> [(3, 10)]
  (3, 0) -> [(2, 0), (4, 0)]
  (3, 1) -> [(3, 2), (4, 1)]
  (3, 2) -> [(2, 2), (3, 1), (4, 2)]
  (3, 3) -> [(2, 3), (3, 4), (4, 3)]
  (3, 4) -> [(2, 4), (3, 3), (4, 4)]
  (3, 5) -> [(2, 5), (3, 6), (4, 5)]
  (3, 6) -> [(2, 6), (3, 5), (4, 6)]
  (3, 7) -> [(2, 7), (3, 8), (4, 7)]
  (3, 8) -> [(2, 8), (3, 7)]
  (3, 9) -> [(3, 10), (4, 9)]
  (3, 10) -> [(2, 10), (3, 9), (3, 11), (4, 10)]
  (3, 11) -> [(3, 10), (4, 11)]
  (4, 0) -> [(3, 0), (5, 0)]
  (4, 1) -> [(3, 1), (4, 2), (5, 1)]
  (4, 2) -> [(3, 2), (4, 1)]
  (4, 3) -> [(3, 3), (4, 4), (5, 3)]
  (4, 4) -> [(3, 4), (4, 3), (5, 4)]
  (4, 5) -> [(3, 5), (4, 6)]
  (4, 6) -> [(3, 6), (4, 5)]
  (4, 7) -> [(3, 7), (4, 8)]
  (4, 8) -> [(4, 7), (5, 8)]
  (4, 9) -> [(3, 9), (4, 10), (5, 9)]
  (4, 10) -> [(3, 10), (4, 9), (4, 11), (5, 10)]
  (4, 11) -> [(3, 11), (4, 10), (5, 11)]
  (5, 0) -> [(4, 0), (5, 1), (6, 0)]
  (5, 1) -> [(4, 1), (5, 0), (5, 2), (6, 1)]
  (5, 2) -> [(5, 1), (6, 2)]
  (5, 3) -> [(4, 3), (5, 4), (6, 3)]
  (5, 4) -> [(4, 4), (5, 3)]
  (5, 5) -> [(5, 6), (6, 5)]
  (5, 6) -> [(5, 5), (6, 6)]
  (5, 7) -> [(5, 8), (6, 7)]
  (5, 8) -> [(4, 8), (5, 7), (6, 8)]
  (5, 9) -> [(4, 9), (5, 10), (6, 9)]
  (5, 10) -> [(4, 10), (5, 9), (5, 11)]
  (5, 11) -> [(4, 11), (5, 10), (6, 11)]
  (6, 0) -> [(5, 0), (6, 1), (7, 0)]
  (6, 1) -> [(5, 1), (6, 0), (7, 1)]
  (6, 2) -> [(5, 2), (7, 2)]
  (6, 3) -> [(5, 3), (6, 4), (7, 3)]
  (6, 4) -> [(6, 3), (6, 5), (7, 4)]
  (6, 5) -> [(5, 5), (6, 4), (6, 6), (7, 5)]
  (6, 6) -> [(5, 6), (6, 5), (7, 6)]
  (6, 7) -> [(5, 7), (6, 8)]
  (6, 8) -> [(5, 8), (6, 7), (7, 8)]
  (6, 9) -> [(5, 9), (6, 10), (7, 9)]
  (6, 10) -> [(6, 9), (6, 11)]
  (6, 11) -> [(5, 11), (6, 10), (7, 11)]
  (7, 0) -> [(6, 0), (7, 1), (8, 0)]
  (7, 1) -> [(6, 1), (7, 0), (8, 1)]
  (7, 2) -> [(6, 2)]
  (7, 3) -> [(6, 3), (7, 4)]
  (7, 4) -> [(6, 4), (7, 3)]
  (7, 5) -> [(6, 5), (7, 6), (8, 5)]
  (7, 6) -> [(6, 6), (7, 5), (7, 7), (8, 6)]
  (7, 7) -> [(7, 6), (7, 8), (8, 7)]
  (7, 8) -> [(6, 8), (7, 7), (7, 9)]
  (7, 9) -> [(6, 9), (7, 8), (8, 9)]
  (7, 10) -> [(7, 11), (8, 10)]
  (7, 11) -> [(6, 11), (7, 10), (8, 11)]
  (8, 0) -> [(7, 0), (8, 1), (9, 0)]
  (8, 1) -> [(7, 1), (8, 0)]
  (8, 2) -> [(9, 2)]
  (8, 3) -> [(8, 4), (9, 3)]
  (8, 4) -> [(8, 3), (9, 4)]
  (8, 5) -> [(7, 5), (9, 5)]
  (8, 6) -> [(7, 6), (8, 7)]
  (8, 7) -> [(7, 7), (8, 6), (8, 8), (9, 7)]
  (8, 8) -> [(8, 7), (8, 9), (9, 8)]
  (8, 9) -> [(7, 9), (8, 8), (9, 9)]
  (8, 10) -> [(7, 10), (8, 11)]
  (8, 11) -> [(7, 11), (8, 10), (9, 11)]
  (9, 0) -> [(8, 0), (9, 1), (10, 0)]
  (9, 1) -> [(9, 0), (10, 1)]
  (9, 2) -> [(8, 2), (9, 3)]
  (9, 3) -> [(8, 3), (9, 2)]
  (9, 4) -> [(8, 4), (9, 5)]
  (9, 5) -> [(8, 5), (9, 4), (10, 5)]
  (9, 6) -> [(9, 7), (10, 6)]
  (9, 7) -> [(8, 7), (9, 6), (9, 8), (10, 7)]
  (9, 8) -> [(8, 8), (9, 7), (9, 9), (10, 8)]
  (9, 9) -> [(8, 9), (9, 8), (10, 9)]
  (9, 11) -> [(8, 11)]
  (10, 0) -> [(9, 0), (10, 1), (11, 0)]
  (10, 1) -> [(9, 1), (10, 0), (11, 1)]
  (10, 2) -> [(10, 3), (11, 2)]
  (10, 3) -> [(10, 2), (11, 3)]
  (10, 4) -> [(10, 5), (11, 4)]
  (10, 5) -> [(9, 5), (10, 4), (11, 5)]
  (10, 6) -> [(9, 6), (10, 7), (11, 6)]
  (10, 7) -> [(9, 7), (10, 6), (10, 8), (11, 7)]
  (10, 8) -> [(9, 8), (10, 7), (10, 9), (11, 8)]
  (10, 9) -> [(9, 9), (10, 8), (11, 9)]
  (11, 0) -> [(10, 0), (11, 1)]
  (11, 1) -> [(10, 1), (11, 0), (11, 2)]
  (11, 2) -> [(10, 2), (11, 1), (11, 3)]
  (11, 3) -> [(10, 3), (11, 2)]
  (11, 4) -> [(10, 4), (11, 5)]
  (11, 5) -> [(10, 5), (11, 4)]
  (11, 6) -> [(10, 6), (11, 7)]
  (11, 7) -> [(10, 7), (11, 6), (11, 8)]
  (11, 8) -> [(10, 8), (11, 7), (11, 9)]
  (11, 9) -> [(10, 9), (11, 8)]
parent_path: {}
exploration_queue: [(9, 11), (8, 10), (3, 11), (2, 10)]

2025-07-31 20:37:20,387 - DEBUG - 
=== VISUAL BOARD - STEP 126 - BFS-EXPLORATION ===
   0  1  2  3  4  5  6  7  8  9 10 11
11 .  .  .  V  V  V  V  V  V  V  .  .   11
10 .  .  V  R  V  V  V  V  V  .  .  .   10
 9 .  .  .  V  V  V  V  V  V  V  V  V    9
 8 .  V  V  V  V  V  V  V  V  V  V  V    8
 7 V  V  V  V  V  V  V  V  V  V  V  V    7
 6 V  V  V  V  V  V  V  V  V  V  V  V    6
 5 V  V  V  V  V  V  V  V  V  V  V  V    5
 4 V  V  V  V  V  V  V  V  V  V  V  V    4
 3 V  V  V  V  V  V  V  V  V  V  V  V    3
 2 V  V  V  V  V  V  V  V  V  V  V  V    2
 1 V  V  V  V  V  V  V  V  V  V  V  V    1
 0 V  V  V  V  V  V  V  V  V  V  V  V    0
   0  1  2  3  4  5  6  7  8  9 10 11
Legend: R=Robot, V=Visited, P=Path, .=Unvisited

2025-07-31 20:37:20,387 - INFO - BFS Exploration Step 127: Exploring (9, 11)
2025-07-31 20:37:20,387 - DEBUG - Moving right from (3, 10) to (4, 10)
2025-07-31 20:37:20,482 - DEBUG - Moving right from (4, 10) to (5, 10)
2025-07-31 20:37:20,589 - DEBUG - Moving up from (5, 10) to (5, 11)
2025-07-31 20:37:20,654 - DEBUG - Moving right from (5, 11) to (6, 11)
2025-07-31 20:37:20,749 - DEBUG - Moving right from (6, 11) to (7, 11)
2025-07-31 20:37:20,851 - DEBUG - Moving right from (7, 11) to (8, 11)
2025-07-31 20:37:20,948 - DEBUG - Moving right from (8, 11) to (9, 11)
2025-07-31 20:37:21,044 - DEBUG - Sensor readings: {'front': 368.8747225346615, 'right': 2000.0, 'back': 1304.5013234145015, 'left': 2000.0}
2025-07-31 20:37:21,045 - DEBUG - Added neighbor right: (10, 11)
2025-07-31 20:37:21,045 - DEBUG - Added neighbor down: (9, 10)
2025-07-31 20:37:21,045 - DEBUG - Added 2 new neighbors. Queue size: 5
2025-07-31 20:37:21,045 - DEBUG - 
=== STEP 127 DATA STRUCTURES ===
Current Cell: (9, 11)
explored_cells: [(0, 0), (0, 1), (0, 2), (0, 3), (0, 4), (0, 5), (0, 6), (0, 7), (1, 0), (1, 1), (1, 2), (1, 3), (1, 4), (1, 5), (1, 6), (1, 7), (1, 8), (2, 0), (2, 1), (2, 2), (2, 3), (2, 4), (2, 5), (2, 6), (2, 7), (2, 8), (2, 10), (3, 0), (3, 1), (3, 2), (3, 3), (3, 4), (3, 5), (3, 6), (3, 7), (3, 8), (3, 9), (3, 10), (3, 11), (4, 0), (4, 1), (4, 2), (4, 3), (4, 4), (4, 5), (4, 6), (4, 7), (4, 8), (4, 9), (4, 10), (4, 11), (5, 0), (5, 1), (5, 2), (5, 3), (5, 4), (5, 5), (5, 6), (5, 7), (5, 8), (5, 9), (5, 10), (5, 11), (6, 0), (6, 1), (6, 2), (6, 3), (6, 4), (6, 5), (6, 6), (6, 7), (6, 8), (6, 9), (6, 10), (6, 11), (7, 0), (7, 1), (7, 2), (7, 3), (7, 4), (7, 5), (7, 6), (7, 7), (7, 8), (7, 9), (7, 10), (7, 11), (8, 0), (8, 1), (8, 2), (8, 3), (8, 4), (8, 5), (8, 6), (8, 7), (8, 8), (8, 9), (8, 10), (8, 11), (9, 0), (9, 1), (9, 2), (9, 3), (9, 4), (9, 5), (9, 6), (9, 7), (9, 8), (9, 9), (9, 10), (9, 11), (10, 0), (10, 1), (10, 2), (10, 3), (10, 4), (10, 5), (10, 6), (10, 7), (10, 8), (10, 9), (10, 11), (11, 0), (11, 1), (11, 2), (11, 3), (11, 4), (11, 5), (11, 6), (11, 7), (11, 8), (11, 9)]
accessible_from:
  (0, 0) -> [(0, 1), (1, 0)]
  (0, 1) -> [(0, 0), (1, 1)]
  (0, 2) -> [(0, 3)]
  (0, 3) -> [(0, 2), (0, 4)]
  (0, 4) -> [(0, 3), (0, 5)]
  (0, 5) -> [(0, 4), (0, 6), (1, 5)]
  (0, 6) -> [(0, 5), (0, 7), (1, 6)]
  (0, 7) -> [(0, 6)]
  (1, 0) -> [(0, 0), (1, 1), (2, 0)]
  (1, 1) -> [(0, 1), (1, 0), (2, 1)]
  (1, 2) -> [(1, 3), (2, 2)]
  (1, 3) -> [(1, 2), (2, 3)]
  (1, 4) -> [(1, 5), (2, 4)]
  (1, 5) -> [(0, 5), (1, 4), (2, 5)]
  (1, 6) -> [(0, 6), (1, 7)]
  (1, 7) -> [(1, 6), (2, 7)]
  (1, 8) -> [(2, 8)]
  (2, 0) -> [(1, 0), (3, 0)]
  (2, 1) -> [(1, 1), (2, 2)]
  (2, 2) -> [(1, 2), (2, 1), (3, 2)]
  (2, 3) -> [(1, 3), (2, 4), (3, 3)]
  (2, 4) -> [(1, 4), (2, 3), (3, 4)]
  (2, 5) -> [(1, 5), (2, 6), (3, 5)]
  (2, 6) -> [(2, 5), (3, 6)]
  (2, 7) -> [(1, 7), (2, 8), (3, 7)]
  (2, 8) -> [(1, 8), (2, 7), (3, 8)]
  (2, 10) -> [(3, 10)]
  (3, 0) -> [(2, 0), (4, 0)]
  (3, 1) -> [(3, 2), (4, 1)]
  (3, 2) -> [(2, 2), (3, 1), (4, 2)]
  (3, 3) -> [(2, 3), (3, 4), (4, 3)]
  (3, 4) -> [(2, 4), (3, 3), (4, 4)]
  (3, 5) -> [(2, 5), (3, 6), (4, 5)]
  (3, 6) -> [(2, 6), (3, 5), (4, 6)]
  (3, 7) -> [(2, 7), (3, 8), (4, 7)]
  (3, 8) -> [(2, 8), (3, 7)]
  (3, 9) -> [(3, 10), (4, 9)]
  (3, 10) -> [(2, 10), (3, 9), (3, 11), (4, 10)]
  (3, 11) -> [(3, 10), (4, 11)]
  (4, 0) -> [(3, 0), (5, 0)]
  (4, 1) -> [(3, 1), (4, 2), (5, 1)]
  (4, 2) -> [(3, 2), (4, 1)]
  (4, 3) -> [(3, 3), (4, 4), (5, 3)]
  (4, 4) -> [(3, 4), (4, 3), (5, 4)]
  (4, 5) -> [(3, 5), (4, 6)]
  (4, 6) -> [(3, 6), (4, 5)]
  (4, 7) -> [(3, 7), (4, 8)]
  (4, 8) -> [(4, 7), (5, 8)]
  (4, 9) -> [(3, 9), (4, 10), (5, 9)]
  (4, 10) -> [(3, 10), (4, 9), (4, 11), (5, 10)]
  (4, 11) -> [(3, 11), (4, 10), (5, 11)]
  (5, 0) -> [(4, 0), (5, 1), (6, 0)]
  (5, 1) -> [(4, 1), (5, 0), (5, 2), (6, 1)]
  (5, 2) -> [(5, 1), (6, 2)]
  (5, 3) -> [(4, 3), (5, 4), (6, 3)]
  (5, 4) -> [(4, 4), (5, 3)]
  (5, 5) -> [(5, 6), (6, 5)]
  (5, 6) -> [(5, 5), (6, 6)]
  (5, 7) -> [(5, 8), (6, 7)]
  (5, 8) -> [(4, 8), (5, 7), (6, 8)]
  (5, 9) -> [(4, 9), (5, 10), (6, 9)]
  (5, 10) -> [(4, 10), (5, 9), (5, 11)]
  (5, 11) -> [(4, 11), (5, 10), (6, 11)]
  (6, 0) -> [(5, 0), (6, 1), (7, 0)]
  (6, 1) -> [(5, 1), (6, 0), (7, 1)]
  (6, 2) -> [(5, 2), (7, 2)]
  (6, 3) -> [(5, 3), (6, 4), (7, 3)]
  (6, 4) -> [(6, 3), (6, 5), (7, 4)]
  (6, 5) -> [(5, 5), (6, 4), (6, 6), (7, 5)]
  (6, 6) -> [(5, 6), (6, 5), (7, 6)]
  (6, 7) -> [(5, 7), (6, 8)]
  (6, 8) -> [(5, 8), (6, 7), (7, 8)]
  (6, 9) -> [(5, 9), (6, 10), (7, 9)]
  (6, 10) -> [(6, 9), (6, 11)]
  (6, 11) -> [(5, 11), (6, 10), (7, 11)]
  (7, 0) -> [(6, 0), (7, 1), (8, 0)]
  (7, 1) -> [(6, 1), (7, 0), (8, 1)]
  (7, 2) -> [(6, 2)]
  (7, 3) -> [(6, 3), (7, 4)]
  (7, 4) -> [(6, 4), (7, 3)]
  (7, 5) -> [(6, 5), (7, 6), (8, 5)]
  (7, 6) -> [(6, 6), (7, 5), (7, 7), (8, 6)]
  (7, 7) -> [(7, 6), (7, 8), (8, 7)]
  (7, 8) -> [(6, 8), (7, 7), (7, 9)]
  (7, 9) -> [(6, 9), (7, 8), (8, 9)]
  (7, 10) -> [(7, 11), (8, 10)]
  (7, 11) -> [(6, 11), (7, 10), (8, 11)]
  (8, 0) -> [(7, 0), (8, 1), (9, 0)]
  (8, 1) -> [(7, 1), (8, 0)]
  (8, 2) -> [(9, 2)]
  (8, 3) -> [(8, 4), (9, 3)]
  (8, 4) -> [(8, 3), (9, 4)]
  (8, 5) -> [(7, 5), (9, 5)]
  (8, 6) -> [(7, 6), (8, 7)]
  (8, 7) -> [(7, 7), (8, 6), (8, 8), (9, 7)]
  (8, 8) -> [(8, 7), (8, 9), (9, 8)]
  (8, 9) -> [(7, 9), (8, 8), (9, 9)]
  (8, 10) -> [(7, 10), (8, 11)]
  (8, 11) -> [(7, 11), (8, 10), (9, 11)]
  (9, 0) -> [(8, 0), (9, 1), (10, 0)]
  (9, 1) -> [(9, 0), (10, 1)]
  (9, 2) -> [(8, 2), (9, 3)]
  (9, 3) -> [(8, 3), (9, 2)]
  (9, 4) -> [(8, 4), (9, 5)]
  (9, 5) -> [(8, 5), (9, 4), (10, 5)]
  (9, 6) -> [(9, 7), (10, 6)]
  (9, 7) -> [(8, 7), (9, 6), (9, 8), (10, 7)]
  (9, 8) -> [(8, 8), (9, 7), (9, 9), (10, 8)]
  (9, 9) -> [(8, 9), (9, 8), (10, 9)]
  (9, 10) -> [(9, 11)]
  (9, 11) -> [(8, 11), (9, 10), (10, 11)]
  (10, 0) -> [(9, 0), (10, 1), (11, 0)]
  (10, 1) -> [(9, 1), (10, 0), (11, 1)]
  (10, 2) -> [(10, 3), (11, 2)]
  (10, 3) -> [(10, 2), (11, 3)]
  (10, 4) -> [(10, 5), (11, 4)]
  (10, 5) -> [(9, 5), (10, 4), (11, 5)]
  (10, 6) -> [(9, 6), (10, 7), (11, 6)]
  (10, 7) -> [(9, 7), (10, 6), (10, 8), (11, 7)]
  (10, 8) -> [(9, 8), (10, 7), (10, 9), (11, 8)]
  (10, 9) -> [(9, 9), (10, 8), (11, 9)]
  (10, 11) -> [(9, 11)]
  (11, 0) -> [(10, 0), (11, 1)]
  (11, 1) -> [(10, 1), (11, 0), (11, 2)]
  (11, 2) -> [(10, 2), (11, 1), (11, 3)]
  (11, 3) -> [(10, 3), (11, 2)]
  (11, 4) -> [(10, 4), (11, 5)]
  (11, 5) -> [(10, 5), (11, 4)]
  (11, 6) -> [(10, 6), (11, 7)]
  (11, 7) -> [(10, 7), (11, 6), (11, 8)]
  (11, 8) -> [(10, 8), (11, 7), (11, 9)]
  (11, 9) -> [(10, 9), (11, 8)]
parent_path: {}
exploration_queue: [(8, 10), (3, 11), (2, 10), (10, 11), (9, 10)]

2025-07-31 20:37:21,045 - DEBUG - 
=== VISUAL BOARD - STEP 127 - BFS-EXPLORATION ===
   0  1  2  3  4  5  6  7  8  9 10 11
11 .  .  .  V  V  V  V  V  V  R  V  .   11
10 .  .  V  V  V  V  V  V  V  V  .  .   10
 9 .  .  .  V  V  V  V  V  V  V  V  V    9
 8 .  V  V  V  V  V  V  V  V  V  V  V    8
 7 V  V  V  V  V  V  V  V  V  V  V  V    7
 6 V  V  V  V  V  V  V  V  V  V  V  V    6
 5 V  V  V  V  V  V  V  V  V  V  V  V    5
 4 V  V  V  V  V  V  V  V  V  V  V  V    4
 3 V  V  V  V  V  V  V  V  V  V  V  V    3
 2 V  V  V  V  V  V  V  V  V  V  V  V    2
 1 V  V  V  V  V  V  V  V  V  V  V  V    1
 0 V  V  V  V  V  V  V  V  V  V  V  V    0
   0  1  2  3  4  5  6  7  8  9 10 11
Legend: R=Robot, V=Visited, P=Path, .=Unvisited

2025-07-31 20:37:21,045 - INFO - BFS Exploration Step 128: Exploring (8, 10)
2025-07-31 20:37:21,045 - DEBUG - Moving left from (9, 11) to (8, 11)
2025-07-31 20:37:21,148 - DEBUG - Moving down from (8, 11) to (8, 10)
2025-07-31 20:37:21,215 - DEBUG - Sensor readings: {'front': 1312.3075890577009, 'right': 2000.0, 'back': 357.0128097605152, 'left': 1291.6868810509982}
2025-07-31 20:37:21,215 - DEBUG - Wall detected down to (8, 9)
2025-07-31 20:37:21,215 - DEBUG - Added 0 new neighbors. Queue size: 4
2025-07-31 20:37:21,215 - DEBUG - 
=== STEP 128 DATA STRUCTURES ===
Current Cell: (8, 10)
explored_cells: [(0, 0), (0, 1), (0, 2), (0, 3), (0, 4), (0, 5), (0, 6), (0, 7), (1, 0), (1, 1), (1, 2), (1, 3), (1, 4), (1, 5), (1, 6), (1, 7), (1, 8), (2, 0), (2, 1), (2, 2), (2, 3), (2, 4), (2, 5), (2, 6), (2, 7), (2, 8), (2, 10), (3, 0), (3, 1), (3, 2), (3, 3), (3, 4), (3, 5), (3, 6), (3, 7), (3, 8), (3, 9), (3, 10), (3, 11), (4, 0), (4, 1), (4, 2), (4, 3), (4, 4), (4, 5), (4, 6), (4, 7), (4, 8), (4, 9), (4, 10), (4, 11), (5, 0), (5, 1), (5, 2), (5, 3), (5, 4), (5, 5), (5, 6), (5, 7), (5, 8), (5, 9), (5, 10), (5, 11), (6, 0), (6, 1), (6, 2), (6, 3), (6, 4), (6, 5), (6, 6), (6, 7), (6, 8), (6, 9), (6, 10), (6, 11), (7, 0), (7, 1), (7, 2), (7, 3), (7, 4), (7, 5), (7, 6), (7, 7), (7, 8), (7, 9), (7, 10), (7, 11), (8, 0), (8, 1), (8, 2), (8, 3), (8, 4), (8, 5), (8, 6), (8, 7), (8, 8), (8, 9), (8, 10), (8, 11), (9, 0), (9, 1), (9, 2), (9, 3), (9, 4), (9, 5), (9, 6), (9, 7), (9, 8), (9, 9), (9, 10), (9, 11), (10, 0), (10, 1), (10, 2), (10, 3), (10, 4), (10, 5), (10, 6), (10, 7), (10, 8), (10, 9), (10, 11), (11, 0), (11, 1), (11, 2), (11, 3), (11, 4), (11, 5), (11, 6), (11, 7), (11, 8), (11, 9)]
accessible_from:
  (0, 0) -> [(0, 1), (1, 0)]
  (0, 1) -> [(0, 0), (1, 1)]
  (0, 2) -> [(0, 3)]
  (0, 3) -> [(0, 2), (0, 4)]
  (0, 4) -> [(0, 3), (0, 5)]
  (0, 5) -> [(0, 4), (0, 6), (1, 5)]
  (0, 6) -> [(0, 5), (0, 7), (1, 6)]
  (0, 7) -> [(0, 6)]
  (1, 0) -> [(0, 0), (1, 1), (2, 0)]
  (1, 1) -> [(0, 1), (1, 0), (2, 1)]
  (1, 2) -> [(1, 3), (2, 2)]
  (1, 3) -> [(1, 2), (2, 3)]
  (1, 4) -> [(1, 5), (2, 4)]
  (1, 5) -> [(0, 5), (1, 4), (2, 5)]
  (1, 6) -> [(0, 6), (1, 7)]
  (1, 7) -> [(1, 6), (2, 7)]
  (1, 8) -> [(2, 8)]
  (2, 0) -> [(1, 0), (3, 0)]
  (2, 1) -> [(1, 1), (2, 2)]
  (2, 2) -> [(1, 2), (2, 1), (3, 2)]
  (2, 3) -> [(1, 3), (2, 4), (3, 3)]
  (2, 4) -> [(1, 4), (2, 3), (3, 4)]
  (2, 5) -> [(1, 5), (2, 6), (3, 5)]
  (2, 6) -> [(2, 5), (3, 6)]
  (2, 7) -> [(1, 7), (2, 8), (3, 7)]
  (2, 8) -> [(1, 8), (2, 7), (3, 8)]
  (2, 10) -> [(3, 10)]
  (3, 0) -> [(2, 0), (4, 0)]
  (3, 1) -> [(3, 2), (4, 1)]
  (3, 2) -> [(2, 2), (3, 1), (4, 2)]
  (3, 3) -> [(2, 3), (3, 4), (4, 3)]
  (3, 4) -> [(2, 4), (3, 3), (4, 4)]
  (3, 5) -> [(2, 5), (3, 6), (4, 5)]
  (3, 6) -> [(2, 6), (3, 5), (4, 6)]
  (3, 7) -> [(2, 7), (3, 8), (4, 7)]
  (3, 8) -> [(2, 8), (3, 7)]
  (3, 9) -> [(3, 10), (4, 9)]
  (3, 10) -> [(2, 10), (3, 9), (3, 11), (4, 10)]
  (3, 11) -> [(3, 10), (4, 11)]
  (4, 0) -> [(3, 0), (5, 0)]
  (4, 1) -> [(3, 1), (4, 2), (5, 1)]
  (4, 2) -> [(3, 2), (4, 1)]
  (4, 3) -> [(3, 3), (4, 4), (5, 3)]
  (4, 4) -> [(3, 4), (4, 3), (5, 4)]
  (4, 5) -> [(3, 5), (4, 6)]
  (4, 6) -> [(3, 6), (4, 5)]
  (4, 7) -> [(3, 7), (4, 8)]
  (4, 8) -> [(4, 7), (5, 8)]
  (4, 9) -> [(3, 9), (4, 10), (5, 9)]
  (4, 10) -> [(3, 10), (4, 9), (4, 11), (5, 10)]
  (4, 11) -> [(3, 11), (4, 10), (5, 11)]
  (5, 0) -> [(4, 0), (5, 1), (6, 0)]
  (5, 1) -> [(4, 1), (5, 0), (5, 2), (6, 1)]
  (5, 2) -> [(5, 1), (6, 2)]
  (5, 3) -> [(4, 3), (5, 4), (6, 3)]
  (5, 4) -> [(4, 4), (5, 3)]
  (5, 5) -> [(5, 6), (6, 5)]
  (5, 6) -> [(5, 5), (6, 6)]
  (5, 7) -> [(5, 8), (6, 7)]
  (5, 8) -> [(4, 8), (5, 7), (6, 8)]
  (5, 9) -> [(4, 9), (5, 10), (6, 9)]
  (5, 10) -> [(4, 10), (5, 9), (5, 11)]
  (5, 11) -> [(4, 11), (5, 10), (6, 11)]
  (6, 0) -> [(5, 0), (6, 1), (7, 0)]
  (6, 1) -> [(5, 1), (6, 0), (7, 1)]
  (6, 2) -> [(5, 2), (7, 2)]
  (6, 3) -> [(5, 3), (6, 4), (7, 3)]
  (6, 4) -> [(6, 3), (6, 5), (7, 4)]
  (6, 5) -> [(5, 5), (6, 4), (6, 6), (7, 5)]
  (6, 6) -> [(5, 6), (6, 5), (7, 6)]
  (6, 7) -> [(5, 7), (6, 8)]
  (6, 8) -> [(5, 8), (6, 7), (7, 8)]
  (6, 9) -> [(5, 9), (6, 10), (7, 9)]
  (6, 10) -> [(6, 9), (6, 11)]
  (6, 11) -> [(5, 11), (6, 10), (7, 11)]
  (7, 0) -> [(6, 0), (7, 1), (8, 0)]
  (7, 1) -> [(6, 1), (7, 0), (8, 1)]
  (7, 2) -> [(6, 2)]
  (7, 3) -> [(6, 3), (7, 4)]
  (7, 4) -> [(6, 4), (7, 3)]
  (7, 5) -> [(6, 5), (7, 6), (8, 5)]
  (7, 6) -> [(6, 6), (7, 5), (7, 7), (8, 6)]
  (7, 7) -> [(7, 6), (7, 8), (8, 7)]
  (7, 8) -> [(6, 8), (7, 7), (7, 9)]
  (7, 9) -> [(6, 9), (7, 8), (8, 9)]
  (7, 10) -> [(7, 11), (8, 10)]
  (7, 11) -> [(6, 11), (7, 10), (8, 11)]
  (8, 0) -> [(7, 0), (8, 1), (9, 0)]
  (8, 1) -> [(7, 1), (8, 0)]
  (8, 2) -> [(9, 2)]
  (8, 3) -> [(8, 4), (9, 3)]
  (8, 4) -> [(8, 3), (9, 4)]
  (8, 5) -> [(7, 5), (9, 5)]
  (8, 6) -> [(7, 6), (8, 7)]
  (8, 7) -> [(7, 7), (8, 6), (8, 8), (9, 7)]
  (8, 8) -> [(8, 7), (8, 9), (9, 8)]
  (8, 9) -> [(7, 9), (8, 8), (9, 9)]
  (8, 10) -> [(7, 10), (8, 11), (9, 10)]
  (8, 11) -> [(7, 11), (8, 10), (9, 11)]
  (9, 0) -> [(8, 0), (9, 1), (10, 0)]
  (9, 1) -> [(9, 0), (10, 1)]
  (9, 2) -> [(8, 2), (9, 3)]
  (9, 3) -> [(8, 3), (9, 2)]
  (9, 4) -> [(8, 4), (9, 5)]
  (9, 5) -> [(8, 5), (9, 4), (10, 5)]
  (9, 6) -> [(9, 7), (10, 6)]
  (9, 7) -> [(8, 7), (9, 6), (9, 8), (10, 7)]
  (9, 8) -> [(8, 8), (9, 7), (9, 9), (10, 8)]
  (9, 9) -> [(8, 9), (9, 8), (10, 9)]
  (9, 10) -> [(8, 10), (9, 11)]
  (9, 11) -> [(8, 11), (9, 10), (10, 11)]
  (10, 0) -> [(9, 0), (10, 1), (11, 0)]
  (10, 1) -> [(9, 1), (10, 0), (11, 1)]
  (10, 2) -> [(10, 3), (11, 2)]
  (10, 3) -> [(10, 2), (11, 3)]
  (10, 4) -> [(10, 5), (11, 4)]
  (10, 5) -> [(9, 5), (10, 4), (11, 5)]
  (10, 6) -> [(9, 6), (10, 7), (11, 6)]
  (10, 7) -> [(9, 7), (10, 6), (10, 8), (11, 7)]
  (10, 8) -> [(9, 8), (10, 7), (10, 9), (11, 8)]
  (10, 9) -> [(9, 9), (10, 8), (11, 9)]
  (10, 11) -> [(9, 11)]
  (11, 0) -> [(10, 0), (11, 1)]
  (11, 1) -> [(10, 1), (11, 0), (11, 2)]
  (11, 2) -> [(10, 2), (11, 1), (11, 3)]
  (11, 3) -> [(10, 3), (11, 2)]
  (11, 4) -> [(10, 4), (11, 5)]
  (11, 5) -> [(10, 5), (11, 4)]
  (11, 6) -> [(10, 6), (11, 7)]
  (11, 7) -> [(10, 7), (11, 6), (11, 8)]
  (11, 8) -> [(10, 8), (11, 7), (11, 9)]
  (11, 9) -> [(10, 9), (11, 8)]
parent_path: {}
exploration_queue: [(3, 11), (2, 10), (10, 11), (9, 10)]

2025-07-31 20:37:21,216 - DEBUG - 
=== VISUAL BOARD - STEP 128 - BFS-EXPLORATION ===
   0  1  2  3  4  5  6  7  8  9 10 11
11 .  .  .  V  V  V  V  V  V  V  V  .   11
10 .  .  V  V  V  V  V  V  R  V  .  .   10
 9 .  .  .  V  V  V  V  V  V  V  V  V    9
 8 .  V  V  V  V  V  V  V  V  V  V  V    8
 7 V  V  V  V  V  V  V  V  V  V  V  V    7
 6 V  V  V  V  V  V  V  V  V  V  V  V    6
 5 V  V  V  V  V  V  V  V  V  V  V  V    5
 4 V  V  V  V  V  V  V  V  V  V  V  V    4
 3 V  V  V  V  V  V  V  V  V  V  V  V    3
 2 V  V  V  V  V  V  V  V  V  V  V  V    2
 1 V  V  V  V  V  V  V  V  V  V  V  V    1
 0 V  V  V  V  V  V  V  V  V  V  V  V    0
   0  1  2  3  4  5  6  7  8  9 10 11
Legend: R=Robot, V=Visited, P=Path, .=Unvisited

2025-07-31 20:37:21,216 - INFO - BFS Exploration Step 129: Exploring (3, 11)
2025-07-31 20:37:21,216 - DEBUG - Moving left from (8, 10) to (7, 10)
2025-07-31 20:37:21,304 - DEBUG - Moving up from (7, 10) to (7, 11)
2025-07-31 20:37:21,377 - DEBUG - Moving left from (7, 11) to (6, 11)
2025-07-31 20:37:21,482 - DEBUG - Moving left from (6, 11) to (5, 11)
2025-07-31 20:37:21,580 - DEBUG - Moving left from (5, 11) to (4, 11)
2025-07-31 20:37:21,679 - DEBUG - Moving left from (4, 11) to (3, 11)
2025-07-31 20:37:21,783 - DEBUG - Sensor readings: {'front': 321.4650767837832, 'right': 2000.0, 'back': 2000.0, 'left': 2000.0}
2025-07-31 20:37:21,783 - DEBUG - Added neighbor left: (2, 11)
2025-07-31 20:37:21,783 - DEBUG - Added 1 new neighbors. Queue size: 4
2025-07-31 20:37:21,784 - DEBUG - 
=== STEP 129 DATA STRUCTURES ===
Current Cell: (3, 11)
explored_cells: [(0, 0), (0, 1), (0, 2), (0, 3), (0, 4), (0, 5), (0, 6), (0, 7), (1, 0), (1, 1), (1, 2), (1, 3), (1, 4), (1, 5), (1, 6), (1, 7), (1, 8), (2, 0), (2, 1), (2, 2), (2, 3), (2, 4), (2, 5), (2, 6), (2, 7), (2, 8), (2, 10), (2, 11), (3, 0), (3, 1), (3, 2), (3, 3), (3, 4), (3, 5), (3, 6), (3, 7), (3, 8), (3, 9), (3, 10), (3, 11), (4, 0), (4, 1), (4, 2), (4, 3), (4, 4), (4, 5), (4, 6), (4, 7), (4, 8), (4, 9), (4, 10), (4, 11), (5, 0), (5, 1), (5, 2), (5, 3), (5, 4), (5, 5), (5, 6), (5, 7), (5, 8), (5, 9), (5, 10), (5, 11), (6, 0), (6, 1), (6, 2), (6, 3), (6, 4), (6, 5), (6, 6), (6, 7), (6, 8), (6, 9), (6, 10), (6, 11), (7, 0), (7, 1), (7, 2), (7, 3), (7, 4), (7, 5), (7, 6), (7, 7), (7, 8), (7, 9), (7, 10), (7, 11), (8, 0), (8, 1), (8, 2), (8, 3), (8, 4), (8, 5), (8, 6), (8, 7), (8, 8), (8, 9), (8, 10), (8, 11), (9, 0), (9, 1), (9, 2), (9, 3), (9, 4), (9, 5), (9, 6), (9, 7), (9, 8), (9, 9), (9, 10), (9, 11), (10, 0), (10, 1), (10, 2), (10, 3), (10, 4), (10, 5), (10, 6), (10, 7), (10, 8), (10, 9), (10, 11), (11, 0), (11, 1), (11, 2), (11, 3), (11, 4), (11, 5), (11, 6), (11, 7), (11, 8), (11, 9)]
accessible_from:
  (0, 0) -> [(0, 1), (1, 0)]
  (0, 1) -> [(0, 0), (1, 1)]
  (0, 2) -> [(0, 3)]
  (0, 3) -> [(0, 2), (0, 4)]
  (0, 4) -> [(0, 3), (0, 5)]
  (0, 5) -> [(0, 4), (0, 6), (1, 5)]
  (0, 6) -> [(0, 5), (0, 7), (1, 6)]
  (0, 7) -> [(0, 6)]
  (1, 0) -> [(0, 0), (1, 1), (2, 0)]
  (1, 1) -> [(0, 1), (1, 0), (2, 1)]
  (1, 2) -> [(1, 3), (2, 2)]
  (1, 3) -> [(1, 2), (2, 3)]
  (1, 4) -> [(1, 5), (2, 4)]
  (1, 5) -> [(0, 5), (1, 4), (2, 5)]
  (1, 6) -> [(0, 6), (1, 7)]
  (1, 7) -> [(1, 6), (2, 7)]
  (1, 8) -> [(2, 8)]
  (2, 0) -> [(1, 0), (3, 0)]
  (2, 1) -> [(1, 1), (2, 2)]
  (2, 2) -> [(1, 2), (2, 1), (3, 2)]
  (2, 3) -> [(1, 3), (2, 4), (3, 3)]
  (2, 4) -> [(1, 4), (2, 3), (3, 4)]
  (2, 5) -> [(1, 5), (2, 6), (3, 5)]
  (2, 6) -> [(2, 5), (3, 6)]
  (2, 7) -> [(1, 7), (2, 8), (3, 7)]
  (2, 8) -> [(1, 8), (2, 7), (3, 8)]
  (2, 10) -> [(3, 10)]
  (2, 11) -> [(3, 11)]
  (3, 0) -> [(2, 0), (4, 0)]
  (3, 1) -> [(3, 2), (4, 1)]
  (3, 2) -> [(2, 2), (3, 1), (4, 2)]
  (3, 3) -> [(2, 3), (3, 4), (4, 3)]
  (3, 4) -> [(2, 4), (3, 3), (4, 4)]
  (3, 5) -> [(2, 5), (3, 6), (4, 5)]
  (3, 6) -> [(2, 6), (3, 5), (4, 6)]
  (3, 7) -> [(2, 7), (3, 8), (4, 7)]
  (3, 8) -> [(2, 8), (3, 7)]
  (3, 9) -> [(3, 10), (4, 9)]
  (3, 10) -> [(2, 10), (3, 9), (3, 11), (4, 10)]
  (3, 11) -> [(2, 11), (3, 10), (4, 11)]
  (4, 0) -> [(3, 0), (5, 0)]
  (4, 1) -> [(3, 1), (4, 2), (5, 1)]
  (4, 2) -> [(3, 2), (4, 1)]
  (4, 3) -> [(3, 3), (4, 4), (5, 3)]
  (4, 4) -> [(3, 4), (4, 3), (5, 4)]
  (4, 5) -> [(3, 5), (4, 6)]
  (4, 6) -> [(3, 6), (4, 5)]
  (4, 7) -> [(3, 7), (4, 8)]
  (4, 8) -> [(4, 7), (5, 8)]
  (4, 9) -> [(3, 9), (4, 10), (5, 9)]
  (4, 10) -> [(3, 10), (4, 9), (4, 11), (5, 10)]
  (4, 11) -> [(3, 11), (4, 10), (5, 11)]
  (5, 0) -> [(4, 0), (5, 1), (6, 0)]
  (5, 1) -> [(4, 1), (5, 0), (5, 2), (6, 1)]
  (5, 2) -> [(5, 1), (6, 2)]
  (5, 3) -> [(4, 3), (5, 4), (6, 3)]
  (5, 4) -> [(4, 4), (5, 3)]
  (5, 5) -> [(5, 6), (6, 5)]
  (5, 6) -> [(5, 5), (6, 6)]
  (5, 7) -> [(5, 8), (6, 7)]
  (5, 8) -> [(4, 8), (5, 7), (6, 8)]
  (5, 9) -> [(4, 9), (5, 10), (6, 9)]
  (5, 10) -> [(4, 10), (5, 9), (5, 11)]
  (5, 11) -> [(4, 11), (5, 10), (6, 11)]
  (6, 0) -> [(5, 0), (6, 1), (7, 0)]
  (6, 1) -> [(5, 1), (6, 0), (7, 1)]
  (6, 2) -> [(5, 2), (7, 2)]
  (6, 3) -> [(5, 3), (6, 4), (7, 3)]
  (6, 4) -> [(6, 3), (6, 5), (7, 4)]
  (6, 5) -> [(5, 5), (6, 4), (6, 6), (7, 5)]
  (6, 6) -> [(5, 6), (6, 5), (7, 6)]
  (6, 7) -> [(5, 7), (6, 8)]
  (6, 8) -> [(5, 8), (6, 7), (7, 8)]
  (6, 9) -> [(5, 9), (6, 10), (7, 9)]
  (6, 10) -> [(6, 9), (6, 11)]
  (6, 11) -> [(5, 11), (6, 10), (7, 11)]
  (7, 0) -> [(6, 0), (7, 1), (8, 0)]
  (7, 1) -> [(6, 1), (7, 0), (8, 1)]
  (7, 2) -> [(6, 2)]
  (7, 3) -> [(6, 3), (7, 4)]
  (7, 4) -> [(6, 4), (7, 3)]
  (7, 5) -> [(6, 5), (7, 6), (8, 5)]
  (7, 6) -> [(6, 6), (7, 5), (7, 7), (8, 6)]
  (7, 7) -> [(7, 6), (7, 8), (8, 7)]
  (7, 8) -> [(6, 8), (7, 7), (7, 9)]
  (7, 9) -> [(6, 9), (7, 8), (8, 9)]
  (7, 10) -> [(7, 11), (8, 10)]
  (7, 11) -> [(6, 11), (7, 10), (8, 11)]
  (8, 0) -> [(7, 0), (8, 1), (9, 0)]
  (8, 1) -> [(7, 1), (8, 0)]
  (8, 2) -> [(9, 2)]
  (8, 3) -> [(8, 4), (9, 3)]
  (8, 4) -> [(8, 3), (9, 4)]
  (8, 5) -> [(7, 5), (9, 5)]
  (8, 6) -> [(7, 6), (8, 7)]
  (8, 7) -> [(7, 7), (8, 6), (8, 8), (9, 7)]
  (8, 8) -> [(8, 7), (8, 9), (9, 8)]
  (8, 9) -> [(7, 9), (8, 8), (9, 9)]
  (8, 10) -> [(7, 10), (8, 11), (9, 10)]
  (8, 11) -> [(7, 11), (8, 10), (9, 11)]
  (9, 0) -> [(8, 0), (9, 1), (10, 0)]
  (9, 1) -> [(9, 0), (10, 1)]
  (9, 2) -> [(8, 2), (9, 3)]
  (9, 3) -> [(8, 3), (9, 2)]
  (9, 4) -> [(8, 4), (9, 5)]
  (9, 5) -> [(8, 5), (9, 4), (10, 5)]
  (9, 6) -> [(9, 7), (10, 6)]
  (9, 7) -> [(8, 7), (9, 6), (9, 8), (10, 7)]
  (9, 8) -> [(8, 8), (9, 7), (9, 9), (10, 8)]
  (9, 9) -> [(8, 9), (9, 8), (10, 9)]
  (9, 10) -> [(8, 10), (9, 11)]
  (9, 11) -> [(8, 11), (9, 10), (10, 11)]
  (10, 0) -> [(9, 0), (10, 1), (11, 0)]
  (10, 1) -> [(9, 1), (10, 0), (11, 1)]
  (10, 2) -> [(10, 3), (11, 2)]
  (10, 3) -> [(10, 2), (11, 3)]
  (10, 4) -> [(10, 5), (11, 4)]
  (10, 5) -> [(9, 5), (10, 4), (11, 5)]
  (10, 6) -> [(9, 6), (10, 7), (11, 6)]
  (10, 7) -> [(9, 7), (10, 6), (10, 8), (11, 7)]
  (10, 8) -> [(9, 8), (10, 7), (10, 9), (11, 8)]
  (10, 9) -> [(9, 9), (10, 8), (11, 9)]
  (10, 11) -> [(9, 11)]
  (11, 0) -> [(10, 0), (11, 1)]
  (11, 1) -> [(10, 1), (11, 0), (11, 2)]
  (11, 2) -> [(10, 2), (11, 1), (11, 3)]
  (11, 3) -> [(10, 3), (11, 2)]
  (11, 4) -> [(10, 4), (11, 5)]
  (11, 5) -> [(10, 5), (11, 4)]
  (11, 6) -> [(10, 6), (11, 7)]
  (11, 7) -> [(10, 7), (11, 6), (11, 8)]
  (11, 8) -> [(10, 8), (11, 7), (11, 9)]
  (11, 9) -> [(10, 9), (11, 8)]
parent_path: {}
exploration_queue: [(2, 10), (10, 11), (9, 10), (2, 11)]

2025-07-31 20:37:21,784 - DEBUG - 
=== VISUAL BOARD - STEP 129 - BFS-EXPLORATION ===
   0  1  2  3  4  5  6  7  8  9 10 11
11 .  .  V  R  V  V  V  V  V  V  V  .   11
10 .  .  V  V  V  V  V  V  V  V  .  .   10
 9 .  .  .  V  V  V  V  V  V  V  V  V    9
 8 .  V  V  V  V  V  V  V  V  V  V  V    8
 7 V  V  V  V  V  V  V  V  V  V  V  V    7
 6 V  V  V  V  V  V  V  V  V  V  V  V    6
 5 V  V  V  V  V  V  V  V  V  V  V  V    5
 4 V  V  V  V  V  V  V  V  V  V  V  V    4
 3 V  V  V  V  V  V  V  V  V  V  V  V    3
 2 V  V  V  V  V  V  V  V  V  V  V  V    2
 1 V  V  V  V  V  V  V  V  V  V  V  V    1
 0 V  V  V  V  V  V  V  V  V  V  V  V    0
   0  1  2  3  4  5  6  7  8  9 10 11
Legend: R=Robot, V=Visited, P=Path, .=Unvisited

2025-07-31 20:37:21,784 - INFO - BFS Exploration Step 130: Exploring (2, 10)
2025-07-31 20:37:21,784 - DEBUG - Moving down from (3, 11) to (3, 10)
2025-07-31 20:37:21,854 - DEBUG - Moving left from (3, 10) to (2, 10)
2025-07-31 20:37:21,951 - DEBUG - Sensor readings: {'front': 1322.7745431860787, 'right': 2000.0, 'back': 338.88456978056905, 'left': 361.0221376397546}
2025-07-31 20:37:21,951 - DEBUG - Wall detected left to (1, 10)
2025-07-31 20:37:21,951 - DEBUG - Wall detected down to (2, 9)
2025-07-31 20:37:21,951 - DEBUG - Added 0 new neighbors. Queue size: 3
2025-07-31 20:37:21,952 - DEBUG - 
=== STEP 130 DATA STRUCTURES ===
Current Cell: (2, 10)
explored_cells: [(0, 0), (0, 1), (0, 2), (0, 3), (0, 4), (0, 5), (0, 6), (0, 7), (1, 0), (1, 1), (1, 2), (1, 3), (1, 4), (1, 5), (1, 6), (1, 7), (1, 8), (2, 0), (2, 1), (2, 2), (2, 3), (2, 4), (2, 5), (2, 6), (2, 7), (2, 8), (2, 10), (2, 11), (3, 0), (3, 1), (3, 2), (3, 3), (3, 4), (3, 5), (3, 6), (3, 7), (3, 8), (3, 9), (3, 10), (3, 11), (4, 0), (4, 1), (4, 2), (4, 3), (4, 4), (4, 5), (4, 6), (4, 7), (4, 8), (4, 9), (4, 10), (4, 11), (5, 0), (5, 1), (5, 2), (5, 3), (5, 4), (5, 5), (5, 6), (5, 7), (5, 8), (5, 9), (5, 10), (5, 11), (6, 0), (6, 1), (6, 2), (6, 3), (6, 4), (6, 5), (6, 6), (6, 7), (6, 8), (6, 9), (6, 10), (6, 11), (7, 0), (7, 1), (7, 2), (7, 3), (7, 4), (7, 5), (7, 6), (7, 7), (7, 8), (7, 9), (7, 10), (7, 11), (8, 0), (8, 1), (8, 2), (8, 3), (8, 4), (8, 5), (8, 6), (8, 7), (8, 8), (8, 9), (8, 10), (8, 11), (9, 0), (9, 1), (9, 2), (9, 3), (9, 4), (9, 5), (9, 6), (9, 7), (9, 8), (9, 9), (9, 10), (9, 11), (10, 0), (10, 1), (10, 2), (10, 3), (10, 4), (10, 5), (10, 6), (10, 7), (10, 8), (10, 9), (10, 11), (11, 0), (11, 1), (11, 2), (11, 3), (11, 4), (11, 5), (11, 6), (11, 7), (11, 8), (11, 9)]
accessible_from:
  (0, 0) -> [(0, 1), (1, 0)]
  (0, 1) -> [(0, 0), (1, 1)]
  (0, 2) -> [(0, 3)]
  (0, 3) -> [(0, 2), (0, 4)]
  (0, 4) -> [(0, 3), (0, 5)]
  (0, 5) -> [(0, 4), (0, 6), (1, 5)]
  (0, 6) -> [(0, 5), (0, 7), (1, 6)]
  (0, 7) -> [(0, 6)]
  (1, 0) -> [(0, 0), (1, 1), (2, 0)]
  (1, 1) -> [(0, 1), (1, 0), (2, 1)]
  (1, 2) -> [(1, 3), (2, 2)]
  (1, 3) -> [(1, 2), (2, 3)]
  (1, 4) -> [(1, 5), (2, 4)]
  (1, 5) -> [(0, 5), (1, 4), (2, 5)]
  (1, 6) -> [(0, 6), (1, 7)]
  (1, 7) -> [(1, 6), (2, 7)]
  (1, 8) -> [(2, 8)]
  (2, 0) -> [(1, 0), (3, 0)]
  (2, 1) -> [(1, 1), (2, 2)]
  (2, 2) -> [(1, 2), (2, 1), (3, 2)]
  (2, 3) -> [(1, 3), (2, 4), (3, 3)]
  (2, 4) -> [(1, 4), (2, 3), (3, 4)]
  (2, 5) -> [(1, 5), (2, 6), (3, 5)]
  (2, 6) -> [(2, 5), (3, 6)]
  (2, 7) -> [(1, 7), (2, 8), (3, 7)]
  (2, 8) -> [(1, 8), (2, 7), (3, 8)]
  (2, 10) -> [(2, 11), (3, 10)]
  (2, 11) -> [(2, 10), (3, 11)]
  (3, 0) -> [(2, 0), (4, 0)]
  (3, 1) -> [(3, 2), (4, 1)]
  (3, 2) -> [(2, 2), (3, 1), (4, 2)]
  (3, 3) -> [(2, 3), (3, 4), (4, 3)]
  (3, 4) -> [(2, 4), (3, 3), (4, 4)]
  (3, 5) -> [(2, 5), (3, 6), (4, 5)]
  (3, 6) -> [(2, 6), (3, 5), (4, 6)]
  (3, 7) -> [(2, 7), (3, 8), (4, 7)]
  (3, 8) -> [(2, 8), (3, 7)]
  (3, 9) -> [(3, 10), (4, 9)]
  (3, 10) -> [(2, 10), (3, 9), (3, 11), (4, 10)]
  (3, 11) -> [(2, 11), (3, 10), (4, 11)]
  (4, 0) -> [(3, 0), (5, 0)]
  (4, 1) -> [(3, 1), (4, 2), (5, 1)]
  (4, 2) -> [(3, 2), (4, 1)]
  (4, 3) -> [(3, 3), (4, 4), (5, 3)]
  (4, 4) -> [(3, 4), (4, 3), (5, 4)]
  (4, 5) -> [(3, 5), (4, 6)]
  (4, 6) -> [(3, 6), (4, 5)]
  (4, 7) -> [(3, 7), (4, 8)]
  (4, 8) -> [(4, 7), (5, 8)]
  (4, 9) -> [(3, 9), (4, 10), (5, 9)]
  (4, 10) -> [(3, 10), (4, 9), (4, 11), (5, 10)]
  (4, 11) -> [(3, 11), (4, 10), (5, 11)]
  (5, 0) -> [(4, 0), (5, 1), (6, 0)]
  (5, 1) -> [(4, 1), (5, 0), (5, 2), (6, 1)]
  (5, 2) -> [(5, 1), (6, 2)]
  (5, 3) -> [(4, 3), (5, 4), (6, 3)]
  (5, 4) -> [(4, 4), (5, 3)]
  (5, 5) -> [(5, 6), (6, 5)]
  (5, 6) -> [(5, 5), (6, 6)]
  (5, 7) -> [(5, 8), (6, 7)]
  (5, 8) -> [(4, 8), (5, 7), (6, 8)]
  (5, 9) -> [(4, 9), (5, 10), (6, 9)]
  (5, 10) -> [(4, 10), (5, 9), (5, 11)]
  (5, 11) -> [(4, 11), (5, 10), (6, 11)]
  (6, 0) -> [(5, 0), (6, 1), (7, 0)]
  (6, 1) -> [(5, 1), (6, 0), (7, 1)]
  (6, 2) -> [(5, 2), (7, 2)]
  (6, 3) -> [(5, 3), (6, 4), (7, 3)]
  (6, 4) -> [(6, 3), (6, 5), (7, 4)]
  (6, 5) -> [(5, 5), (6, 4), (6, 6), (7, 5)]
  (6, 6) -> [(5, 6), (6, 5), (7, 6)]
  (6, 7) -> [(5, 7), (6, 8)]
  (6, 8) -> [(5, 8), (6, 7), (7, 8)]
  (6, 9) -> [(5, 9), (6, 10), (7, 9)]
  (6, 10) -> [(6, 9), (6, 11)]
  (6, 11) -> [(5, 11), (6, 10), (7, 11)]
  (7, 0) -> [(6, 0), (7, 1), (8, 0)]
  (7, 1) -> [(6, 1), (7, 0), (8, 1)]
  (7, 2) -> [(6, 2)]
  (7, 3) -> [(6, 3), (7, 4)]
  (7, 4) -> [(6, 4), (7, 3)]
  (7, 5) -> [(6, 5), (7, 6), (8, 5)]
  (7, 6) -> [(6, 6), (7, 5), (7, 7), (8, 6)]
  (7, 7) -> [(7, 6), (7, 8), (8, 7)]
  (7, 8) -> [(6, 8), (7, 7), (7, 9)]
  (7, 9) -> [(6, 9), (7, 8), (8, 9)]
  (7, 10) -> [(7, 11), (8, 10)]
  (7, 11) -> [(6, 11), (7, 10), (8, 11)]
  (8, 0) -> [(7, 0), (8, 1), (9, 0)]
  (8, 1) -> [(7, 1), (8, 0)]
  (8, 2) -> [(9, 2)]
  (8, 3) -> [(8, 4), (9, 3)]
  (8, 4) -> [(8, 3), (9, 4)]
  (8, 5) -> [(7, 5), (9, 5)]
  (8, 6) -> [(7, 6), (8, 7)]
  (8, 7) -> [(7, 7), (8, 6), (8, 8), (9, 7)]
  (8, 8) -> [(8, 7), (8, 9), (9, 8)]
  (8, 9) -> [(7, 9), (8, 8), (9, 9)]
  (8, 10) -> [(7, 10), (8, 11), (9, 10)]
  (8, 11) -> [(7, 11), (8, 10), (9, 11)]
  (9, 0) -> [(8, 0), (9, 1), (10, 0)]
  (9, 1) -> [(9, 0), (10, 1)]
  (9, 2) -> [(8, 2), (9, 3)]
  (9, 3) -> [(8, 3), (9, 2)]
  (9, 4) -> [(8, 4), (9, 5)]
  (9, 5) -> [(8, 5), (9, 4), (10, 5)]
  (9, 6) -> [(9, 7), (10, 6)]
  (9, 7) -> [(8, 7), (9, 6), (9, 8), (10, 7)]
  (9, 8) -> [(8, 8), (9, 7), (9, 9), (10, 8)]
  (9, 9) -> [(8, 9), (9, 8), (10, 9)]
  (9, 10) -> [(8, 10), (9, 11)]
  (9, 11) -> [(8, 11), (9, 10), (10, 11)]
  (10, 0) -> [(9, 0), (10, 1), (11, 0)]
  (10, 1) -> [(9, 1), (10, 0), (11, 1)]
  (10, 2) -> [(10, 3), (11, 2)]
  (10, 3) -> [(10, 2), (11, 3)]
  (10, 4) -> [(10, 5), (11, 4)]
  (10, 5) -> [(9, 5), (10, 4), (11, 5)]
  (10, 6) -> [(9, 6), (10, 7), (11, 6)]
  (10, 7) -> [(9, 7), (10, 6), (10, 8), (11, 7)]
  (10, 8) -> [(9, 8), (10, 7), (10, 9), (11, 8)]
  (10, 9) -> [(9, 9), (10, 8), (11, 9)]
  (10, 11) -> [(9, 11)]
  (11, 0) -> [(10, 0), (11, 1)]
  (11, 1) -> [(10, 1), (11, 0), (11, 2)]
  (11, 2) -> [(10, 2), (11, 1), (11, 3)]
  (11, 3) -> [(10, 3), (11, 2)]
  (11, 4) -> [(10, 4), (11, 5)]
  (11, 5) -> [(10, 5), (11, 4)]
  (11, 6) -> [(10, 6), (11, 7)]
  (11, 7) -> [(10, 7), (11, 6), (11, 8)]
  (11, 8) -> [(10, 8), (11, 7), (11, 9)]
  (11, 9) -> [(10, 9), (11, 8)]
parent_path: {}
exploration_queue: [(10, 11), (9, 10), (2, 11)]

2025-07-31 20:37:21,952 - DEBUG - 
=== VISUAL BOARD - STEP 130 - BFS-EXPLORATION ===
   0  1  2  3  4  5  6  7  8  9 10 11
11 .  .  V  V  V  V  V  V  V  V  V  .   11
10 .  .  R  V  V  V  V  V  V  V  .  .   10
 9 .  .  .  V  V  V  V  V  V  V  V  V    9
 8 .  V  V  V  V  V  V  V  V  V  V  V    8
 7 V  V  V  V  V  V  V  V  V  V  V  V    7
 6 V  V  V  V  V  V  V  V  V  V  V  V    6
 5 V  V  V  V  V  V  V  V  V  V  V  V    5
 4 V  V  V  V  V  V  V  V  V  V  V  V    4
 3 V  V  V  V  V  V  V  V  V  V  V  V    3
 2 V  V  V  V  V  V  V  V  V  V  V  V    2
 1 V  V  V  V  V  V  V  V  V  V  V  V    1
 0 V  V  V  V  V  V  V  V  V  V  V  V    0
   0  1  2  3  4  5  6  7  8  9 10 11
Legend: R=Robot, V=Visited, P=Path, .=Unvisited

2025-07-31 20:37:21,952 - INFO - BFS Exploration Step 131: Exploring (10, 11)
2025-07-31 20:37:21,952 - DEBUG - Moving up from (2, 10) to (2, 11)
2025-07-31 20:37:22,022 - DEBUG - Moving right from (2, 11) to (3, 11)
2025-07-31 20:37:22,121 - DEBUG - Moving right from (3, 11) to (4, 11)
2025-07-31 20:37:22,219 - DEBUG - Moving right from (4, 11) to (5, 11)
2025-07-31 20:37:22,323 - DEBUG - Moving right from (5, 11) to (6, 11)
2025-07-31 20:37:22,426 - DEBUG - Moving right from (6, 11) to (7, 11)
2025-07-31 20:37:22,532 - DEBUG - Moving right from (7, 11) to (8, 11)
2025-07-31 20:37:22,639 - DEBUG - Moving right from (8, 11) to (9, 11)
2025-07-31 20:37:22,740 - DEBUG - Moving right from (9, 11) to (10, 11)
2025-07-31 20:37:22,842 - DEBUG - Sensor readings: {'front': 317.7717541263199, 'right': 1384.9710649532544, 'back': 1337.5935487613192, 'left': 2000.0}
2025-07-31 20:37:22,842 - DEBUG - Added neighbor right: (11, 11)
2025-07-31 20:37:22,842 - DEBUG - Added neighbor down: (10, 10)
2025-07-31 20:37:22,842 - DEBUG - Added 2 new neighbors. Queue size: 4
2025-07-31 20:37:22,843 - DEBUG - 
=== STEP 131 DATA STRUCTURES ===
Current Cell: (10, 11)
explored_cells: [(0, 0), (0, 1), (0, 2), (0, 3), (0, 4), (0, 5), (0, 6), (0, 7), (1, 0), (1, 1), (1, 2), (1, 3), (1, 4), (1, 5), (1, 6), (1, 7), (1, 8), (2, 0), (2, 1), (2, 2), (2, 3), (2, 4), (2, 5), (2, 6), (2, 7), (2, 8), (2, 10), (2, 11), (3, 0), (3, 1), (3, 2), (3, 3), (3, 4), (3, 5), (3, 6), (3, 7), (3, 8), (3, 9), (3, 10), (3, 11), (4, 0), (4, 1), (4, 2), (4, 3), (4, 4), (4, 5), (4, 6), (4, 7), (4, 8), (4, 9), (4, 10), (4, 11), (5, 0), (5, 1), (5, 2), (5, 3), (5, 4), (5, 5), (5, 6), (5, 7), (5, 8), (5, 9), (5, 10), (5, 11), (6, 0), (6, 1), (6, 2), (6, 3), (6, 4), (6, 5), (6, 6), (6, 7), (6, 8), (6, 9), (6, 10), (6, 11), (7, 0), (7, 1), (7, 2), (7, 3), (7, 4), (7, 5), (7, 6), (7, 7), (7, 8), (7, 9), (7, 10), (7, 11), (8, 0), (8, 1), (8, 2), (8, 3), (8, 4), (8, 5), (8, 6), (8, 7), (8, 8), (8, 9), (8, 10), (8, 11), (9, 0), (9, 1), (9, 2), (9, 3), (9, 4), (9, 5), (9, 6), (9, 7), (9, 8), (9, 9), (9, 10), (9, 11), (10, 0), (10, 1), (10, 2), (10, 3), (10, 4), (10, 5), (10, 6), (10, 7), (10, 8), (10, 9), (10, 10), (10, 11), (11, 0), (11, 1), (11, 2), (11, 3), (11, 4), (11, 5), (11, 6), (11, 7), (11, 8), (11, 9), (11, 11)]
accessible_from:
  (0, 0) -> [(0, 1), (1, 0)]
  (0, 1) -> [(0, 0), (1, 1)]
  (0, 2) -> [(0, 3)]
  (0, 3) -> [(0, 2), (0, 4)]
  (0, 4) -> [(0, 3), (0, 5)]
  (0, 5) -> [(0, 4), (0, 6), (1, 5)]
  (0, 6) -> [(0, 5), (0, 7), (1, 6)]
  (0, 7) -> [(0, 6)]
  (1, 0) -> [(0, 0), (1, 1), (2, 0)]
  (1, 1) -> [(0, 1), (1, 0), (2, 1)]
  (1, 2) -> [(1, 3), (2, 2)]
  (1, 3) -> [(1, 2), (2, 3)]
  (1, 4) -> [(1, 5), (2, 4)]
  (1, 5) -> [(0, 5), (1, 4), (2, 5)]
  (1, 6) -> [(0, 6), (1, 7)]
  (1, 7) -> [(1, 6), (2, 7)]
  (1, 8) -> [(2, 8)]
  (2, 0) -> [(1, 0), (3, 0)]
  (2, 1) -> [(1, 1), (2, 2)]
  (2, 2) -> [(1, 2), (2, 1), (3, 2)]
  (2, 3) -> [(1, 3), (2, 4), (3, 3)]
  (2, 4) -> [(1, 4), (2, 3), (3, 4)]
  (2, 5) -> [(1, 5), (2, 6), (3, 5)]
  (2, 6) -> [(2, 5), (3, 6)]
  (2, 7) -> [(1, 7), (2, 8), (3, 7)]
  (2, 8) -> [(1, 8), (2, 7), (3, 8)]
  (2, 10) -> [(2, 11), (3, 10)]
  (2, 11) -> [(2, 10), (3, 11)]
  (3, 0) -> [(2, 0), (4, 0)]
  (3, 1) -> [(3, 2), (4, 1)]
  (3, 2) -> [(2, 2), (3, 1), (4, 2)]
  (3, 3) -> [(2, 3), (3, 4), (4, 3)]
  (3, 4) -> [(2, 4), (3, 3), (4, 4)]
  (3, 5) -> [(2, 5), (3, 6), (4, 5)]
  (3, 6) -> [(2, 6), (3, 5), (4, 6)]
  (3, 7) -> [(2, 7), (3, 8), (4, 7)]
  (3, 8) -> [(2, 8), (3, 7)]
  (3, 9) -> [(3, 10), (4, 9)]
  (3, 10) -> [(2, 10), (3, 9), (3, 11), (4, 10)]
  (3, 11) -> [(2, 11), (3, 10), (4, 11)]
  (4, 0) -> [(3, 0), (5, 0)]
  (4, 1) -> [(3, 1), (4, 2), (5, 1)]
  (4, 2) -> [(3, 2), (4, 1)]
  (4, 3) -> [(3, 3), (4, 4), (5, 3)]
  (4, 4) -> [(3, 4), (4, 3), (5, 4)]
  (4, 5) -> [(3, 5), (4, 6)]
  (4, 6) -> [(3, 6), (4, 5)]
  (4, 7) -> [(3, 7), (4, 8)]
  (4, 8) -> [(4, 7), (5, 8)]
  (4, 9) -> [(3, 9), (4, 10), (5, 9)]
  (4, 10) -> [(3, 10), (4, 9), (4, 11), (5, 10)]
  (4, 11) -> [(3, 11), (4, 10), (5, 11)]
  (5, 0) -> [(4, 0), (5, 1), (6, 0)]
  (5, 1) -> [(4, 1), (5, 0), (5, 2), (6, 1)]
  (5, 2) -> [(5, 1), (6, 2)]
  (5, 3) -> [(4, 3), (5, 4), (6, 3)]
  (5, 4) -> [(4, 4), (5, 3)]
  (5, 5) -> [(5, 6), (6, 5)]
  (5, 6) -> [(5, 5), (6, 6)]
  (5, 7) -> [(5, 8), (6, 7)]
  (5, 8) -> [(4, 8), (5, 7), (6, 8)]
  (5, 9) -> [(4, 9), (5, 10), (6, 9)]
  (5, 10) -> [(4, 10), (5, 9), (5, 11)]
  (5, 11) -> [(4, 11), (5, 10), (6, 11)]
  (6, 0) -> [(5, 0), (6, 1), (7, 0)]
  (6, 1) -> [(5, 1), (6, 0), (7, 1)]
  (6, 2) -> [(5, 2), (7, 2)]
  (6, 3) -> [(5, 3), (6, 4), (7, 3)]
  (6, 4) -> [(6, 3), (6, 5), (7, 4)]
  (6, 5) -> [(5, 5), (6, 4), (6, 6), (7, 5)]
  (6, 6) -> [(5, 6), (6, 5), (7, 6)]
  (6, 7) -> [(5, 7), (6, 8)]
  (6, 8) -> [(5, 8), (6, 7), (7, 8)]
  (6, 9) -> [(5, 9), (6, 10), (7, 9)]
  (6, 10) -> [(6, 9), (6, 11)]
  (6, 11) -> [(5, 11), (6, 10), (7, 11)]
  (7, 0) -> [(6, 0), (7, 1), (8, 0)]
  (7, 1) -> [(6, 1), (7, 0), (8, 1)]
  (7, 2) -> [(6, 2)]
  (7, 3) -> [(6, 3), (7, 4)]
  (7, 4) -> [(6, 4), (7, 3)]
  (7, 5) -> [(6, 5), (7, 6), (8, 5)]
  (7, 6) -> [(6, 6), (7, 5), (7, 7), (8, 6)]
  (7, 7) -> [(7, 6), (7, 8), (8, 7)]
  (7, 8) -> [(6, 8), (7, 7), (7, 9)]
  (7, 9) -> [(6, 9), (7, 8), (8, 9)]
  (7, 10) -> [(7, 11), (8, 10)]
  (7, 11) -> [(6, 11), (7, 10), (8, 11)]
  (8, 0) -> [(7, 0), (8, 1), (9, 0)]
  (8, 1) -> [(7, 1), (8, 0)]
  (8, 2) -> [(9, 2)]
  (8, 3) -> [(8, 4), (9, 3)]
  (8, 4) -> [(8, 3), (9, 4)]
  (8, 5) -> [(7, 5), (9, 5)]
  (8, 6) -> [(7, 6), (8, 7)]
  (8, 7) -> [(7, 7), (8, 6), (8, 8), (9, 7)]
  (8, 8) -> [(8, 7), (8, 9), (9, 8)]
  (8, 9) -> [(7, 9), (8, 8), (9, 9)]
  (8, 10) -> [(7, 10), (8, 11), (9, 10)]
  (8, 11) -> [(7, 11), (8, 10), (9, 11)]
  (9, 0) -> [(8, 0), (9, 1), (10, 0)]
  (9, 1) -> [(9, 0), (10, 1)]
  (9, 2) -> [(8, 2), (9, 3)]
  (9, 3) -> [(8, 3), (9, 2)]
  (9, 4) -> [(8, 4), (9, 5)]
  (9, 5) -> [(8, 5), (9, 4), (10, 5)]
  (9, 6) -> [(9, 7), (10, 6)]
  (9, 7) -> [(8, 7), (9, 6), (9, 8), (10, 7)]
  (9, 8) -> [(8, 8), (9, 7), (9, 9), (10, 8)]
  (9, 9) -> [(8, 9), (9, 8), (10, 9)]
  (9, 10) -> [(8, 10), (9, 11)]
  (9, 11) -> [(8, 11), (9, 10), (10, 11)]
  (10, 0) -> [(9, 0), (10, 1), (11, 0)]
  (10, 1) -> [(9, 1), (10, 0), (11, 1)]
  (10, 2) -> [(10, 3), (11, 2)]
  (10, 3) -> [(10, 2), (11, 3)]
  (10, 4) -> [(10, 5), (11, 4)]
  (10, 5) -> [(9, 5), (10, 4), (11, 5)]
  (10, 6) -> [(9, 6), (10, 7), (11, 6)]
  (10, 7) -> [(9, 7), (10, 6), (10, 8), (11, 7)]
  (10, 8) -> [(9, 8), (10, 7), (10, 9), (11, 8)]
  (10, 9) -> [(9, 9), (10, 8), (11, 9)]
  (10, 10) -> [(10, 11)]
  (10, 11) -> [(9, 11), (10, 10), (11, 11)]
  (11, 0) -> [(10, 0), (11, 1)]
  (11, 1) -> [(10, 1), (11, 0), (11, 2)]
  (11, 2) -> [(10, 2), (11, 1), (11, 3)]
  (11, 3) -> [(10, 3), (11, 2)]
  (11, 4) -> [(10, 4), (11, 5)]
  (11, 5) -> [(10, 5), (11, 4)]
  (11, 6) -> [(10, 6), (11, 7)]
  (11, 7) -> [(10, 7), (11, 6), (11, 8)]
  (11, 8) -> [(10, 8), (11, 7), (11, 9)]
  (11, 9) -> [(10, 9), (11, 8)]
  (11, 11) -> [(10, 11)]
parent_path: {}
exploration_queue: [(9, 10), (2, 11), (11, 11), (10, 10)]

2025-07-31 20:37:22,843 - DEBUG - 
=== VISUAL BOARD - STEP 131 - BFS-EXPLORATION ===
   0  1  2  3  4  5  6  7  8  9 10 11
11 .  .  V  V  V  V  V  V  V  V  R  V   11
10 .  .  V  V  V  V  V  V  V  V  V  .   10
 9 .  .  .  V  V  V  V  V  V  V  V  V    9
 8 .  V  V  V  V  V  V  V  V  V  V  V    8
 7 V  V  V  V  V  V  V  V  V  V  V  V    7
 6 V  V  V  V  V  V  V  V  V  V  V  V    6
 5 V  V  V  V  V  V  V  V  V  V  V  V    5
 4 V  V  V  V  V  V  V  V  V  V  V  V    4
 3 V  V  V  V  V  V  V  V  V  V  V  V    3
 2 V  V  V  V  V  V  V  V  V  V  V  V    2
 1 V  V  V  V  V  V  V  V  V  V  V  V    1
 0 V  V  V  V  V  V  V  V  V  V  V  V    0
   0  1  2  3  4  5  6  7  8  9 10 11
Legend: R=Robot, V=Visited, P=Path, .=Unvisited

2025-07-31 20:37:22,843 - INFO - BFS Exploration Step 132: Exploring (9, 10)
2025-07-31 20:37:22,843 - DEBUG - Moving left from (10, 11) to (9, 11)
2025-07-31 20:37:22,938 - DEBUG - Moving down from (9, 11) to (9, 10)
2025-07-31 20:37:23,004 - DEBUG - Sensor readings: {'front': 1304.8640359574892, 'right': 2000.0, 'back': 351.0646347766965, 'left': 2000.0}
2025-07-31 20:37:23,004 - DEBUG - Wall detected down to (9, 9)
2025-07-31 20:37:23,004 - DEBUG - Added 0 new neighbors. Queue size: 3
2025-07-31 20:37:23,004 - DEBUG - 
=== STEP 132 DATA STRUCTURES ===
Current Cell: (9, 10)
explored_cells: [(0, 0), (0, 1), (0, 2), (0, 3), (0, 4), (0, 5), (0, 6), (0, 7), (1, 0), (1, 1), (1, 2), (1, 3), (1, 4), (1, 5), (1, 6), (1, 7), (1, 8), (2, 0), (2, 1), (2, 2), (2, 3), (2, 4), (2, 5), (2, 6), (2, 7), (2, 8), (2, 10), (2, 11), (3, 0), (3, 1), (3, 2), (3, 3), (3, 4), (3, 5), (3, 6), (3, 7), (3, 8), (3, 9), (3, 10), (3, 11), (4, 0), (4, 1), (4, 2), (4, 3), (4, 4), (4, 5), (4, 6), (4, 7), (4, 8), (4, 9), (4, 10), (4, 11), (5, 0), (5, 1), (5, 2), (5, 3), (5, 4), (5, 5), (5, 6), (5, 7), (5, 8), (5, 9), (5, 10), (5, 11), (6, 0), (6, 1), (6, 2), (6, 3), (6, 4), (6, 5), (6, 6), (6, 7), (6, 8), (6, 9), (6, 10), (6, 11), (7, 0), (7, 1), (7, 2), (7, 3), (7, 4), (7, 5), (7, 6), (7, 7), (7, 8), (7, 9), (7, 10), (7, 11), (8, 0), (8, 1), (8, 2), (8, 3), (8, 4), (8, 5), (8, 6), (8, 7), (8, 8), (8, 9), (8, 10), (8, 11), (9, 0), (9, 1), (9, 2), (9, 3), (9, 4), (9, 5), (9, 6), (9, 7), (9, 8), (9, 9), (9, 10), (9, 11), (10, 0), (10, 1), (10, 2), (10, 3), (10, 4), (10, 5), (10, 6), (10, 7), (10, 8), (10, 9), (10, 10), (10, 11), (11, 0), (11, 1), (11, 2), (11, 3), (11, 4), (11, 5), (11, 6), (11, 7), (11, 8), (11, 9), (11, 11)]
accessible_from:
  (0, 0) -> [(0, 1), (1, 0)]
  (0, 1) -> [(0, 0), (1, 1)]
  (0, 2) -> [(0, 3)]
  (0, 3) -> [(0, 2), (0, 4)]
  (0, 4) -> [(0, 3), (0, 5)]
  (0, 5) -> [(0, 4), (0, 6), (1, 5)]
  (0, 6) -> [(0, 5), (0, 7), (1, 6)]
  (0, 7) -> [(0, 6)]
  (1, 0) -> [(0, 0), (1, 1), (2, 0)]
  (1, 1) -> [(0, 1), (1, 0), (2, 1)]
  (1, 2) -> [(1, 3), (2, 2)]
  (1, 3) -> [(1, 2), (2, 3)]
  (1, 4) -> [(1, 5), (2, 4)]
  (1, 5) -> [(0, 5), (1, 4), (2, 5)]
  (1, 6) -> [(0, 6), (1, 7)]
  (1, 7) -> [(1, 6), (2, 7)]
  (1, 8) -> [(2, 8)]
  (2, 0) -> [(1, 0), (3, 0)]
  (2, 1) -> [(1, 1), (2, 2)]
  (2, 2) -> [(1, 2), (2, 1), (3, 2)]
  (2, 3) -> [(1, 3), (2, 4), (3, 3)]
  (2, 4) -> [(1, 4), (2, 3), (3, 4)]
  (2, 5) -> [(1, 5), (2, 6), (3, 5)]
  (2, 6) -> [(2, 5), (3, 6)]
  (2, 7) -> [(1, 7), (2, 8), (3, 7)]
  (2, 8) -> [(1, 8), (2, 7), (3, 8)]
  (2, 10) -> [(2, 11), (3, 10)]
  (2, 11) -> [(2, 10), (3, 11)]
  (3, 0) -> [(2, 0), (4, 0)]
  (3, 1) -> [(3, 2), (4, 1)]
  (3, 2) -> [(2, 2), (3, 1), (4, 2)]
  (3, 3) -> [(2, 3), (3, 4), (4, 3)]
  (3, 4) -> [(2, 4), (3, 3), (4, 4)]
  (3, 5) -> [(2, 5), (3, 6), (4, 5)]
  (3, 6) -> [(2, 6), (3, 5), (4, 6)]
  (3, 7) -> [(2, 7), (3, 8), (4, 7)]
  (3, 8) -> [(2, 8), (3, 7)]
  (3, 9) -> [(3, 10), (4, 9)]
  (3, 10) -> [(2, 10), (3, 9), (3, 11), (4, 10)]
  (3, 11) -> [(2, 11), (3, 10), (4, 11)]
  (4, 0) -> [(3, 0), (5, 0)]
  (4, 1) -> [(3, 1), (4, 2), (5, 1)]
  (4, 2) -> [(3, 2), (4, 1)]
  (4, 3) -> [(3, 3), (4, 4), (5, 3)]
  (4, 4) -> [(3, 4), (4, 3), (5, 4)]
  (4, 5) -> [(3, 5), (4, 6)]
  (4, 6) -> [(3, 6), (4, 5)]
  (4, 7) -> [(3, 7), (4, 8)]
  (4, 8) -> [(4, 7), (5, 8)]
  (4, 9) -> [(3, 9), (4, 10), (5, 9)]
  (4, 10) -> [(3, 10), (4, 9), (4, 11), (5, 10)]
  (4, 11) -> [(3, 11), (4, 10), (5, 11)]
  (5, 0) -> [(4, 0), (5, 1), (6, 0)]
  (5, 1) -> [(4, 1), (5, 0), (5, 2), (6, 1)]
  (5, 2) -> [(5, 1), (6, 2)]
  (5, 3) -> [(4, 3), (5, 4), (6, 3)]
  (5, 4) -> [(4, 4), (5, 3)]
  (5, 5) -> [(5, 6), (6, 5)]
  (5, 6) -> [(5, 5), (6, 6)]
  (5, 7) -> [(5, 8), (6, 7)]
  (5, 8) -> [(4, 8), (5, 7), (6, 8)]
  (5, 9) -> [(4, 9), (5, 10), (6, 9)]
  (5, 10) -> [(4, 10), (5, 9), (5, 11)]
  (5, 11) -> [(4, 11), (5, 10), (6, 11)]
  (6, 0) -> [(5, 0), (6, 1), (7, 0)]
  (6, 1) -> [(5, 1), (6, 0), (7, 1)]
  (6, 2) -> [(5, 2), (7, 2)]
  (6, 3) -> [(5, 3), (6, 4), (7, 3)]
  (6, 4) -> [(6, 3), (6, 5), (7, 4)]
  (6, 5) -> [(5, 5), (6, 4), (6, 6), (7, 5)]
  (6, 6) -> [(5, 6), (6, 5), (7, 6)]
  (6, 7) -> [(5, 7), (6, 8)]
  (6, 8) -> [(5, 8), (6, 7), (7, 8)]
  (6, 9) -> [(5, 9), (6, 10), (7, 9)]
  (6, 10) -> [(6, 9), (6, 11)]
  (6, 11) -> [(5, 11), (6, 10), (7, 11)]
  (7, 0) -> [(6, 0), (7, 1), (8, 0)]
  (7, 1) -> [(6, 1), (7, 0), (8, 1)]
  (7, 2) -> [(6, 2)]
  (7, 3) -> [(6, 3), (7, 4)]
  (7, 4) -> [(6, 4), (7, 3)]
  (7, 5) -> [(6, 5), (7, 6), (8, 5)]
  (7, 6) -> [(6, 6), (7, 5), (7, 7), (8, 6)]
  (7, 7) -> [(7, 6), (7, 8), (8, 7)]
  (7, 8) -> [(6, 8), (7, 7), (7, 9)]
  (7, 9) -> [(6, 9), (7, 8), (8, 9)]
  (7, 10) -> [(7, 11), (8, 10)]
  (7, 11) -> [(6, 11), (7, 10), (8, 11)]
  (8, 0) -> [(7, 0), (8, 1), (9, 0)]
  (8, 1) -> [(7, 1), (8, 0)]
  (8, 2) -> [(9, 2)]
  (8, 3) -> [(8, 4), (9, 3)]
  (8, 4) -> [(8, 3), (9, 4)]
  (8, 5) -> [(7, 5), (9, 5)]
  (8, 6) -> [(7, 6), (8, 7)]
  (8, 7) -> [(7, 7), (8, 6), (8, 8), (9, 7)]
  (8, 8) -> [(8, 7), (8, 9), (9, 8)]
  (8, 9) -> [(7, 9), (8, 8), (9, 9)]
  (8, 10) -> [(7, 10), (8, 11), (9, 10)]
  (8, 11) -> [(7, 11), (8, 10), (9, 11)]
  (9, 0) -> [(8, 0), (9, 1), (10, 0)]
  (9, 1) -> [(9, 0), (10, 1)]
  (9, 2) -> [(8, 2), (9, 3)]
  (9, 3) -> [(8, 3), (9, 2)]
  (9, 4) -> [(8, 4), (9, 5)]
  (9, 5) -> [(8, 5), (9, 4), (10, 5)]
  (9, 6) -> [(9, 7), (10, 6)]
  (9, 7) -> [(8, 7), (9, 6), (9, 8), (10, 7)]
  (9, 8) -> [(8, 8), (9, 7), (9, 9), (10, 8)]
  (9, 9) -> [(8, 9), (9, 8), (10, 9)]
  (9, 10) -> [(8, 10), (9, 11), (10, 10)]
  (9, 11) -> [(8, 11), (9, 10), (10, 11)]
  (10, 0) -> [(9, 0), (10, 1), (11, 0)]
  (10, 1) -> [(9, 1), (10, 0), (11, 1)]
  (10, 2) -> [(10, 3), (11, 2)]
  (10, 3) -> [(10, 2), (11, 3)]
  (10, 4) -> [(10, 5), (11, 4)]
  (10, 5) -> [(9, 5), (10, 4), (11, 5)]
  (10, 6) -> [(9, 6), (10, 7), (11, 6)]
  (10, 7) -> [(9, 7), (10, 6), (10, 8), (11, 7)]
  (10, 8) -> [(9, 8), (10, 7), (10, 9), (11, 8)]
  (10, 9) -> [(9, 9), (10, 8), (11, 9)]
  (10, 10) -> [(9, 10), (10, 11)]
  (10, 11) -> [(9, 11), (10, 10), (11, 11)]
  (11, 0) -> [(10, 0), (11, 1)]
  (11, 1) -> [(10, 1), (11, 0), (11, 2)]
  (11, 2) -> [(10, 2), (11, 1), (11, 3)]
  (11, 3) -> [(10, 3), (11, 2)]
  (11, 4) -> [(10, 4), (11, 5)]
  (11, 5) -> [(10, 5), (11, 4)]
  (11, 6) -> [(10, 6), (11, 7)]
  (11, 7) -> [(10, 7), (11, 6), (11, 8)]
  (11, 8) -> [(10, 8), (11, 7), (11, 9)]
  (11, 9) -> [(10, 9), (11, 8)]
  (11, 11) -> [(10, 11)]
parent_path: {}
exploration_queue: [(2, 11), (11, 11), (10, 10)]

2025-07-31 20:37:23,004 - DEBUG - 
=== VISUAL BOARD - STEP 132 - BFS-EXPLORATION ===
   0  1  2  3  4  5  6  7  8  9 10 11
11 .  .  V  V  V  V  V  V  V  V  V  V   11
10 .  .  V  V  V  V  V  V  V  R  V  .   10
 9 .  .  .  V  V  V  V  V  V  V  V  V    9
 8 .  V  V  V  V  V  V  V  V  V  V  V    8
 7 V  V  V  V  V  V  V  V  V  V  V  V    7
 6 V  V  V  V  V  V  V  V  V  V  V  V    6
 5 V  V  V  V  V  V  V  V  V  V  V  V    5
 4 V  V  V  V  V  V  V  V  V  V  V  V    4
 3 V  V  V  V  V  V  V  V  V  V  V  V    3
 2 V  V  V  V  V  V  V  V  V  V  V  V    2
 1 V  V  V  V  V  V  V  V  V  V  V  V    1
 0 V  V  V  V  V  V  V  V  V  V  V  V    0
   0  1  2  3  4  5  6  7  8  9 10 11
Legend: R=Robot, V=Visited, P=Path, .=Unvisited

2025-07-31 20:37:23,004 - INFO - BFS Exploration Step 133: Exploring (2, 11)
2025-07-31 20:37:23,004 - DEBUG - Moving up from (9, 10) to (9, 11)
2025-07-31 20:37:23,071 - DEBUG - Moving left from (9, 11) to (8, 11)
2025-07-31 20:37:23,167 - DEBUG - Moving left from (8, 11) to (7, 11)
2025-07-31 20:37:23,268 - DEBUG - Moving left from (7, 11) to (6, 11)
2025-07-31 20:37:23,367 - DEBUG - Moving left from (6, 11) to (5, 11)
2025-07-31 20:37:23,464 - DEBUG - Moving left from (5, 11) to (4, 11)
2025-07-31 20:37:23,577 - DEBUG - Moving left from (4, 11) to (3, 11)
2025-07-31 20:37:23,678 - DEBUG - Moving left from (3, 11) to (2, 11)
2025-07-31 20:37:23,789 - DEBUG - Sensor readings: {'front': 317.03933502817915, 'right': 2000.0, 'back': 1339.5734375798695, 'left': 2000.0}
2025-07-31 20:37:23,789 - DEBUG - Added neighbor left: (1, 11)
2025-07-31 20:37:23,789 - DEBUG - Added 1 new neighbors. Queue size: 3
2025-07-31 20:37:23,789 - DEBUG - 
=== STEP 133 DATA STRUCTURES ===
Current Cell: (2, 11)
explored_cells: [(0, 0), (0, 1), (0, 2), (0, 3), (0, 4), (0, 5), (0, 6), (0, 7), (1, 0), (1, 1), (1, 2), (1, 3), (1, 4), (1, 5), (1, 6), (1, 7), (1, 8), (1, 11), (2, 0), (2, 1), (2, 2), (2, 3), (2, 4), (2, 5), (2, 6), (2, 7), (2, 8), (2, 10), (2, 11), (3, 0), (3, 1), (3, 2), (3, 3), (3, 4), (3, 5), (3, 6), (3, 7), (3, 8), (3, 9), (3, 10), (3, 11), (4, 0), (4, 1), (4, 2), (4, 3), (4, 4), (4, 5), (4, 6), (4, 7), (4, 8), (4, 9), (4, 10), (4, 11), (5, 0), (5, 1), (5, 2), (5, 3), (5, 4), (5, 5), (5, 6), (5, 7), (5, 8), (5, 9), (5, 10), (5, 11), (6, 0), (6, 1), (6, 2), (6, 3), (6, 4), (6, 5), (6, 6), (6, 7), (6, 8), (6, 9), (6, 10), (6, 11), (7, 0), (7, 1), (7, 2), (7, 3), (7, 4), (7, 5), (7, 6), (7, 7), (7, 8), (7, 9), (7, 10), (7, 11), (8, 0), (8, 1), (8, 2), (8, 3), (8, 4), (8, 5), (8, 6), (8, 7), (8, 8), (8, 9), (8, 10), (8, 11), (9, 0), (9, 1), (9, 2), (9, 3), (9, 4), (9, 5), (9, 6), (9, 7), (9, 8), (9, 9), (9, 10), (9, 11), (10, 0), (10, 1), (10, 2), (10, 3), (10, 4), (10, 5), (10, 6), (10, 7), (10, 8), (10, 9), (10, 10), (10, 11), (11, 0), (11, 1), (11, 2), (11, 3), (11, 4), (11, 5), (11, 6), (11, 7), (11, 8), (11, 9), (11, 11)]
accessible_from:
  (0, 0) -> [(0, 1), (1, 0)]
  (0, 1) -> [(0, 0), (1, 1)]
  (0, 2) -> [(0, 3)]
  (0, 3) -> [(0, 2), (0, 4)]
  (0, 4) -> [(0, 3), (0, 5)]
  (0, 5) -> [(0, 4), (0, 6), (1, 5)]
  (0, 6) -> [(0, 5), (0, 7), (1, 6)]
  (0, 7) -> [(0, 6)]
  (1, 0) -> [(0, 0), (1, 1), (2, 0)]
  (1, 1) -> [(0, 1), (1, 0), (2, 1)]
  (1, 2) -> [(1, 3), (2, 2)]
  (1, 3) -> [(1, 2), (2, 3)]
  (1, 4) -> [(1, 5), (2, 4)]
  (1, 5) -> [(0, 5), (1, 4), (2, 5)]
  (1, 6) -> [(0, 6), (1, 7)]
  (1, 7) -> [(1, 6), (2, 7)]
  (1, 8) -> [(2, 8)]
  (1, 11) -> [(2, 11)]
  (2, 0) -> [(1, 0), (3, 0)]
  (2, 1) -> [(1, 1), (2, 2)]
  (2, 2) -> [(1, 2), (2, 1), (3, 2)]
  (2, 3) -> [(1, 3), (2, 4), (3, 3)]
  (2, 4) -> [(1, 4), (2, 3), (3, 4)]
  (2, 5) -> [(1, 5), (2, 6), (3, 5)]
  (2, 6) -> [(2, 5), (3, 6)]
  (2, 7) -> [(1, 7), (2, 8), (3, 7)]
  (2, 8) -> [(1, 8), (2, 7), (3, 8)]
  (2, 10) -> [(2, 11), (3, 10)]
  (2, 11) -> [(1, 11), (2, 10), (3, 11)]
  (3, 0) -> [(2, 0), (4, 0)]
  (3, 1) -> [(3, 2), (4, 1)]
  (3, 2) -> [(2, 2), (3, 1), (4, 2)]
  (3, 3) -> [(2, 3), (3, 4), (4, 3)]
  (3, 4) -> [(2, 4), (3, 3), (4, 4)]
  (3, 5) -> [(2, 5), (3, 6), (4, 5)]
  (3, 6) -> [(2, 6), (3, 5), (4, 6)]
  (3, 7) -> [(2, 7), (3, 8), (4, 7)]
  (3, 8) -> [(2, 8), (3, 7)]
  (3, 9) -> [(3, 10), (4, 9)]
  (3, 10) -> [(2, 10), (3, 9), (3, 11), (4, 10)]
  (3, 11) -> [(2, 11), (3, 10), (4, 11)]
  (4, 0) -> [(3, 0), (5, 0)]
  (4, 1) -> [(3, 1), (4, 2), (5, 1)]
  (4, 2) -> [(3, 2), (4, 1)]
  (4, 3) -> [(3, 3), (4, 4), (5, 3)]
  (4, 4) -> [(3, 4), (4, 3), (5, 4)]
  (4, 5) -> [(3, 5), (4, 6)]
  (4, 6) -> [(3, 6), (4, 5)]
  (4, 7) -> [(3, 7), (4, 8)]
  (4, 8) -> [(4, 7), (5, 8)]
  (4, 9) -> [(3, 9), (4, 10), (5, 9)]
  (4, 10) -> [(3, 10), (4, 9), (4, 11), (5, 10)]
  (4, 11) -> [(3, 11), (4, 10), (5, 11)]
  (5, 0) -> [(4, 0), (5, 1), (6, 0)]
  (5, 1) -> [(4, 1), (5, 0), (5, 2), (6, 1)]
  (5, 2) -> [(5, 1), (6, 2)]
  (5, 3) -> [(4, 3), (5, 4), (6, 3)]
  (5, 4) -> [(4, 4), (5, 3)]
  (5, 5) -> [(5, 6), (6, 5)]
  (5, 6) -> [(5, 5), (6, 6)]
  (5, 7) -> [(5, 8), (6, 7)]
  (5, 8) -> [(4, 8), (5, 7), (6, 8)]
  (5, 9) -> [(4, 9), (5, 10), (6, 9)]
  (5, 10) -> [(4, 10), (5, 9), (5, 11)]
  (5, 11) -> [(4, 11), (5, 10), (6, 11)]
  (6, 0) -> [(5, 0), (6, 1), (7, 0)]
  (6, 1) -> [(5, 1), (6, 0), (7, 1)]
  (6, 2) -> [(5, 2), (7, 2)]
  (6, 3) -> [(5, 3), (6, 4), (7, 3)]
  (6, 4) -> [(6, 3), (6, 5), (7, 4)]
  (6, 5) -> [(5, 5), (6, 4), (6, 6), (7, 5)]
  (6, 6) -> [(5, 6), (6, 5), (7, 6)]
  (6, 7) -> [(5, 7), (6, 8)]
  (6, 8) -> [(5, 8), (6, 7), (7, 8)]
  (6, 9) -> [(5, 9), (6, 10), (7, 9)]
  (6, 10) -> [(6, 9), (6, 11)]
  (6, 11) -> [(5, 11), (6, 10), (7, 11)]
  (7, 0) -> [(6, 0), (7, 1), (8, 0)]
  (7, 1) -> [(6, 1), (7, 0), (8, 1)]
  (7, 2) -> [(6, 2)]
  (7, 3) -> [(6, 3), (7, 4)]
  (7, 4) -> [(6, 4), (7, 3)]
  (7, 5) -> [(6, 5), (7, 6), (8, 5)]
  (7, 6) -> [(6, 6), (7, 5), (7, 7), (8, 6)]
  (7, 7) -> [(7, 6), (7, 8), (8, 7)]
  (7, 8) -> [(6, 8), (7, 7), (7, 9)]
  (7, 9) -> [(6, 9), (7, 8), (8, 9)]
  (7, 10) -> [(7, 11), (8, 10)]
  (7, 11) -> [(6, 11), (7, 10), (8, 11)]
  (8, 0) -> [(7, 0), (8, 1), (9, 0)]
  (8, 1) -> [(7, 1), (8, 0)]
  (8, 2) -> [(9, 2)]
  (8, 3) -> [(8, 4), (9, 3)]
  (8, 4) -> [(8, 3), (9, 4)]
  (8, 5) -> [(7, 5), (9, 5)]
  (8, 6) -> [(7, 6), (8, 7)]
  (8, 7) -> [(7, 7), (8, 6), (8, 8), (9, 7)]
  (8, 8) -> [(8, 7), (8, 9), (9, 8)]
  (8, 9) -> [(7, 9), (8, 8), (9, 9)]
  (8, 10) -> [(7, 10), (8, 11), (9, 10)]
  (8, 11) -> [(7, 11), (8, 10), (9, 11)]
  (9, 0) -> [(8, 0), (9, 1), (10, 0)]
  (9, 1) -> [(9, 0), (10, 1)]
  (9, 2) -> [(8, 2), (9, 3)]
  (9, 3) -> [(8, 3), (9, 2)]
  (9, 4) -> [(8, 4), (9, 5)]
  (9, 5) -> [(8, 5), (9, 4), (10, 5)]
  (9, 6) -> [(9, 7), (10, 6)]
  (9, 7) -> [(8, 7), (9, 6), (9, 8), (10, 7)]
  (9, 8) -> [(8, 8), (9, 7), (9, 9), (10, 8)]
  (9, 9) -> [(8, 9), (9, 8), (10, 9)]
  (9, 10) -> [(8, 10), (9, 11), (10, 10)]
  (9, 11) -> [(8, 11), (9, 10), (10, 11)]
  (10, 0) -> [(9, 0), (10, 1), (11, 0)]
  (10, 1) -> [(9, 1), (10, 0), (11, 1)]
  (10, 2) -> [(10, 3), (11, 2)]
  (10, 3) -> [(10, 2), (11, 3)]
  (10, 4) -> [(10, 5), (11, 4)]
  (10, 5) -> [(9, 5), (10, 4), (11, 5)]
  (10, 6) -> [(9, 6), (10, 7), (11, 6)]
  (10, 7) -> [(9, 7), (10, 6), (10, 8), (11, 7)]
  (10, 8) -> [(9, 8), (10, 7), (10, 9), (11, 8)]
  (10, 9) -> [(9, 9), (10, 8), (11, 9)]
  (10, 10) -> [(9, 10), (10, 11)]
  (10, 11) -> [(9, 11), (10, 10), (11, 11)]
  (11, 0) -> [(10, 0), (11, 1)]
  (11, 1) -> [(10, 1), (11, 0), (11, 2)]
  (11, 2) -> [(10, 2), (11, 1), (11, 3)]
  (11, 3) -> [(10, 3), (11, 2)]
  (11, 4) -> [(10, 4), (11, 5)]
  (11, 5) -> [(10, 5), (11, 4)]
  (11, 6) -> [(10, 6), (11, 7)]
  (11, 7) -> [(10, 7), (11, 6), (11, 8)]
  (11, 8) -> [(10, 8), (11, 7), (11, 9)]
  (11, 9) -> [(10, 9), (11, 8)]
  (11, 11) -> [(10, 11)]
parent_path: {}
exploration_queue: [(11, 11), (10, 10), (1, 11)]

2025-07-31 20:37:23,789 - DEBUG - 
=== VISUAL BOARD - STEP 133 - BFS-EXPLORATION ===
   0  1  2  3  4  5  6  7  8  9 10 11
11 .  V  R  V  V  V  V  V  V  V  V  V   11
10 .  .  V  V  V  V  V  V  V  V  V  .   10
 9 .  .  .  V  V  V  V  V  V  V  V  V    9
 8 .  V  V  V  V  V  V  V  V  V  V  V    8
 7 V  V  V  V  V  V  V  V  V  V  V  V    7
 6 V  V  V  V  V  V  V  V  V  V  V  V    6
 5 V  V  V  V  V  V  V  V  V  V  V  V    5
 4 V  V  V  V  V  V  V  V  V  V  V  V    4
 3 V  V  V  V  V  V  V  V  V  V  V  V    3
 2 V  V  V  V  V  V  V  V  V  V  V  V    2
 1 V  V  V  V  V  V  V  V  V  V  V  V    1
 0 V  V  V  V  V  V  V  V  V  V  V  V    0
   0  1  2  3  4  5  6  7  8  9 10 11
Legend: R=Robot, V=Visited, P=Path, .=Unvisited

2025-07-31 20:37:23,789 - INFO - BFS Exploration Step 134: Exploring (11, 11)
2025-07-31 20:37:23,789 - DEBUG - Moving right from (2, 11) to (3, 11)
2025-07-31 20:37:23,899 - DEBUG - Moving right from (3, 11) to (4, 11)
2025-07-31 20:37:24,006 - DEBUG - Moving right from (4, 11) to (5, 11)
2025-07-31 20:37:24,103 - DEBUG - Moving right from (5, 11) to (6, 11)
2025-07-31 20:37:24,199 - DEBUG - Moving right from (6, 11) to (7, 11)
2025-07-31 20:37:24,292 - DEBUG - Moving right from (7, 11) to (8, 11)
2025-07-31 20:37:24,388 - DEBUG - Moving right from (8, 11) to (9, 11)
2025-07-31 20:37:24,486 - DEBUG - Moving right from (9, 11) to (10, 11)
2025-07-31 20:37:24,584 - DEBUG - Moving right from (10, 11) to (11, 11)
2025-07-31 20:37:24,681 - INFO - TARGET FOUND at step 134!
2025-07-31 20:37:24,681 - INFO - BFS Exploration complete. Explored 136 cells.
2025-07-31 20:37:31,855 - DEBUG - 
=== STEP 26 DATA STRUCTURES ===
Current Cell: (11, 11)
explored_cells: [(0, 0), (0, 1), (0, 2), (0, 3), (0, 4), (0, 5), (0, 6), (0, 7), (1, 0), (1, 1), (1, 2), (1, 3), (1, 4), (1, 5), (1, 6), (1, 7), (1, 8), (1, 11), (2, 0), (2, 1), (2, 2), (2, 3), (2, 4), (2, 5), (2, 6), (2, 7), (2, 8), (2, 10), (2, 11), (3, 0), (3, 1), (3, 2), (3, 3), (3, 4), (3, 5), (3, 6), (3, 7), (3, 8), (3, 9), (3, 10), (3, 11), (4, 0), (4, 1), (4, 2), (4, 3), (4, 4), (4, 5), (4, 6), (4, 7), (4, 8), (4, 9), (4, 10), (4, 11), (5, 0), (5, 1), (5, 2), (5, 3), (5, 4), (5, 5), (5, 6), (5, 7), (5, 8), (5, 9), (5, 10), (5, 11), (6, 0), (6, 1), (6, 2), (6, 3), (6, 4), (6, 5), (6, 6), (6, 7), (6, 8), (6, 9), (6, 10), (6, 11), (7, 0), (7, 1), (7, 2), (7, 3), (7, 4), (7, 5), (7, 6), (7, 7), (7, 8), (7, 9), (7, 10), (7, 11), (8, 0), (8, 1), (8, 2), (8, 3), (8, 4), (8, 5), (8, 6), (8, 7), (8, 8), (8, 9), (8, 10), (8, 11), (9, 0), (9, 1), (9, 2), (9, 3), (9, 4), (9, 5), (9, 6), (9, 7), (9, 8), (9, 9), (9, 10), (9, 11), (10, 0), (10, 1), (10, 2), (10, 3), (10, 4), (10, 5), (10, 6), (10, 7), (10, 8), (10, 9), (10, 10), (10, 11), (11, 0), (11, 1), (11, 2), (11, 3), (11, 4), (11, 5), (11, 6), (11, 7), (11, 8), (11, 9), (11, 11)]
accessible_from:
  (0, 0) -> [(0, 1), (1, 0)]
  (0, 1) -> [(0, 0), (1, 1)]
  (0, 2) -> [(0, 3)]
  (0, 3) -> [(0, 2), (0, 4)]
  (0, 4) -> [(0, 3), (0, 5)]
  (0, 5) -> [(0, 4), (0, 6), (1, 5)]
  (0, 6) -> [(0, 5), (0, 7), (1, 6)]
  (0, 7) -> [(0, 6)]
  (1, 0) -> [(0, 0), (1, 1), (2, 0)]
  (1, 1) -> [(0, 1), (1, 0), (2, 1)]
  (1, 2) -> [(1, 3), (2, 2)]
  (1, 3) -> [(1, 2), (2, 3)]
  (1, 4) -> [(1, 5), (2, 4)]
  (1, 5) -> [(0, 5), (1, 4), (2, 5)]
  (1, 6) -> [(0, 6), (1, 7)]
  (1, 7) -> [(1, 6), (2, 7)]
  (1, 8) -> [(2, 8)]
  (1, 11) -> [(2, 11)]
  (2, 0) -> [(1, 0), (3, 0)]
  (2, 1) -> [(1, 1), (2, 2)]
  (2, 2) -> [(1, 2), (2, 1), (3, 2)]
  (2, 3) -> [(1, 3), (2, 4), (3, 3)]
  (2, 4) -> [(1, 4), (2, 3), (3, 4)]
  (2, 5) -> [(1, 5), (2, 6), (3, 5)]
  (2, 6) -> [(2, 5), (3, 6)]
  (2, 7) -> [(1, 7), (2, 8), (3, 7)]
  (2, 8) -> [(1, 8), (2, 7), (3, 8)]
  (2, 10) -> [(2, 11), (3, 10)]
  (2, 11) -> [(1, 11), (2, 10), (3, 11)]
  (3, 0) -> [(2, 0), (4, 0)]
  (3, 1) -> [(3, 2), (4, 1)]
  (3, 2) -> [(2, 2), (3, 1), (4, 2)]
  (3, 3) -> [(2, 3), (3, 4), (4, 3)]
  (3, 4) -> [(2, 4), (3, 3), (4, 4)]
  (3, 5) -> [(2, 5), (3, 6), (4, 5)]
  (3, 6) -> [(2, 6), (3, 5), (4, 6)]
  (3, 7) -> [(2, 7), (3, 8), (4, 7)]
  (3, 8) -> [(2, 8), (3, 7)]
  (3, 9) -> [(3, 10), (4, 9)]
  (3, 10) -> [(2, 10), (3, 9), (3, 11), (4, 10)]
  (3, 11) -> [(2, 11), (3, 10), (4, 11)]
  (4, 0) -> [(3, 0), (5, 0)]
  (4, 1) -> [(3, 1), (4, 2), (5, 1)]
  (4, 2) -> [(3, 2), (4, 1)]
  (4, 3) -> [(3, 3), (4, 4), (5, 3)]
  (4, 4) -> [(3, 4), (4, 3), (5, 4)]
  (4, 5) -> [(3, 5), (4, 6)]
  (4, 6) -> [(3, 6), (4, 5)]
  (4, 7) -> [(3, 7), (4, 8)]
  (4, 8) -> [(4, 7), (5, 8)]
  (4, 9) -> [(3, 9), (4, 10), (5, 9)]
  (4, 10) -> [(3, 10), (4, 9), (4, 11), (5, 10)]
  (4, 11) -> [(3, 11), (4, 10), (5, 11)]
  (5, 0) -> [(4, 0), (5, 1), (6, 0)]
  (5, 1) -> [(4, 1), (5, 0), (5, 2), (6, 1)]
  (5, 2) -> [(5, 1), (6, 2)]
  (5, 3) -> [(4, 3), (5, 4), (6, 3)]
  (5, 4) -> [(4, 4), (5, 3)]
  (5, 5) -> [(5, 6), (6, 5)]
  (5, 6) -> [(5, 5), (6, 6)]
  (5, 7) -> [(5, 8), (6, 7)]
  (5, 8) -> [(4, 8), (5, 7), (6, 8)]
  (5, 9) -> [(4, 9), (5, 10), (6, 9)]
  (5, 10) -> [(4, 10), (5, 9), (5, 11)]
  (5, 11) -> [(4, 11), (5, 10), (6, 11)]
  (6, 0) -> [(5, 0), (6, 1), (7, 0)]
  (6, 1) -> [(5, 1), (6, 0), (7, 1)]
  (6, 2) -> [(5, 2), (7, 2)]
  (6, 3) -> [(5, 3), (6, 4), (7, 3)]
  (6, 4) -> [(6, 3), (6, 5), (7, 4)]
  (6, 5) -> [(5, 5), (6, 4), (6, 6), (7, 5)]
  (6, 6) -> [(5, 6), (6, 5), (7, 6)]
  (6, 7) -> [(5, 7), (6, 8)]
  (6, 8) -> [(5, 8), (6, 7), (7, 8)]
  (6, 9) -> [(5, 9), (6, 10), (7, 9)]
  (6, 10) -> [(6, 9), (6, 11)]
  (6, 11) -> [(5, 11), (6, 10), (7, 11)]
  (7, 0) -> [(6, 0), (7, 1), (8, 0)]
  (7, 1) -> [(6, 1), (7, 0), (8, 1)]
  (7, 2) -> [(6, 2)]
  (7, 3) -> [(6, 3), (7, 4)]
  (7, 4) -> [(6, 4), (7, 3)]
  (7, 5) -> [(6, 5), (7, 6), (8, 5)]
  (7, 6) -> [(6, 6), (7, 5), (7, 7), (8, 6)]
  (7, 7) -> [(7, 6), (7, 8), (8, 7)]
  (7, 8) -> [(6, 8), (7, 7), (7, 9)]
  (7, 9) -> [(6, 9), (7, 8), (8, 9)]
  (7, 10) -> [(7, 11), (8, 10)]
  (7, 11) -> [(6, 11), (7, 10), (8, 11)]
  (8, 0) -> [(7, 0), (8, 1), (9, 0)]
  (8, 1) -> [(7, 1), (8, 0)]
  (8, 2) -> [(9, 2)]
  (8, 3) -> [(8, 4), (9, 3)]
  (8, 4) -> [(8, 3), (9, 4)]
  (8, 5) -> [(7, 5), (9, 5)]
  (8, 6) -> [(7, 6), (8, 7)]
  (8, 7) -> [(7, 7), (8, 6), (8, 8), (9, 7)]
  (8, 8) -> [(8, 7), (8, 9), (9, 8)]
  (8, 9) -> [(7, 9), (8, 8), (9, 9)]
  (8, 10) -> [(7, 10), (8, 11), (9, 10)]
  (8, 11) -> [(7, 11), (8, 10), (9, 11)]
  (9, 0) -> [(8, 0), (9, 1), (10, 0)]
  (9, 1) -> [(9, 0), (10, 1)]
  (9, 2) -> [(8, 2), (9, 3)]
  (9, 3) -> [(8, 3), (9, 2)]
  (9, 4) -> [(8, 4), (9, 5)]
  (9, 5) -> [(8, 5), (9, 4), (10, 5)]
  (9, 6) -> [(9, 7), (10, 6)]
  (9, 7) -> [(8, 7), (9, 6), (9, 8), (10, 7)]
  (9, 8) -> [(8, 8), (9, 7), (9, 9), (10, 8)]
  (9, 9) -> [(8, 9), (9, 8), (10, 9)]
  (9, 10) -> [(8, 10), (9, 11), (10, 10)]
  (9, 11) -> [(8, 11), (9, 10), (10, 11)]
  (10, 0) -> [(9, 0), (10, 1), (11, 0)]
  (10, 1) -> [(9, 1), (10, 0), (11, 1)]
  (10, 2) -> [(10, 3), (11, 2)]
  (10, 3) -> [(10, 2), (11, 3)]
  (10, 4) -> [(10, 5), (11, 4)]
  (10, 5) -> [(9, 5), (10, 4), (11, 5)]
  (10, 6) -> [(9, 6), (10, 7), (11, 6)]
  (10, 7) -> [(9, 7), (10, 6), (10, 8), (11, 7)]
  (10, 8) -> [(9, 8), (10, 7), (10, 9), (11, 8)]
  (10, 9) -> [(9, 9), (10, 8), (11, 9)]
  (10, 10) -> [(9, 10), (10, 11)]
  (10, 11) -> [(9, 11), (10, 10), (11, 11)]
  (11, 0) -> [(10, 0), (11, 1)]
  (11, 1) -> [(10, 1), (11, 0), (11, 2)]
  (11, 2) -> [(10, 2), (11, 1), (11, 3)]
  (11, 3) -> [(10, 3), (11, 2)]
  (11, 4) -> [(10, 4), (11, 5)]
  (11, 5) -> [(10, 5), (11, 4)]
  (11, 6) -> [(10, 6), (11, 7)]
  (11, 7) -> [(10, 7), (11, 6), (11, 8)]
  (11, 8) -> [(10, 8), (11, 7), (11, 9)]
  (11, 9) -> [(10, 9), (11, 8)]
  (11, 11) -> [(10, 11)]
shortest_path: [(0, 0), (1, 0), (1, 1), (2, 1), (2, 2), (1, 2), (1, 3), (2, 3), (3, 3), (4, 3), (5, 3), (6, 3), (6, 4), (6, 5), (6, 6), (7, 6), (7, 7), (7, 8), (7, 9), (6, 9), (6, 10), (6, 11), (7, 11), (8, 11), (9, 11), (10, 11), (11, 11)]
result: {'algorithm': 'BFS', 'exploration_steps': 134, 'final_position': (11, 11), 'path_length': 27, 'shortest_path': [(0, 0), (1, 0), (1, 1), (2, 1), (2, 2), (1, 2), (1, 3), (2, 3), (3, 3), (4, 3), (5, 3), (6, 3), (6, 4), (6, 5), (6, 6), (7, 6), (7, 7), (7, 8), (7, 9), (6, 9), (6, 10), (6, 11), (7, 11), (8, 11), (9, 11), (10, 11), (11, 11)], 'steps': 26, 'success': True, 'visited_count': 136}

2025-07-31 20:37:31,855 - DEBUG - 
=== VISUAL BOARD - STEP 26 - BFS-FINAL ===
   0  1  2  3  4  5  6  7  8  9 10 11
11 .  V  V  V  V  V  V  V  V  V  V  R   11
10 .  .  V  V  V  V  V  V  V  V  V  .   10
 9 .  .  .  V  V  V  V  V  V  V  V  V    9
 8 .  V  V  V  V  V  V  V  V  V  V  V    8
 7 V  V  V  V  V  V  V  V  V  V  V  V    7
 6 V  V  V  V  V  V  V  V  V  V  V  V    6
 5 V  V  V  V  V  V  V  V  V  V  V  V    5
 4 V  V  V  V  V  V  V  V  V  V  V  V    4
 3 V  V  V  V  V  V  V  V  V  V  V  V    3
 2 V  V  V  V  V  V  V  V  V  V  V  V    2
 1 V  V  V  V  V  V  V  V  V  V  V  V    1
 0 V  V  V  V  V  V  V  V  V  V  V  V    0
   0  1  2  3  4  5  6  7  8  9 10 11
Legend: R=Robot, V=Visited, P=Path, .=Unvisited

2025-07-31 20:37:31,855 - INFO - BFS Algorithm Completed: Success=True, Steps=26, Explored=136
